tools/scaninc/scaninc -M build/modern-test/src/AgbRfu_LinkManager.d -I include -I tools/agbcc/include src/AgbRfu_LinkManager.c
tools/scaninc/scaninc -M build/modern-test/src/agb_flash.d -I include -I tools/agbcc/include src/agb_flash.c
tools/scaninc/scaninc -M build/modern-test/src/agb_flash_1m.d -I include -I tools/agbcc/include src/agb_flash_1m.c
tools/scaninc/scaninc -M build/modern-test/src/agb_flash_le.d -I include -I tools/agbcc/include src/agb_flash_le.c
tools/scaninc/scaninc -M build/modern-test/src/agb_flash_mx.d -I include -I tools/agbcc/include src/agb_flash_mx.c
tools/scaninc/scaninc -M build/modern-test/src/apprentice.d -I include -I tools/agbcc/include src/apprentice.c
tools/scaninc/scaninc -M build/modern-test/src/bard_music.d -I include -I tools/agbcc/include src/bard_music.c
tools/scaninc/scaninc -M build/modern-test/src/battle_ai_main.d -I include -I tools/agbcc/include src/battle_ai_main.c
tools/scaninc/scaninc -M build/modern-test/src/battle_ai_switch_items.d -I include -I tools/agbcc/include src/battle_ai_switch_items.c
tools/scaninc/scaninc -M build/modern-test/src/battle_ai_util.d -I include -I tools/agbcc/include src/battle_ai_util.c
tools/scaninc/scaninc -M build/modern-test/src/battle_anim.d -I include -I tools/agbcc/include src/battle_anim.c
tools/scaninc/scaninc -M build/modern-test/src/battle_anim_bug.d -I include -I tools/agbcc/include src/battle_anim_bug.c
tools/scaninc/scaninc -M build/modern-test/src/battle_anim_dark.d -I include -I tools/agbcc/include src/battle_anim_dark.c
tools/scaninc/scaninc -M build/modern-test/src/battle_anim_dragon.d -I include -I tools/agbcc/include src/battle_anim_dragon.c
tools/scaninc/scaninc -M build/modern-test/src/battle_anim_effects_1.d -I include -I tools/agbcc/include src/battle_anim_effects_1.c
tools/scaninc/scaninc -M build/modern-test/src/battle_anim_effects_2.d -I include -I tools/agbcc/include src/battle_anim_effects_2.c
tools/scaninc/scaninc -M build/modern-test/src/battle_anim_effects_3.d -I include -I tools/agbcc/include src/battle_anim_effects_3.c
tools/scaninc/scaninc -M build/modern-test/src/battle_anim_electric.d -I include -I tools/agbcc/include src/battle_anim_electric.c
tools/scaninc/scaninc -M build/modern-test/src/battle_anim_fight.d -I include -I tools/agbcc/include src/battle_anim_fight.c
tools/scaninc/scaninc -M build/modern-test/src/battle_anim_fire.d -I include -I tools/agbcc/include src/battle_anim_fire.c
tools/scaninc/scaninc -M build/modern-test/src/battle_anim_flying.d -I include -I tools/agbcc/include src/battle_anim_flying.c
tools/scaninc/scaninc -M build/modern-test/src/battle_anim_ghost.d -I include -I tools/agbcc/include src/battle_anim_ghost.c
tools/scaninc/scaninc -M build/modern-test/src/battle_anim_ground.d -I include -I tools/agbcc/include src/battle_anim_ground.c
tools/scaninc/scaninc -M build/modern-test/src/battle_anim_ice.d -I include -I tools/agbcc/include src/battle_anim_ice.c
tools/scaninc/scaninc -M build/modern-test/src/battle_anim_mon_movement.d -I include -I tools/agbcc/include src/battle_anim_mon_movement.c
tools/scaninc/scaninc -M build/modern-test/src/battle_anim_mons.d -I include -I tools/agbcc/include src/battle_anim_mons.c
tools/scaninc/scaninc -M build/modern-test/src/battle_anim_new.d -I include -I tools/agbcc/include src/battle_anim_new.c
tools/scaninc/scaninc -M build/modern-test/src/battle_anim_normal.d -I include -I tools/agbcc/include src/battle_anim_normal.c
tools/scaninc/scaninc -M build/modern-test/src/battle_anim_poison.d -I include -I tools/agbcc/include src/battle_anim_poison.c
tools/scaninc/scaninc -M build/modern-test/src/battle_anim_psychic.d -I include -I tools/agbcc/include src/battle_anim_psychic.c
tools/scaninc/scaninc -M build/modern-test/src/battle_anim_rock.d -I include -I tools/agbcc/include src/battle_anim_rock.c
tools/scaninc/scaninc -M build/modern-test/src/battle_anim_smokescreen.d -I include -I tools/agbcc/include src/battle_anim_smokescreen.c
tools/scaninc/scaninc -M build/modern-test/src/battle_anim_sound_tasks.d -I include -I tools/agbcc/include src/battle_anim_sound_tasks.c
tools/scaninc/scaninc -M build/modern-test/src/battle_anim_status_effects.d -I include -I tools/agbcc/include src/battle_anim_status_effects.c
tools/scaninc/scaninc -M build/modern-test/src/battle_anim_throw.d -I include -I tools/agbcc/include src/battle_anim_throw.c
tools/scaninc/scaninc -M build/modern-test/src/battle_anim_utility_funcs.d -I include -I tools/agbcc/include src/battle_anim_utility_funcs.c
tools/scaninc/scaninc -M build/modern-test/src/battle_anim_water.d -I include -I tools/agbcc/include src/battle_anim_water.c
tools/scaninc/scaninc -M build/modern-test/src/battle_arena.d -I include -I tools/agbcc/include src/battle_arena.c
tools/scaninc/scaninc -M build/modern-test/src/battle_bg.d -I include -I tools/agbcc/include src/battle_bg.c
tools/scaninc/scaninc -M build/modern-test/src/battle_controller_link_opponent.d -I include -I tools/agbcc/include src/battle_controller_link_opponent.c
tools/scaninc/scaninc -M build/modern-test/src/battle_controller_link_partner.d -I include -I tools/agbcc/include src/battle_controller_link_partner.c
tools/scaninc/scaninc -M build/modern-test/src/battle_controller_opponent.d -I include -I tools/agbcc/include src/battle_controller_opponent.c
tools/scaninc/scaninc -M build/modern-test/src/battle_controller_player.d -I include -I tools/agbcc/include src/battle_controller_player.c
tools/scaninc/scaninc -M build/modern-test/src/battle_controller_player_partner.d -I include -I tools/agbcc/include src/battle_controller_player_partner.c
tools/scaninc/scaninc -M build/modern-test/src/battle_controller_recorded_opponent.d -I include -I tools/agbcc/include src/battle_controller_recorded_opponent.c
tools/scaninc/scaninc -M build/modern-test/src/battle_controller_recorded_player.d -I include -I tools/agbcc/include src/battle_controller_recorded_player.c
tools/scaninc/scaninc -M build/modern-test/src/battle_controller_safari.d -I include -I tools/agbcc/include src/battle_controller_safari.c
tools/scaninc/scaninc -M build/modern-test/src/battle_controller_wally.d -I include -I tools/agbcc/include src/battle_controller_wally.c
tools/scaninc/scaninc -M build/modern-test/src/battle_controllers.d -I include -I tools/agbcc/include src/battle_controllers.c
tools/scaninc/scaninc -M build/modern-test/src/battle_debug.d -I include -I tools/agbcc/include src/battle_debug.c
tools/scaninc/scaninc -M build/modern-test/src/battle_dome.d -I include -I tools/agbcc/include src/battle_dome.c
tools/scaninc/scaninc -M build/modern-test/src/battle_dynamax.d -I include -I tools/agbcc/include src/battle_dynamax.c
tools/scaninc/scaninc -M build/modern-test/src/battle_factory.d -I include -I tools/agbcc/include src/battle_factory.c
tools/scaninc/scaninc -M build/modern-test/src/battle_factory_screen.d -I include -I tools/agbcc/include src/battle_factory_screen.c
tools/scaninc/scaninc -M build/modern-test/src/battle_gfx_sfx_util.d -I include -I tools/agbcc/include src/battle_gfx_sfx_util.c
tools/scaninc/scaninc -M build/modern-test/src/battle_gimmick.d -I include -I tools/agbcc/include src/battle_gimmick.c
tools/scaninc/scaninc -M build/modern-test/src/battle_interface.d -I include -I tools/agbcc/include src/battle_interface.c
tools/scaninc/scaninc -M build/modern-test/src/battle_intro.d -I include -I tools/agbcc/include src/battle_intro.c
tools/scaninc/scaninc -M build/modern-test/src/battle_main.d -I include -I tools/agbcc/include src/battle_main.c
tools/scaninc/scaninc -M build/modern-test/src/battle_message.d -I include -I tools/agbcc/include src/battle_message.c
tools/scaninc/scaninc -M build/modern-test/src/battle_palace.d -I include -I tools/agbcc/include src/battle_palace.c
tools/scaninc/scaninc -M build/modern-test/src/battle_pike.d -I include -I tools/agbcc/include src/battle_pike.c
tools/scaninc/scaninc -M build/modern-test/src/battle_pyramid.d -I include -I tools/agbcc/include src/battle_pyramid.c
tools/scaninc/scaninc -M build/modern-test/src/battle_pyramid_bag.d -I include -I tools/agbcc/include src/battle_pyramid_bag.c
tools/scaninc/scaninc -M build/modern-test/src/battle_records.d -I include -I tools/agbcc/include src/battle_records.c
tools/scaninc/scaninc -M build/modern-test/src/battle_script_commands.d -I include -I tools/agbcc/include src/battle_script_commands.c
tools/scaninc/scaninc -M build/modern-test/src/battle_setup.d -I include -I tools/agbcc/include src/battle_setup.c
tools/scaninc/scaninc -M build/modern-test/src/battle_tent.d -I include -I tools/agbcc/include src/battle_tent.c
tools/scaninc/scaninc -M build/modern-test/src/battle_terastal.d -I include -I tools/agbcc/include src/battle_terastal.c
tools/scaninc/scaninc -M build/modern-test/src/battle_tower.d -I include -I tools/agbcc/include src/battle_tower.c
tools/scaninc/scaninc -M build/modern-test/src/battle_transition.d -I include -I tools/agbcc/include src/battle_transition.c
tools/scaninc/scaninc -M build/modern-test/src/battle_transition_frontier.d -I include -I tools/agbcc/include src/battle_transition_frontier.c
tools/scaninc/scaninc -M build/modern-test/src/battle_tv.d -I include -I tools/agbcc/include src/battle_tv.c
tools/scaninc/scaninc -M build/modern-test/src/battle_util.d -I include -I tools/agbcc/include src/battle_util.c
tools/scaninc/scaninc -M build/modern-test/src/battle_util2.d -I include -I tools/agbcc/include src/battle_util2.c
tools/scaninc/scaninc -M build/modern-test/src/battle_z_move.d -I include -I tools/agbcc/include src/battle_z_move.c
tools/scaninc/scaninc -M build/modern-test/src/berry.d -I include -I tools/agbcc/include src/berry.c
tools/scaninc/scaninc -M build/modern-test/src/berry_blender.d -I include -I tools/agbcc/include src/berry_blender.c
tools/scaninc/scaninc -M build/modern-test/src/berry_crush.d -I include -I tools/agbcc/include src/berry_crush.c
tools/scaninc/scaninc -M build/modern-test/src/berry_fix_graphics.d -I include -I tools/agbcc/include src/berry_fix_graphics.c
tools/scaninc/scaninc -M build/modern-test/src/berry_fix_program.d -I include -I tools/agbcc/include src/berry_fix_program.c
tools/scaninc/scaninc -M build/modern-test/src/berry_powder.d -I include -I tools/agbcc/include src/berry_powder.c
tools/scaninc/scaninc -M build/modern-test/src/berry_tag_screen.d -I include -I tools/agbcc/include src/berry_tag_screen.c
tools/scaninc/scaninc -M build/modern-test/src/bg.d -I include -I tools/agbcc/include src/bg.c
tools/scaninc/scaninc -M build/modern-test/src/bike.d -I include -I tools/agbcc/include src/bike.c
tools/scaninc/scaninc -M build/modern-test/src/birch_pc.d -I include -I tools/agbcc/include src/birch_pc.c
tools/scaninc/scaninc -M build/modern-test/src/blit.d -I include -I tools/agbcc/include src/blit.c
tools/scaninc/scaninc -M build/modern-test/src/braille.d -I include -I tools/agbcc/include src/braille.c
tools/scaninc/scaninc -M build/modern-test/src/braille_puzzles.d -I include -I tools/agbcc/include src/braille_puzzles.c
tools/scaninc/scaninc -M build/modern-test/src/cable_car.d -I include -I tools/agbcc/include src/cable_car.c
tools/scaninc/scaninc -M build/modern-test/src/cable_club.d -I include -I tools/agbcc/include src/cable_club.c
tools/scaninc/scaninc -M build/modern-test/src/caps.d -I include -I tools/agbcc/include src/caps.c
tools/scaninc/scaninc -M build/modern-test/src/clear_save_data_screen.d -I include -I tools/agbcc/include src/clear_save_data_screen.c
tools/scaninc/scaninc -M build/modern-test/src/clock.d -I include -I tools/agbcc/include src/clock.c
tools/scaninc/scaninc -M build/modern-test/src/coins.d -I include -I tools/agbcc/include src/coins.c
tools/scaninc/scaninc -M build/modern-test/src/confetti_util.d -I include -I tools/agbcc/include src/confetti_util.c
tools/scaninc/scaninc -M build/modern-test/src/contest.d -I include -I tools/agbcc/include src/contest.c
tools/scaninc/scaninc -M build/modern-test/src/contest_ai.d -I include -I tools/agbcc/include src/contest_ai.c
tools/scaninc/scaninc -M build/modern-test/src/contest_effect.d -I include -I tools/agbcc/include src/contest_effect.c
tools/scaninc/scaninc -M build/modern-test/src/contest_link.d -I include -I tools/agbcc/include src/contest_link.c
tools/scaninc/scaninc -M build/modern-test/src/contest_link_util.d -I include -I tools/agbcc/include src/contest_link_util.c
tools/scaninc/scaninc -M build/modern-test/src/contest_painting.d -I include -I tools/agbcc/include src/contest_painting.c
tools/scaninc/scaninc -M build/modern-test/src/contest_util.d -I include -I tools/agbcc/include src/contest_util.c
tools/scaninc/scaninc -M build/modern-test/src/coord_event_weather.d -I include -I tools/agbcc/include src/coord_event_weather.c
tools/scaninc/scaninc -M build/modern-test/src/credits.d -I include -I tools/agbcc/include src/credits.c
tools/scaninc/scaninc -M build/modern-test/src/data.d -I include -I tools/agbcc/include src/data.c
tools/scaninc/scaninc -M build/modern-test/src/daycare.d -I include -I tools/agbcc/include src/daycare.c
tools/scaninc/scaninc -M build/modern-test/src/debug.d -I include -I tools/agbcc/include src/debug.c
tools/scaninc/scaninc -M build/modern-test/src/decompress.d -I include -I tools/agbcc/include src/decompress.c
tools/scaninc/scaninc -M build/modern-test/src/decoration.d -I include -I tools/agbcc/include src/decoration.c
tools/scaninc/scaninc -M build/modern-test/src/decoration_inventory.d -I include -I tools/agbcc/include src/decoration_inventory.c
tools/scaninc/scaninc -M build/modern-test/src/dewford_trend.d -I include -I tools/agbcc/include src/dewford_trend.c
tools/scaninc/scaninc -M build/modern-test/src/digit_obj_util.d -I include -I tools/agbcc/include src/digit_obj_util.c
tools/scaninc/scaninc -M build/modern-test/src/diploma.d -I include -I tools/agbcc/include src/diploma.c
tools/scaninc/scaninc -M build/modern-test/src/dma3_manager.d -I include -I tools/agbcc/include src/dma3_manager.c
tools/scaninc/scaninc -M build/modern-test/src/dodrio_berry_picking.d -I include -I tools/agbcc/include src/dodrio_berry_picking.c
tools/scaninc/scaninc -M build/modern-test/src/dynamic_placeholder_text_util.d -I include -I tools/agbcc/include src/dynamic_placeholder_text_util.c
tools/scaninc/scaninc -M build/modern-test/src/easy_chat.d -I include -I tools/agbcc/include src/easy_chat.c
tools/scaninc/scaninc -M build/modern-test/src/egg_hatch.d -I include -I tools/agbcc/include src/egg_hatch.c
tools/scaninc/scaninc -M build/modern-test/src/ereader_helpers.d -I include -I tools/agbcc/include src/ereader_helpers.c
tools/scaninc/scaninc -M build/modern-test/src/ereader_screen.d -I include -I tools/agbcc/include src/ereader_screen.c
tools/scaninc/scaninc -M build/modern-test/src/event_data.d -I include -I tools/agbcc/include src/event_data.c
tools/scaninc/scaninc -M build/modern-test/src/event_object_lock.d -I include -I tools/agbcc/include src/event_object_lock.c
tools/scaninc/scaninc -M build/modern-test/src/event_object_movement.d -I include -I tools/agbcc/include src/event_object_movement.c
tools/scaninc/scaninc -M build/modern-test/src/evolution_graphics.d -I include -I tools/agbcc/include src/evolution_graphics.c
tools/scaninc/scaninc -M build/modern-test/src/evolution_scene.d -I include -I tools/agbcc/include src/evolution_scene.c
tools/scaninc/scaninc -M build/modern-test/src/expansion_intro.d -I include -I tools/agbcc/include src/expansion_intro.c
tools/scaninc/scaninc -M build/modern-test/src/fake_rtc.d -I include -I tools/agbcc/include src/fake_rtc.c
tools/scaninc/scaninc -M build/modern-test/src/faraway_island.d -I include -I tools/agbcc/include src/faraway_island.c
tools/scaninc/scaninc -M build/modern-test/src/field_camera.d -I include -I tools/agbcc/include src/field_camera.c
tools/scaninc/scaninc -M build/modern-test/src/field_control_avatar.d -I include -I tools/agbcc/include src/field_control_avatar.c
tools/scaninc/scaninc -M build/modern-test/src/field_door.d -I include -I tools/agbcc/include src/field_door.c
tools/scaninc/scaninc -M build/modern-test/src/field_effect.d -I include -I tools/agbcc/include src/field_effect.c
tools/scaninc/scaninc -M build/modern-test/src/field_effect_helpers.d -I include -I tools/agbcc/include src/field_effect_helpers.c
tools/scaninc/scaninc -M build/modern-test/src/field_message_box.d -I include -I tools/agbcc/include src/field_message_box.c
tools/scaninc/scaninc -M build/modern-test/src/field_player_avatar.d -I include -I tools/agbcc/include src/field_player_avatar.c
tools/scaninc/scaninc -M build/modern-test/src/field_poison.d -I include -I tools/agbcc/include src/field_poison.c
tools/scaninc/scaninc -M build/modern-test/src/field_region_map.d -I include -I tools/agbcc/include src/field_region_map.c
tools/scaninc/scaninc -M build/modern-test/src/field_screen_effect.d -I include -I tools/agbcc/include src/field_screen_effect.c
tools/scaninc/scaninc -M build/modern-test/src/field_special_scene.d -I include -I tools/agbcc/include src/field_special_scene.c
tools/scaninc/scaninc -M build/modern-test/src/field_specials.d -I include -I tools/agbcc/include src/field_specials.c
tools/scaninc/scaninc -M build/modern-test/src/field_tasks.d -I include -I tools/agbcc/include src/field_tasks.c
tools/scaninc/scaninc -M build/modern-test/src/field_weather.d -I include -I tools/agbcc/include src/field_weather.c
tools/scaninc/scaninc -M build/modern-test/src/field_weather_effect.d -I include -I tools/agbcc/include src/field_weather_effect.c
tools/scaninc/scaninc -M build/modern-test/src/fieldmap.d -I include -I tools/agbcc/include src/fieldmap.c
tools/scaninc/scaninc -M build/modern-test/src/fldeff_cut.d -I include -I tools/agbcc/include src/fldeff_cut.c
tools/scaninc/scaninc -M build/modern-test/src/fldeff_dig.d -I include -I tools/agbcc/include src/fldeff_dig.c
tools/scaninc/scaninc -M build/modern-test/src/fldeff_escalator.d -I include -I tools/agbcc/include src/fldeff_escalator.c
tools/scaninc/scaninc -M build/modern-test/src/fldeff_flash.d -I include -I tools/agbcc/include src/fldeff_flash.c
tools/scaninc/scaninc -M build/modern-test/src/fldeff_misc.d -I include -I tools/agbcc/include src/fldeff_misc.c
tools/scaninc/scaninc -M build/modern-test/src/fldeff_rocksmash.d -I include -I tools/agbcc/include src/fldeff_rocksmash.c
tools/scaninc/scaninc -M build/modern-test/src/fldeff_softboiled.d -I include -I tools/agbcc/include src/fldeff_softboiled.c
tools/scaninc/scaninc -M build/modern-test/src/fldeff_strength.d -I include -I tools/agbcc/include src/fldeff_strength.c
tools/scaninc/scaninc -M build/modern-test/src/fldeff_sweetscent.d -I include -I tools/agbcc/include src/fldeff_sweetscent.c
tools/scaninc/scaninc -M build/modern-test/src/fldeff_teleport.d -I include -I tools/agbcc/include src/fldeff_teleport.c
tools/scaninc/scaninc -M build/modern-test/src/follower_helper.d -I include -I tools/agbcc/include src/follower_helper.c
tools/scaninc/scaninc -M build/modern-test/src/fonts.d -I include -I tools/agbcc/include src/fonts.c
tools/scaninc/scaninc -M build/modern-test/src/frontier_pass.d -I include -I tools/agbcc/include src/frontier_pass.c
tools/scaninc/scaninc -M build/modern-test/src/frontier_util.d -I include -I tools/agbcc/include src/frontier_util.c
tools/scaninc/scaninc -M build/modern-test/src/gpu_regs.d -I include -I tools/agbcc/include src/gpu_regs.c
tools/scaninc/scaninc -M build/modern-test/src/graphics.d -I include -I tools/agbcc/include src/graphics.c
tools/scaninc/scaninc -M build/modern-test/src/gym_leader_rematch.d -I include -I tools/agbcc/include src/gym_leader_rematch.c
tools/scaninc/scaninc -M build/modern-test/src/hall_of_fame.d -I include -I tools/agbcc/include src/hall_of_fame.c
tools/scaninc/scaninc -M build/modern-test/src/heal_location.d -I include -I tools/agbcc/include src/heal_location.c
tools/scaninc/scaninc -M build/modern-test/src/hof_pc.d -I include -I tools/agbcc/include src/hof_pc.c
tools/scaninc/scaninc -M build/modern-test/src/image_processing_effects.d -I include -I tools/agbcc/include src/image_processing_effects.c
tools/scaninc/scaninc -M build/modern-test/src/international_string_util.d -I include -I tools/agbcc/include src/international_string_util.c
tools/scaninc/scaninc -M build/modern-test/src/intro.d -I include -I tools/agbcc/include src/intro.c
tools/scaninc/scaninc -M build/modern-test/src/intro_credits_graphics.d -I include -I tools/agbcc/include src/intro_credits_graphics.c
tools/scaninc/scaninc -M build/modern-test/src/io_reg.d -I include -I tools/agbcc/include src/io_reg.c
tools/scaninc/scaninc -M build/modern-test/src/item.d -I include -I tools/agbcc/include src/item.c
tools/scaninc/scaninc -M build/modern-test/src/item_ball.d -I include -I tools/agbcc/include src/item_ball.c
tools/scaninc/scaninc -M build/modern-test/src/item_icon.d -I include -I tools/agbcc/include src/item_icon.c
tools/scaninc/scaninc -M build/modern-test/src/item_menu.d -I include -I tools/agbcc/include src/item_menu.c
tools/scaninc/scaninc -M build/modern-test/src/item_menu_icons.d -I include -I tools/agbcc/include src/item_menu_icons.c
tools/scaninc/scaninc -M build/modern-test/src/item_use.d -I include -I tools/agbcc/include src/item_use.c
tools/scaninc/scaninc -M build/modern-test/src/landmark.d -I include -I tools/agbcc/include src/landmark.c
tools/scaninc/scaninc -M build/modern-test/src/libisagbprn.d -I include -I tools/agbcc/include src/libisagbprn.c
tools/scaninc/scaninc -M build/modern-test/src/librfu_intr.d -I include -I tools/agbcc/include src/librfu_intr.c
tools/scaninc/scaninc -M build/modern-test/src/librfu_rfu.d -I include -I tools/agbcc/include src/librfu_rfu.c
tools/scaninc/scaninc -M build/modern-test/src/librfu_sio32id.d -I include -I tools/agbcc/include src/librfu_sio32id.c
tools/scaninc/scaninc -M build/modern-test/src/librfu_stwi.d -I include -I tools/agbcc/include src/librfu_stwi.c
tools/scaninc/scaninc -M build/modern-test/src/lilycove_lady.d -I include -I tools/agbcc/include src/lilycove_lady.c
tools/scaninc/scaninc -M build/modern-test/src/line_break.d -I include -I tools/agbcc/include src/line_break.c
tools/scaninc/scaninc -M build/modern-test/src/link.d -I include -I tools/agbcc/include src/link.c
tools/scaninc/scaninc -M build/modern-test/src/link_rfu_2.d -I include -I tools/agbcc/include src/link_rfu_2.c
tools/scaninc/scaninc -M build/modern-test/src/link_rfu_3.d -I include -I tools/agbcc/include src/link_rfu_3.c
tools/scaninc/scaninc -M build/modern-test/src/list_menu.d -I include -I tools/agbcc/include src/list_menu.c
tools/scaninc/scaninc -M build/modern-test/src/load_save.d -I include -I tools/agbcc/include src/load_save.c
tools/scaninc/scaninc -M build/modern-test/src/lottery_corner.d -I include -I tools/agbcc/include src/lottery_corner.c
tools/scaninc/scaninc -M build/modern-test/src/m4a.d -I include -I tools/agbcc/include src/m4a.c
tools/scaninc/scaninc -M build/modern-test/src/m4a_tables.d -I include -I tools/agbcc/include src/m4a_tables.c
tools/scaninc/scaninc -M build/modern-test/src/mail.d -I include -I tools/agbcc/include src/mail.c
tools/scaninc/scaninc -M build/modern-test/src/mail_data.d -I include -I tools/agbcc/include src/mail_data.c
tools/scaninc/scaninc -M build/modern-test/src/main.d -I include -I tools/agbcc/include src/main.c
tools/scaninc/scaninc -M build/modern-test/src/main_menu.d -I include -I tools/agbcc/include src/main_menu.c
tools/scaninc/scaninc -M build/modern-test/src/malloc.d -I include -I tools/agbcc/include src/malloc.c
tools/scaninc/scaninc -M build/modern-test/src/map_name_popup.d -I include -I tools/agbcc/include src/map_name_popup.c
tools/scaninc/scaninc -M build/modern-test/src/match_call.d -I include -I tools/agbcc/include src/match_call.c
tools/scaninc/scaninc -M build/modern-test/src/math_util.d -I include -I tools/agbcc/include src/math_util.c
tools/scaninc/scaninc -M build/modern-test/src/mauville_old_man.d -I include -I tools/agbcc/include src/mauville_old_man.c
tools/scaninc/scaninc -M build/modern-test/src/menu.d -I include -I tools/agbcc/include src/menu.c
tools/scaninc/scaninc -M build/modern-test/src/menu_helpers.d -I include -I tools/agbcc/include src/menu_helpers.c
tools/scaninc/scaninc -M build/modern-test/src/menu_specialized.d -I include -I tools/agbcc/include src/menu_specialized.c
tools/scaninc/scaninc -M build/modern-test/src/metatile_behavior.d -I include -I tools/agbcc/include src/metatile_behavior.c
tools/scaninc/scaninc -M build/modern-test/src/mini_printf.d -I include -I tools/agbcc/include src/mini_printf.c
tools/scaninc/scaninc -M build/modern-test/src/minigame_countdown.d -I include -I tools/agbcc/include src/minigame_countdown.c
tools/scaninc/scaninc -M build/modern-test/src/mirage_tower.d -I include -I tools/agbcc/include src/mirage_tower.c
tools/scaninc/scaninc -M build/modern-test/src/mon_markings.d -I include -I tools/agbcc/include src/mon_markings.c
tools/scaninc/scaninc -M build/modern-test/src/money.d -I include -I tools/agbcc/include src/money.c
tools/scaninc/scaninc -M build/modern-test/src/move_relearner.d -I include -I tools/agbcc/include src/move_relearner.c
tools/scaninc/scaninc -M build/modern-test/src/multiboot.d -I include -I tools/agbcc/include src/multiboot.c
tools/scaninc/scaninc -M build/modern-test/src/mystery_event_menu.d -I include -I tools/agbcc/include src/mystery_event_menu.c
tools/scaninc/scaninc -M build/modern-test/src/mystery_event_msg.d -I include -I tools/agbcc/include src/mystery_event_msg.c
tools/scaninc/scaninc -M build/modern-test/src/mystery_event_script.d -I include -I tools/agbcc/include src/mystery_event_script.c
tools/scaninc/scaninc -M build/modern-test/src/mystery_gift.d -I include -I tools/agbcc/include src/mystery_gift.c
tools/scaninc/scaninc -M build/modern-test/src/mystery_gift_client.d -I include -I tools/agbcc/include src/mystery_gift_client.c
tools/scaninc/scaninc -M build/modern-test/src/mystery_gift_link.d -I include -I tools/agbcc/include src/mystery_gift_link.c
tools/scaninc/scaninc -M build/modern-test/src/mystery_gift_menu.d -I include -I tools/agbcc/include src/mystery_gift_menu.c
tools/scaninc/scaninc -M build/modern-test/src/mystery_gift_scripts.d -I include -I tools/agbcc/include src/mystery_gift_scripts.c
tools/scaninc/scaninc -M build/modern-test/src/mystery_gift_server.d -I include -I tools/agbcc/include src/mystery_gift_server.c
tools/scaninc/scaninc -M build/modern-test/src/mystery_gift_view.d -I include -I tools/agbcc/include src/mystery_gift_view.c
tools/scaninc/scaninc -M build/modern-test/src/naming_screen.d -I include -I tools/agbcc/include src/naming_screen.c
tools/scaninc/scaninc -M build/modern-test/src/new_game.d -I include -I tools/agbcc/include src/new_game.c
tools/scaninc/scaninc -M build/modern-test/src/option_menu.d -I include -I tools/agbcc/include src/option_menu.c
tools/scaninc/scaninc -M build/modern-test/src/overworld.d -I include -I tools/agbcc/include src/overworld.c
tools/scaninc/scaninc -M build/modern-test/src/palette.d -I include -I tools/agbcc/include src/palette.c
tools/scaninc/scaninc -M build/modern-test/src/palette_util.d -I include -I tools/agbcc/include src/palette_util.c
tools/scaninc/scaninc -M build/modern-test/src/party_menu.d -I include -I tools/agbcc/include src/party_menu.c
tools/scaninc/scaninc -M build/modern-test/src/play_time.d -I include -I tools/agbcc/include src/play_time.c
tools/scaninc/scaninc -M build/modern-test/src/player_pc.d -I include -I tools/agbcc/include src/player_pc.c
tools/scaninc/scaninc -M build/modern-test/src/pokeball.d -I include -I tools/agbcc/include src/pokeball.c
tools/scaninc/scaninc -M build/modern-test/src/pokeblock.d -I include -I tools/agbcc/include src/pokeblock.c
tools/scaninc/scaninc -M build/modern-test/src/pokeblock_feed.d -I include -I tools/agbcc/include src/pokeblock_feed.c
tools/scaninc/scaninc -M build/modern-test/src/pokedex.d -I include -I tools/agbcc/include src/pokedex.c
tools/scaninc/scaninc -M build/modern-test/src/pokedex_area_region_map.d -I include -I tools/agbcc/include src/pokedex_area_region_map.c
tools/scaninc/scaninc -M build/modern-test/src/pokedex_area_screen.d -I include -I tools/agbcc/include src/pokedex_area_screen.c
tools/scaninc/scaninc -M build/modern-test/src/pokedex_cry_screen.d -I include -I tools/agbcc/include src/pokedex_cry_screen.c
tools/scaninc/scaninc -M build/modern-test/src/pokedex_plus_hgss.d -I include -I tools/agbcc/include src/pokedex_plus_hgss.c
tools/scaninc/scaninc -M build/modern-test/src/pokemon.d -I include -I tools/agbcc/include src/pokemon.c
tools/scaninc/scaninc -M build/modern-test/src/pokemon_animation.d -I include -I tools/agbcc/include src/pokemon_animation.c
tools/scaninc/scaninc -M build/modern-test/src/pokemon_icon.d -I include -I tools/agbcc/include src/pokemon_icon.c
tools/scaninc/scaninc -M build/modern-test/src/pokemon_jump.d -I include -I tools/agbcc/include src/pokemon_jump.c
tools/scaninc/scaninc -M build/modern-test/src/pokemon_size_record.d -I include -I tools/agbcc/include src/pokemon_size_record.c
tools/scaninc/scaninc -M build/modern-test/src/pokemon_sprite_visualizer.d -I include -I tools/agbcc/include src/pokemon_sprite_visualizer.c
tools/scaninc/scaninc -M build/modern-test/src/pokemon_storage_system.d -I include -I tools/agbcc/include src/pokemon_storage_system.c
tools/scaninc/scaninc -M build/modern-test/src/pokemon_summary_screen.d -I include -I tools/agbcc/include src/pokemon_summary_screen.c
tools/scaninc/scaninc -M build/modern-test/src/pokenav.d -I include -I tools/agbcc/include src/pokenav.c
tools/scaninc/scaninc -M build/modern-test/src/pokenav_conditions.d -I include -I tools/agbcc/include src/pokenav_conditions.c
tools/scaninc/scaninc -M build/modern-test/src/pokenav_conditions_gfx.d -I include -I tools/agbcc/include src/pokenav_conditions_gfx.c
tools/scaninc/scaninc -M build/modern-test/src/pokenav_conditions_search_results.d -I include -I tools/agbcc/include src/pokenav_conditions_search_results.c
tools/scaninc/scaninc -M build/modern-test/src/pokenav_list.d -I include -I tools/agbcc/include src/pokenav_list.c
tools/scaninc/scaninc -M build/modern-test/src/pokenav_main_menu.d -I include -I tools/agbcc/include src/pokenav_main_menu.c
tools/scaninc/scaninc -M build/modern-test/src/pokenav_match_call_data.d -I include -I tools/agbcc/include src/pokenav_match_call_data.c
tools/scaninc/scaninc -M build/modern-test/src/pokenav_match_call_gfx.d -I include -I tools/agbcc/include src/pokenav_match_call_gfx.c
tools/scaninc/scaninc -M build/modern-test/src/pokenav_match_call_list.d -I include -I tools/agbcc/include src/pokenav_match_call_list.c
tools/scaninc/scaninc -M build/modern-test/src/pokenav_menu_handler.d -I include -I tools/agbcc/include src/pokenav_menu_handler.c
tools/scaninc/scaninc -M build/modern-test/src/pokenav_menu_handler_gfx.d -I include -I tools/agbcc/include src/pokenav_menu_handler_gfx.c
tools/scaninc/scaninc -M build/modern-test/src/pokenav_region_map.d -I include -I tools/agbcc/include src/pokenav_region_map.c
tools/scaninc/scaninc -M build/modern-test/src/pokenav_ribbons_list.d -I include -I tools/agbcc/include src/pokenav_ribbons_list.c
tools/scaninc/scaninc -M build/modern-test/src/pokenav_ribbons_summary.d -I include -I tools/agbcc/include src/pokenav_ribbons_summary.c
tools/scaninc/scaninc -M build/modern-test/src/post_battle_event_funcs.d -I include -I tools/agbcc/include src/post_battle_event_funcs.c
tools/scaninc/scaninc -M build/modern-test/src/random.d -I include -I tools/agbcc/include src/random.c
tools/scaninc/scaninc -M build/modern-test/src/rayquaza_scene.d -I include -I tools/agbcc/include src/rayquaza_scene.c
tools/scaninc/scaninc -M build/modern-test/src/record_mixing.d -I include -I tools/agbcc/include src/record_mixing.c
tools/scaninc/scaninc -M build/modern-test/src/recorded_battle.d -I include -I tools/agbcc/include src/recorded_battle.c
tools/scaninc/scaninc -M build/modern-test/src/region_map.d -I include -I tools/agbcc/include src/region_map.c
tools/scaninc/scaninc -M build/modern-test/src/reload_save.d -I include -I tools/agbcc/include src/reload_save.c
tools/scaninc/scaninc -M build/modern-test/src/reset_rtc_screen.d -I include -I tools/agbcc/include src/reset_rtc_screen.c
tools/scaninc/scaninc -M build/modern-test/src/reshow_battle_screen.d -I include -I tools/agbcc/include src/reshow_battle_screen.c
tools/scaninc/scaninc -M build/modern-test/src/roamer.d -I include -I tools/agbcc/include src/roamer.c
tools/scaninc/scaninc -M build/modern-test/src/rom_header_gf.d -I include -I tools/agbcc/include src/rom_header_gf.c
tools/scaninc/scaninc -M build/modern-test/src/rom_header_rhh.d -I include -I tools/agbcc/include src/rom_header_rhh.c
tools/scaninc/scaninc -M build/modern-test/src/rotating_gate.d -I include -I tools/agbcc/include src/rotating_gate.c
tools/scaninc/scaninc -M build/modern-test/src/rotating_tile_puzzle.d -I include -I tools/agbcc/include src/rotating_tile_puzzle.c
tools/scaninc/scaninc -M build/modern-test/src/roulette.d -I include -I tools/agbcc/include src/roulette.c
tools/scaninc/scaninc -M build/modern-test/src/rtc.d -I include -I tools/agbcc/include src/rtc.c
tools/scaninc/scaninc -M build/modern-test/src/safari_zone.d -I include -I tools/agbcc/include src/safari_zone.c
tools/scaninc/scaninc -M build/modern-test/src/save.d -I include -I tools/agbcc/include src/save.c
tools/scaninc/scaninc -M build/modern-test/src/save_failed_screen.d -I include -I tools/agbcc/include src/save_failed_screen.c
tools/scaninc/scaninc -M build/modern-test/src/save_location.d -I include -I tools/agbcc/include src/save_location.c
tools/scaninc/scaninc -M build/modern-test/src/scanline_effect.d -I include -I tools/agbcc/include src/scanline_effect.c
tools/scaninc/scaninc -M build/modern-test/src/scrcmd.d -I include -I tools/agbcc/include src/scrcmd.c
tools/scaninc/scaninc -M build/modern-test/src/script.d -I include -I tools/agbcc/include src/script.c
tools/scaninc/scaninc -M build/modern-test/src/script_menu.d -I include -I tools/agbcc/include src/script_menu.c
tools/scaninc/scaninc -M build/modern-test/src/script_movement.d -I include -I tools/agbcc/include src/script_movement.c
tools/scaninc/scaninc -M build/modern-test/src/script_pokemon_util.d -I include -I tools/agbcc/include src/script_pokemon_util.c
tools/scaninc/scaninc -M build/modern-test/src/secret_base.d -I include -I tools/agbcc/include src/secret_base.c
tools/scaninc/scaninc -M build/modern-test/src/shop.d -I include -I tools/agbcc/include src/shop.c
tools/scaninc/scaninc -M build/modern-test/src/siirtc.d -I include -I tools/agbcc/include src/siirtc.c
tools/scaninc/scaninc -M build/modern-test/src/slot_machine.d -I include -I tools/agbcc/include src/slot_machine.c
tools/scaninc/scaninc -M build/modern-test/src/sound.d -I include -I tools/agbcc/include src/sound.c
tools/scaninc/scaninc -M build/modern-test/src/sprays.d -I include -I tools/agbcc/include src/sprays.c
tools/scaninc/scaninc -M build/modern-test/src/sprite.d -I include -I tools/agbcc/include src/sprite.c
tools/scaninc/scaninc -M build/modern-test/src/start_menu.d -I include -I tools/agbcc/include src/start_menu.c
tools/scaninc/scaninc -M build/modern-test/src/starter_choose.d -I include -I tools/agbcc/include src/starter_choose.c
tools/scaninc/scaninc -M build/modern-test/src/string_util.d -I include -I tools/agbcc/include src/string_util.c
tools/scaninc/scaninc -M build/modern-test/src/strings.d -I include -I tools/agbcc/include src/strings.c
tools/scaninc/scaninc -M build/modern-test/src/task.d -I include -I tools/agbcc/include src/task.c
tools/scaninc/scaninc -M build/modern-test/src/test_runner_stub.d -I include -I tools/agbcc/include src/test_runner_stub.c
tools/scaninc/scaninc -M build/modern-test/src/text.d -I include -I tools/agbcc/include src/text.c
tools/scaninc/scaninc -M build/modern-test/src/text_input_strings.d -I include -I tools/agbcc/include src/text_input_strings.c
tools/scaninc/scaninc -M build/modern-test/src/text_window.d -I include -I tools/agbcc/include src/text_window.c
tools/scaninc/scaninc -M build/modern-test/src/tileset_anims.d -I include -I tools/agbcc/include src/tileset_anims.c
tools/scaninc/scaninc -M build/modern-test/src/tilesets.d -I include -I tools/agbcc/include src/tilesets.c
tools/scaninc/scaninc -M build/modern-test/src/time_events.d -I include -I tools/agbcc/include src/time_events.c
tools/scaninc/scaninc -M build/modern-test/src/title_screen.d -I include -I tools/agbcc/include src/title_screen.c
tools/scaninc/scaninc -M build/modern-test/src/trade.d -I include -I tools/agbcc/include src/trade.c
tools/scaninc/scaninc -M build/modern-test/src/trader.d -I include -I tools/agbcc/include src/trader.c
tools/scaninc/scaninc -M build/modern-test/src/trainer_card.d -I include -I tools/agbcc/include src/trainer_card.c
tools/scaninc/scaninc -M build/modern-test/src/trainer_hill.d -I include -I tools/agbcc/include src/trainer_hill.c
tools/scaninc/scaninc -M build/modern-test/src/trainer_pokemon_sprites.d -I include -I tools/agbcc/include src/trainer_pokemon_sprites.c
tools/scaninc/scaninc -M build/modern-test/src/trainer_see.d -I include -I tools/agbcc/include src/trainer_see.c
tools/scaninc/scaninc -M build/modern-test/src/trig.d -I include -I tools/agbcc/include src/trig.c
tools/scaninc/scaninc -M build/modern-test/src/tv.d -I include -I tools/agbcc/include src/tv.c
tools/scaninc/scaninc -M build/modern-test/src/type_icons.d -I include -I tools/agbcc/include src/type_icons.c
tools/scaninc/scaninc -M build/modern-test/src/union_room.d -I include -I tools/agbcc/include src/union_room.c
tools/scaninc/scaninc -M build/modern-test/src/union_room_battle.d -I include -I tools/agbcc/include src/union_room_battle.c
tools/scaninc/scaninc -M build/modern-test/src/union_room_chat.d -I include -I tools/agbcc/include src/union_room_chat.c
tools/scaninc/scaninc -M build/modern-test/src/union_room_player_avatar.d -I include -I tools/agbcc/include src/union_room_player_avatar.c
tools/scaninc/scaninc -M build/modern-test/src/use_pokeblock.d -I include -I tools/agbcc/include src/use_pokeblock.c
tools/scaninc/scaninc -M build/modern-test/src/util.d -I include -I tools/agbcc/include src/util.c
tools/scaninc/scaninc -M build/modern-test/src/vs_seeker.d -I include -I tools/agbcc/include src/vs_seeker.c
tools/scaninc/scaninc -M build/modern-test/src/walda_phrase.d -I include -I tools/agbcc/include src/walda_phrase.c
tools/scaninc/scaninc -M build/modern-test/src/wallclock.d -I include -I tools/agbcc/include src/wallclock.c
tools/scaninc/scaninc -M build/modern-test/src/wild_encounter.d -I include -I tools/agbcc/include src/wild_encounter.c
tools/scaninc/scaninc -M build/modern-test/src/window.d -I include -I tools/agbcc/include src/window.c
tools/scaninc/scaninc -M build/modern-test/src/wireless_communication_status_screen.d -I include -I tools/agbcc/include src/wireless_communication_status_screen.c
tools/scaninc/scaninc -M build/modern-test/src/wonder_news.d -I include -I tools/agbcc/include src/wonder_news.c
tools/scaninc/scaninc -M build/modern-test/test/fpmath.d -I include -I tools/agbcc/include test/fpmath.c
tools/scaninc/scaninc -M build/modern-test/test/pokemon.d -I include -I tools/agbcc/include test/pokemon.c
tools/scaninc/scaninc -M build/modern-test/test/random.d -I include -I tools/agbcc/include test/random.c
tools/scaninc/scaninc -M build/modern-test/test/species.d -I include -I tools/agbcc/include test/species.c
tools/scaninc/scaninc -M build/modern-test/test/sprite.d -I include -I tools/agbcc/include test/sprite.c
tools/scaninc/scaninc -M build/modern-test/test/test_runner.d -I include -I tools/agbcc/include test/test_runner.c
tools/scaninc/scaninc -M build/modern-test/test/test_runner_args.d -I include -I tools/agbcc/include test/test_runner_args.c
tools/scaninc/scaninc -M build/modern-test/test/test_runner_battle.d -I include -I tools/agbcc/include test/test_runner_battle.c
tools/scaninc/scaninc -M build/modern-test/test/text.d -I include -I tools/agbcc/include test/text.c
tools/scaninc/scaninc -M build/modern-test/test/battle/battle_message.d -I include -I tools/agbcc/include test/battle/battle_message.c
tools/scaninc/scaninc -M build/modern-test/test/battle/crit_chance.d -I include -I tools/agbcc/include test/battle/crit_chance.c
tools/scaninc/scaninc -M build/modern-test/test/battle/damage_formula.d -I include -I tools/agbcc/include test/battle/damage_formula.c
tools/scaninc/scaninc -M build/modern-test/test/battle/exp.d -I include -I tools/agbcc/include test/battle/exp.c
tools/scaninc/scaninc -M build/modern-test/test/battle/move.d -I include -I tools/agbcc/include test/battle/move.c
tools/scaninc/scaninc -M build/modern-test/test/battle/test_runner_features.d -I include -I tools/agbcc/include test/battle/test_runner_features.c
tools/scaninc/scaninc -M build/modern-test/test/battle/trainer_control.d -I include -I tools/agbcc/include test/battle/trainer_control.c
tools/scaninc/scaninc -M build/modern-test/test/battle/ability/adaptability.d -I include -I tools/agbcc/include test/battle/ability/adaptability.c
tools/scaninc/scaninc -M build/modern-test/test/battle/ability/aerilate.d -I include -I tools/agbcc/include test/battle/ability/aerilate.c
tools/scaninc/scaninc -M build/modern-test/test/battle/ability/aftermath.d -I include -I tools/agbcc/include test/battle/ability/aftermath.c
tools/scaninc/scaninc -M build/modern-test/test/battle/ability/air_lock.d -I include -I tools/agbcc/include test/battle/ability/air_lock.c
tools/scaninc/scaninc -M build/modern-test/test/battle/ability/analytic.d -I include -I tools/agbcc/include test/battle/ability/analytic.c
tools/scaninc/scaninc -M build/modern-test/test/battle/ability/anger_point.d -I include -I tools/agbcc/include test/battle/ability/anger_point.c
tools/scaninc/scaninc -M build/modern-test/test/battle/ability/anger_shell.d -I include -I tools/agbcc/include test/battle/ability/anger_shell.c
tools/scaninc/scaninc -M build/modern-test/test/battle/ability/anticipation.d -I include -I tools/agbcc/include test/battle/ability/anticipation.c
tools/scaninc/scaninc -M build/modern-test/test/battle/ability/arena_trap.d -I include -I tools/agbcc/include test/battle/ability/arena_trap.c
tools/scaninc/scaninc -M build/modern-test/test/battle/ability/armor_tail.d -I include -I tools/agbcc/include test/battle/ability/armor_tail.c
tools/scaninc/scaninc -M build/modern-test/test/battle/ability/aroma_veil.d -I include -I tools/agbcc/include test/battle/ability/aroma_veil.c
tools/scaninc/scaninc -M build/modern-test/test/battle/ability/as_one.d -I include -I tools/agbcc/include test/battle/ability/as_one.c
tools/scaninc/scaninc -M build/modern-test/test/battle/ability/aura_break.d -I include -I tools/agbcc/include test/battle/ability/aura_break.c
tools/scaninc/scaninc -M build/modern-test/test/battle/ability/bad_dreams.d -I include -I tools/agbcc/include test/battle/ability/bad_dreams.c
tools/scaninc/scaninc -M build/modern-test/test/battle/ability/battle_bond.d -I include -I tools/agbcc/include test/battle/ability/battle_bond.c
tools/scaninc/scaninc -M build/modern-test/test/battle/ability/beads_of_ruin.d -I include -I tools/agbcc/include test/battle/ability/beads_of_ruin.c
tools/scaninc/scaninc -M build/modern-test/test/battle/ability/beast_boost.d -I include -I tools/agbcc/include test/battle/ability/beast_boost.c
tools/scaninc/scaninc -M build/modern-test/test/battle/ability/berserk.d -I include -I tools/agbcc/include test/battle/ability/berserk.c
tools/scaninc/scaninc -M build/modern-test/test/battle/ability/blaze.d -I include -I tools/agbcc/include test/battle/ability/blaze.c
tools/scaninc/scaninc -M build/modern-test/test/battle/ability/chilling_neigh.d -I include -I tools/agbcc/include test/battle/ability/chilling_neigh.c
tools/scaninc/scaninc -M build/modern-test/test/battle/ability/chlorophyll.d -I include -I tools/agbcc/include test/battle/ability/chlorophyll.c
tools/scaninc/scaninc -M build/modern-test/test/battle/ability/clear_body.d -I include -I tools/agbcc/include test/battle/ability/clear_body.c
tools/scaninc/scaninc -M build/modern-test/test/battle/ability/cloud_nine.d -I include -I tools/agbcc/include test/battle/ability/cloud_nine.c
tools/scaninc/scaninc -M build/modern-test/test/battle/ability/color_change.d -I include -I tools/agbcc/include test/battle/ability/color_change.c
tools/scaninc/scaninc -M build/modern-test/test/battle/ability/comatose.d -I include -I tools/agbcc/include test/battle/ability/comatose.c
tools/scaninc/scaninc -M build/modern-test/test/battle/ability/commander.d -I include -I tools/agbcc/include test/battle/ability/commander.c
tools/scaninc/scaninc -M build/modern-test/test/battle/ability/compound_eyes.d -I include -I tools/agbcc/include test/battle/ability/compound_eyes.c
tools/scaninc/scaninc -M build/modern-test/test/battle/ability/contrary.d -I include -I tools/agbcc/include test/battle/ability/contrary.c
tools/scaninc/scaninc -M build/modern-test/test/battle/ability/corrosion.d -I include -I tools/agbcc/include test/battle/ability/corrosion.c
tools/scaninc/scaninc -M build/modern-test/test/battle/ability/costar.d -I include -I tools/agbcc/include test/battle/ability/costar.c
tools/scaninc/scaninc -M build/modern-test/test/battle/ability/cotton_down.d -I include -I tools/agbcc/include test/battle/ability/cotton_down.c
tools/scaninc/scaninc -M build/modern-test/test/battle/ability/cud_chew.d -I include -I tools/agbcc/include test/battle/ability/cud_chew.c
tools/scaninc/scaninc -M build/modern-test/test/battle/ability/curious_medicine.d -I include -I tools/agbcc/include test/battle/ability/curious_medicine.c
tools/scaninc/scaninc -M build/modern-test/test/battle/ability/cursed_body.d -I include -I tools/agbcc/include test/battle/ability/cursed_body.c
tools/scaninc/scaninc -M build/modern-test/test/battle/ability/cute_charm.d -I include -I tools/agbcc/include test/battle/ability/cute_charm.c
tools/scaninc/scaninc -M build/modern-test/test/battle/ability/damp.d -I include -I tools/agbcc/include test/battle/ability/damp.c
tools/scaninc/scaninc -M build/modern-test/test/battle/ability/dancer.d -I include -I tools/agbcc/include test/battle/ability/dancer.c
tools/scaninc/scaninc -M build/modern-test/test/battle/ability/dauntless_shield.d -I include -I tools/agbcc/include test/battle/ability/dauntless_shield.c
tools/scaninc/scaninc -M build/modern-test/test/battle/ability/dazzling.d -I include -I tools/agbcc/include test/battle/ability/dazzling.c
tools/scaninc/scaninc -M build/modern-test/test/battle/ability/defeatist.d -I include -I tools/agbcc/include test/battle/ability/defeatist.c
tools/scaninc/scaninc -M build/modern-test/test/battle/ability/defiant.d -I include -I tools/agbcc/include test/battle/ability/defiant.c
tools/scaninc/scaninc -M build/modern-test/test/battle/ability/desolate_land.d -I include -I tools/agbcc/include test/battle/ability/desolate_land.c
tools/scaninc/scaninc -M build/modern-test/test/battle/ability/disguise.d -I include -I tools/agbcc/include test/battle/ability/disguise.c
tools/scaninc/scaninc -M build/modern-test/test/battle/ability/download.d -I include -I tools/agbcc/include test/battle/ability/download.c
tools/scaninc/scaninc -M build/modern-test/test/battle/ability/dragons_maw.d -I include -I tools/agbcc/include test/battle/ability/dragons_maw.c
tools/scaninc/scaninc -M build/modern-test/test/battle/ability/drizzle.d -I include -I tools/agbcc/include test/battle/ability/drizzle.c
tools/scaninc/scaninc -M build/modern-test/test/battle/ability/drought.d -I include -I tools/agbcc/include test/battle/ability/drought.c
tools/scaninc/scaninc -M build/modern-test/test/battle/ability/dry_skin.d -I include -I tools/agbcc/include test/battle/ability/dry_skin.c
tools/scaninc/scaninc -M build/modern-test/test/battle/ability/earth_eater.d -I include -I tools/agbcc/include test/battle/ability/earth_eater.c
tools/scaninc/scaninc -M build/modern-test/test/battle/ability/effect_spore.d -I include -I tools/agbcc/include test/battle/ability/effect_spore.c
tools/scaninc/scaninc -M build/modern-test/test/battle/ability/electromorphosis.d -I include -I tools/agbcc/include test/battle/ability/electromorphosis.c
tools/scaninc/scaninc -M build/modern-test/test/battle/ability/embody_aspect.d -I include -I tools/agbcc/include test/battle/ability/embody_aspect.c
tools/scaninc/scaninc -M build/modern-test/test/battle/ability/emergency_exit.d -I include -I tools/agbcc/include test/battle/ability/emergency_exit.c
tools/scaninc/scaninc -M build/modern-test/test/battle/ability/flame_body.d -I include -I tools/agbcc/include test/battle/ability/flame_body.c
tools/scaninc/scaninc -M build/modern-test/test/battle/ability/flower_gift.d -I include -I tools/agbcc/include test/battle/ability/flower_gift.c
tools/scaninc/scaninc -M build/modern-test/test/battle/ability/fluffy.d -I include -I tools/agbcc/include test/battle/ability/fluffy.c
tools/scaninc/scaninc -M build/modern-test/test/battle/ability/forecast.d -I include -I tools/agbcc/include test/battle/ability/forecast.c
tools/scaninc/scaninc -M build/modern-test/test/battle/ability/frisk.d -I include -I tools/agbcc/include test/battle/ability/frisk.c
tools/scaninc/scaninc -M build/modern-test/test/battle/ability/full_metal_body.d -I include -I tools/agbcc/include test/battle/ability/full_metal_body.c
tools/scaninc/scaninc -M build/modern-test/test/battle/ability/gale_wings.d -I include -I tools/agbcc/include test/battle/ability/gale_wings.c
tools/scaninc/scaninc -M build/modern-test/test/battle/ability/galvanize.d -I include -I tools/agbcc/include test/battle/ability/galvanize.c
tools/scaninc/scaninc -M build/modern-test/test/battle/ability/good_as_gold.d -I include -I tools/agbcc/include test/battle/ability/good_as_gold.c
tools/scaninc/scaninc -M build/modern-test/test/battle/ability/grim_neigh.d -I include -I tools/agbcc/include test/battle/ability/grim_neigh.c
tools/scaninc/scaninc -M build/modern-test/test/battle/ability/guard_dog.d -I include -I tools/agbcc/include test/battle/ability/guard_dog.c
tools/scaninc/scaninc -M build/modern-test/test/battle/ability/gulp_missile.d -I include -I tools/agbcc/include test/battle/ability/gulp_missile.c
tools/scaninc/scaninc -M build/modern-test/test/battle/ability/harvest.d -I include -I tools/agbcc/include test/battle/ability/harvest.c
tools/scaninc/scaninc -M build/modern-test/test/battle/ability/healer.d -I include -I tools/agbcc/include test/battle/ability/healer.c
tools/scaninc/scaninc -M build/modern-test/test/battle/ability/hospitality.d -I include -I tools/agbcc/include test/battle/ability/hospitality.c
tools/scaninc/scaninc -M build/modern-test/test/battle/ability/hunger_switch.d -I include -I tools/agbcc/include test/battle/ability/hunger_switch.c
tools/scaninc/scaninc -M build/modern-test/test/battle/ability/hydration.d -I include -I tools/agbcc/include test/battle/ability/hydration.c
tools/scaninc/scaninc -M build/modern-test/test/battle/ability/hyper_cutter.d -I include -I tools/agbcc/include test/battle/ability/hyper_cutter.c
tools/scaninc/scaninc -M build/modern-test/test/battle/ability/ice_body.d -I include -I tools/agbcc/include test/battle/ability/ice_body.c
tools/scaninc/scaninc -M build/modern-test/test/battle/ability/ice_face.d -I include -I tools/agbcc/include test/battle/ability/ice_face.c
tools/scaninc/scaninc -M build/modern-test/test/battle/ability/ice_scales.d -I include -I tools/agbcc/include test/battle/ability/ice_scales.c
tools/scaninc/scaninc -M build/modern-test/test/battle/ability/illusion.d -I include -I tools/agbcc/include test/battle/ability/illusion.c
tools/scaninc/scaninc -M build/modern-test/test/battle/ability/immunity.d -I include -I tools/agbcc/include test/battle/ability/immunity.c
tools/scaninc/scaninc -M build/modern-test/test/battle/ability/innards_out.d -I include -I tools/agbcc/include test/battle/ability/innards_out.c
tools/scaninc/scaninc -M build/modern-test/test/battle/ability/inner_focus.d -I include -I tools/agbcc/include test/battle/ability/inner_focus.c
tools/scaninc/scaninc -M build/modern-test/test/battle/ability/insomnia.d -I include -I tools/agbcc/include test/battle/ability/insomnia.c
tools/scaninc/scaninc -M build/modern-test/test/battle/ability/intimidate.d -I include -I tools/agbcc/include test/battle/ability/intimidate.c
tools/scaninc/scaninc -M build/modern-test/test/battle/ability/intrepid_sword.d -I include -I tools/agbcc/include test/battle/ability/intrepid_sword.c
tools/scaninc/scaninc -M build/modern-test/test/battle/ability/keen_eye.d -I include -I tools/agbcc/include test/battle/ability/keen_eye.c
tools/scaninc/scaninc -M build/modern-test/test/battle/ability/leaf_guard.d -I include -I tools/agbcc/include test/battle/ability/leaf_guard.c
tools/scaninc/scaninc -M build/modern-test/test/battle/ability/lightning_rod.d -I include -I tools/agbcc/include test/battle/ability/lightning_rod.c
tools/scaninc/scaninc -M build/modern-test/test/battle/ability/limber.d -I include -I tools/agbcc/include test/battle/ability/limber.c
tools/scaninc/scaninc -M build/modern-test/test/battle/ability/lingering_aroma.d -I include -I tools/agbcc/include test/battle/ability/lingering_aroma.c
tools/scaninc/scaninc -M build/modern-test/test/battle/ability/magic_bounce.d -I include -I tools/agbcc/include test/battle/ability/magic_bounce.c
tools/scaninc/scaninc -M build/modern-test/test/battle/ability/magic_guard.d -I include -I tools/agbcc/include test/battle/ability/magic_guard.c
tools/scaninc/scaninc -M build/modern-test/test/battle/ability/magician.d -I include -I tools/agbcc/include test/battle/ability/magician.c
tools/scaninc/scaninc -M build/modern-test/test/battle/ability/minds_eye.d -I include -I tools/agbcc/include test/battle/ability/minds_eye.c
tools/scaninc/scaninc -M build/modern-test/test/battle/ability/mirror_armor.d -I include -I tools/agbcc/include test/battle/ability/mirror_armor.c
tools/scaninc/scaninc -M build/modern-test/test/battle/ability/moxie.d -I include -I tools/agbcc/include test/battle/ability/moxie.c
tools/scaninc/scaninc -M build/modern-test/test/battle/ability/mummy.d -I include -I tools/agbcc/include test/battle/ability/mummy.c
tools/scaninc/scaninc -M build/modern-test/test/battle/ability/mycelium_might.d -I include -I tools/agbcc/include test/battle/ability/mycelium_might.c
tools/scaninc/scaninc -M build/modern-test/test/battle/ability/neuroforce.d -I include -I tools/agbcc/include test/battle/ability/neuroforce.c
tools/scaninc/scaninc -M build/modern-test/test/battle/ability/normalize.d -I include -I tools/agbcc/include test/battle/ability/normalize.c
tools/scaninc/scaninc -M build/modern-test/test/battle/ability/oblivious.d -I include -I tools/agbcc/include test/battle/ability/oblivious.c
tools/scaninc/scaninc -M build/modern-test/test/battle/ability/opportunist.d -I include -I tools/agbcc/include test/battle/ability/opportunist.c
tools/scaninc/scaninc -M build/modern-test/test/battle/ability/orichalcum_pulse.d -I include -I tools/agbcc/include test/battle/ability/orichalcum_pulse.c
tools/scaninc/scaninc -M build/modern-test/test/battle/ability/overcoat.d -I include -I tools/agbcc/include test/battle/ability/overcoat.c
tools/scaninc/scaninc -M build/modern-test/test/battle/ability/overgrow.d -I include -I tools/agbcc/include test/battle/ability/overgrow.c
tools/scaninc/scaninc -M build/modern-test/test/battle/ability/own_tempo.d -I include -I tools/agbcc/include test/battle/ability/own_tempo.c
tools/scaninc/scaninc -M build/modern-test/test/battle/ability/parental_bond.d -I include -I tools/agbcc/include test/battle/ability/parental_bond.c
tools/scaninc/scaninc -M build/modern-test/test/battle/ability/pastel_veil.d -I include -I tools/agbcc/include test/battle/ability/pastel_veil.c
tools/scaninc/scaninc -M build/modern-test/test/battle/ability/pickup.d -I include -I tools/agbcc/include test/battle/ability/pickup.c
tools/scaninc/scaninc -M build/modern-test/test/battle/ability/pixilate.d -I include -I tools/agbcc/include test/battle/ability/pixilate.c
tools/scaninc/scaninc -M build/modern-test/test/battle/ability/poison_heal.d -I include -I tools/agbcc/include test/battle/ability/poison_heal.c
tools/scaninc/scaninc -M build/modern-test/test/battle/ability/poison_point.d -I include -I tools/agbcc/include test/battle/ability/poison_point.c
tools/scaninc/scaninc -M build/modern-test/test/battle/ability/poison_puppeteer.d -I include -I tools/agbcc/include test/battle/ability/poison_puppeteer.c
tools/scaninc/scaninc -M build/modern-test/test/battle/ability/poison_touch.d -I include -I tools/agbcc/include test/battle/ability/poison_touch.c
tools/scaninc/scaninc -M build/modern-test/test/battle/ability/prankster.d -I include -I tools/agbcc/include test/battle/ability/prankster.c
tools/scaninc/scaninc -M build/modern-test/test/battle/ability/pressure.d -I include -I tools/agbcc/include test/battle/ability/pressure.c
tools/scaninc/scaninc -M build/modern-test/test/battle/ability/primordial_sea.d -I include -I tools/agbcc/include test/battle/ability/primordial_sea.c
tools/scaninc/scaninc -M build/modern-test/test/battle/ability/protean.d -I include -I tools/agbcc/include test/battle/ability/protean.c
tools/scaninc/scaninc -M build/modern-test/test/battle/ability/protosynthesis.d -I include -I tools/agbcc/include test/battle/ability/protosynthesis.c
tools/scaninc/scaninc -M build/modern-test/test/battle/ability/purifying_salt.d -I include -I tools/agbcc/include test/battle/ability/purifying_salt.c
tools/scaninc/scaninc -M build/modern-test/test/battle/ability/quark_drive.d -I include -I tools/agbcc/include test/battle/ability/quark_drive.c
tools/scaninc/scaninc -M build/modern-test/test/battle/ability/queenly_majesty.d -I include -I tools/agbcc/include test/battle/ability/queenly_majesty.c
tools/scaninc/scaninc -M build/modern-test/test/battle/ability/quick_draw.d -I include -I tools/agbcc/include test/battle/ability/quick_draw.c
tools/scaninc/scaninc -M build/modern-test/test/battle/ability/rain_dish.d -I include -I tools/agbcc/include test/battle/ability/rain_dish.c
tools/scaninc/scaninc -M build/modern-test/test/battle/ability/rattled.d -I include -I tools/agbcc/include test/battle/ability/rattled.c
tools/scaninc/scaninc -M build/modern-test/test/battle/ability/refrigerate.d -I include -I tools/agbcc/include test/battle/ability/refrigerate.c
tools/scaninc/scaninc -M build/modern-test/test/battle/ability/rivalry.d -I include -I tools/agbcc/include test/battle/ability/rivalry.c
tools/scaninc/scaninc -M build/modern-test/test/battle/ability/rocky_payload.d -I include -I tools/agbcc/include test/battle/ability/rocky_payload.c
tools/scaninc/scaninc -M build/modern-test/test/battle/ability/sand_force.d -I include -I tools/agbcc/include test/battle/ability/sand_force.c
tools/scaninc/scaninc -M build/modern-test/test/battle/ability/sand_rush.d -I include -I tools/agbcc/include test/battle/ability/sand_rush.c
tools/scaninc/scaninc -M build/modern-test/test/battle/ability/sand_veil.d -I include -I tools/agbcc/include test/battle/ability/sand_veil.c
tools/scaninc/scaninc -M build/modern-test/test/battle/ability/sap_sipper.d -I include -I tools/agbcc/include test/battle/ability/sap_sipper.c
tools/scaninc/scaninc -M build/modern-test/test/battle/ability/schooling.d -I include -I tools/agbcc/include test/battle/ability/schooling.c
tools/scaninc/scaninc -M build/modern-test/test/battle/ability/scrappy.d -I include -I tools/agbcc/include test/battle/ability/scrappy.c
tools/scaninc/scaninc -M build/modern-test/test/battle/ability/seed_sower.d -I include -I tools/agbcc/include test/battle/ability/seed_sower.c
tools/scaninc/scaninc -M build/modern-test/test/battle/ability/sharpness.d -I include -I tools/agbcc/include test/battle/ability/sharpness.c
tools/scaninc/scaninc -M build/modern-test/test/battle/ability/shed_skin.d -I include -I tools/agbcc/include test/battle/ability/shed_skin.c
tools/scaninc/scaninc -M build/modern-test/test/battle/ability/sheer_force.d -I include -I tools/agbcc/include test/battle/ability/sheer_force.c
tools/scaninc/scaninc -M build/modern-test/test/battle/ability/shield_dust.d -I include -I tools/agbcc/include test/battle/ability/shield_dust.c
tools/scaninc/scaninc -M build/modern-test/test/battle/ability/shields_down.d -I include -I tools/agbcc/include test/battle/ability/shields_down.c
tools/scaninc/scaninc -M build/modern-test/test/battle/ability/slush_rush.d -I include -I tools/agbcc/include test/battle/ability/slush_rush.c
tools/scaninc/scaninc -M build/modern-test/test/battle/ability/snow_cloak.d -I include -I tools/agbcc/include test/battle/ability/snow_cloak.c
tools/scaninc/scaninc -M build/modern-test/test/battle/ability/snow_warning.d -I include -I tools/agbcc/include test/battle/ability/snow_warning.c
tools/scaninc/scaninc -M build/modern-test/test/battle/ability/solar_power.d -I include -I tools/agbcc/include test/battle/ability/solar_power.c
tools/scaninc/scaninc -M build/modern-test/test/battle/ability/speed_boost.d -I include -I tools/agbcc/include test/battle/ability/speed_boost.c
tools/scaninc/scaninc -M build/modern-test/test/battle/ability/stalwart.d -I include -I tools/agbcc/include test/battle/ability/stalwart.c
tools/scaninc/scaninc -M build/modern-test/test/battle/ability/stamina.d -I include -I tools/agbcc/include test/battle/ability/stamina.c
tools/scaninc/scaninc -M build/modern-test/test/battle/ability/stance_change.d -I include -I tools/agbcc/include test/battle/ability/stance_change.c
tools/scaninc/scaninc -M build/modern-test/test/battle/ability/static.d -I include -I tools/agbcc/include test/battle/ability/static.c
tools/scaninc/scaninc -M build/modern-test/test/battle/ability/steam_engine.d -I include -I tools/agbcc/include test/battle/ability/steam_engine.c
tools/scaninc/scaninc -M build/modern-test/test/battle/ability/steelworker.d -I include -I tools/agbcc/include test/battle/ability/steelworker.c
tools/scaninc/scaninc -M build/modern-test/test/battle/ability/stench.d -I include -I tools/agbcc/include test/battle/ability/stench.c
tools/scaninc/scaninc -M build/modern-test/test/battle/ability/sticky_hold.d -I include -I tools/agbcc/include test/battle/ability/sticky_hold.c
tools/scaninc/scaninc -M build/modern-test/test/battle/ability/storm_drain.d -I include -I tools/agbcc/include test/battle/ability/storm_drain.c
tools/scaninc/scaninc -M build/modern-test/test/battle/ability/sturdy.d -I include -I tools/agbcc/include test/battle/ability/sturdy.c
tools/scaninc/scaninc -M build/modern-test/test/battle/ability/supersweet_syrup.d -I include -I tools/agbcc/include test/battle/ability/supersweet_syrup.c
tools/scaninc/scaninc -M build/modern-test/test/battle/ability/supreme_overlord.d -I include -I tools/agbcc/include test/battle/ability/supreme_overlord.c
tools/scaninc/scaninc -M build/modern-test/test/battle/ability/swarm.d -I include -I tools/agbcc/include test/battle/ability/swarm.c
tools/scaninc/scaninc -M build/modern-test/test/battle/ability/swift_swim.d -I include -I tools/agbcc/include test/battle/ability/swift_swim.c
tools/scaninc/scaninc -M build/modern-test/test/battle/ability/switch_in_abilities.d -I include -I tools/agbcc/include test/battle/ability/switch_in_abilities.c
tools/scaninc/scaninc -M build/modern-test/test/battle/ability/sword_of_ruin.d -I include -I tools/agbcc/include test/battle/ability/sword_of_ruin.c
tools/scaninc/scaninc -M build/modern-test/test/battle/ability/tablets_of_ruin.d -I include -I tools/agbcc/include test/battle/ability/tablets_of_ruin.c
tools/scaninc/scaninc -M build/modern-test/test/battle/ability/tangling_hair.d -I include -I tools/agbcc/include test/battle/ability/tangling_hair.c
tools/scaninc/scaninc -M build/modern-test/test/battle/ability/tera_shell.d -I include -I tools/agbcc/include test/battle/ability/tera_shell.c
tools/scaninc/scaninc -M build/modern-test/test/battle/ability/tera_shift.d -I include -I tools/agbcc/include test/battle/ability/tera_shift.c
tools/scaninc/scaninc -M build/modern-test/test/battle/ability/teraform_zero.d -I include -I tools/agbcc/include test/battle/ability/teraform_zero.c
tools/scaninc/scaninc -M build/modern-test/test/battle/ability/torrent.d -I include -I tools/agbcc/include test/battle/ability/torrent.c
tools/scaninc/scaninc -M build/modern-test/test/battle/ability/toxic_chain.d -I include -I tools/agbcc/include test/battle/ability/toxic_chain.c
tools/scaninc/scaninc -M build/modern-test/test/battle/ability/toxic_debris.d -I include -I tools/agbcc/include test/battle/ability/toxic_debris.c
tools/scaninc/scaninc -M build/modern-test/test/battle/ability/trace.d -I include -I tools/agbcc/include test/battle/ability/trace.c
tools/scaninc/scaninc -M build/modern-test/test/battle/ability/transistor.d -I include -I tools/agbcc/include test/battle/ability/transistor.c
tools/scaninc/scaninc -M build/modern-test/test/battle/ability/unnerve.d -I include -I tools/agbcc/include test/battle/ability/unnerve.c
tools/scaninc/scaninc -M build/modern-test/test/battle/ability/vessel_of_ruin.d -I include -I tools/agbcc/include test/battle/ability/vessel_of_ruin.c
tools/scaninc/scaninc -M build/modern-test/test/battle/ability/volt_absorb.d -I include -I tools/agbcc/include test/battle/ability/volt_absorb.c
tools/scaninc/scaninc -M build/modern-test/test/battle/ability/water_absorb.d -I include -I tools/agbcc/include test/battle/ability/water_absorb.c
tools/scaninc/scaninc -M build/modern-test/test/battle/ability/weak_armor.d -I include -I tools/agbcc/include test/battle/ability/weak_armor.c
tools/scaninc/scaninc -M build/modern-test/test/battle/ability/white_smoke.d -I include -I tools/agbcc/include test/battle/ability/white_smoke.c
tools/scaninc/scaninc -M build/modern-test/test/battle/ability/wind_power.d -I include -I tools/agbcc/include test/battle/ability/wind_power.c
tools/scaninc/scaninc -M build/modern-test/test/battle/ability/wind_rider.d -I include -I tools/agbcc/include test/battle/ability/wind_rider.c
tools/scaninc/scaninc -M build/modern-test/test/battle/ability/zen_mode.d -I include -I tools/agbcc/include test/battle/ability/zen_mode.c
tools/scaninc/scaninc -M build/modern-test/test/battle/ability/zero_to_hero.d -I include -I tools/agbcc/include test/battle/ability/zero_to_hero.c
tools/scaninc/scaninc -M build/modern-test/test/battle/ai/ai.d -I include -I tools/agbcc/include test/battle/ai/ai.c
tools/scaninc/scaninc -M build/modern-test/test/battle/ai/ai_calc_best_move_score.d -I include -I tools/agbcc/include test/battle/ai/ai_calc_best_move_score.c
tools/scaninc/scaninc -M build/modern-test/test/battle/ai/ai_check_viability.d -I include -I tools/agbcc/include test/battle/ai/ai_check_viability.c
tools/scaninc/scaninc -M build/modern-test/test/battle/ai/ai_choice.d -I include -I tools/agbcc/include test/battle/ai/ai_choice.c
tools/scaninc/scaninc -M build/modern-test/test/battle/ai/ai_double_ace.d -I include -I tools/agbcc/include test/battle/ai/ai_double_ace.c
tools/scaninc/scaninc -M build/modern-test/test/battle/ai/ai_flag_risky.d -I include -I tools/agbcc/include test/battle/ai/ai_flag_risky.c
tools/scaninc/scaninc -M build/modern-test/test/battle/ai/ai_flag_sequence_switching.d -I include -I tools/agbcc/include test/battle/ai/ai_flag_sequence_switching.c
tools/scaninc/scaninc -M build/modern-test/test/battle/ai/ai_powerful_status.d -I include -I tools/agbcc/include test/battle/ai/ai_powerful_status.c
tools/scaninc/scaninc -M build/modern-test/test/battle/ai/ai_switching.d -I include -I tools/agbcc/include test/battle/ai/ai_switching.c
tools/scaninc/scaninc -M build/modern-test/test/battle/ai/ai_trytofaint.d -I include -I tools/agbcc/include test/battle/ai/ai_trytofaint.c
tools/scaninc/scaninc -M build/modern-test/test/battle/form_change/battle_switch.d -I include -I tools/agbcc/include test/battle/form_change/battle_switch.c
tools/scaninc/scaninc -M build/modern-test/test/battle/form_change/begin_battle.d -I include -I tools/agbcc/include test/battle/form_change/begin_battle.c
tools/scaninc/scaninc -M build/modern-test/test/battle/form_change/faint.d -I include -I tools/agbcc/include test/battle/form_change/faint.c
tools/scaninc/scaninc -M build/modern-test/test/battle/form_change/mega_evolution.d -I include -I tools/agbcc/include test/battle/form_change/mega_evolution.c
tools/scaninc/scaninc -M build/modern-test/test/battle/form_change/primal_reversion.d -I include -I tools/agbcc/include test/battle/form_change/primal_reversion.c
tools/scaninc/scaninc -M build/modern-test/test/battle/form_change/status.d -I include -I tools/agbcc/include test/battle/form_change/status.c
tools/scaninc/scaninc -M build/modern-test/test/battle/form_change/ultra_burst.d -I include -I tools/agbcc/include test/battle/form_change/ultra_burst.c
tools/scaninc/scaninc -M build/modern-test/test/battle/gimmick/dynamax.d -I include -I tools/agbcc/include test/battle/gimmick/dynamax.c
tools/scaninc/scaninc -M build/modern-test/test/battle/gimmick/terastal.d -I include -I tools/agbcc/include test/battle/gimmick/terastal.c
tools/scaninc/scaninc -M build/modern-test/test/battle/gimmick/zmove.d -I include -I tools/agbcc/include test/battle/gimmick/zmove.c
tools/scaninc/scaninc -M build/modern-test/test/battle/hold_effect/ability_shield.d -I include -I tools/agbcc/include test/battle/hold_effect/ability_shield.c
tools/scaninc/scaninc -M build/modern-test/test/battle/hold_effect/air_balloon.d -I include -I tools/agbcc/include test/battle/hold_effect/air_balloon.c
tools/scaninc/scaninc -M build/modern-test/test/battle/hold_effect/attack_up.d -I include -I tools/agbcc/include test/battle/hold_effect/attack_up.c
tools/scaninc/scaninc -M build/modern-test/test/battle/hold_effect/berserk_gene.d -I include -I tools/agbcc/include test/battle/hold_effect/berserk_gene.c
tools/scaninc/scaninc -M build/modern-test/test/battle/hold_effect/blunder_policy.d -I include -I tools/agbcc/include test/battle/hold_effect/blunder_policy.c
tools/scaninc/scaninc -M build/modern-test/test/battle/hold_effect/booster_energy.d -I include -I tools/agbcc/include test/battle/hold_effect/booster_energy.c
tools/scaninc/scaninc -M build/modern-test/test/battle/hold_effect/clear_amulet.d -I include -I tools/agbcc/include test/battle/hold_effect/clear_amulet.c
tools/scaninc/scaninc -M build/modern-test/test/battle/hold_effect/covert_cloak.d -I include -I tools/agbcc/include test/battle/hold_effect/covert_cloak.c
tools/scaninc/scaninc -M build/modern-test/test/battle/hold_effect/critical_hit_up.d -I include -I tools/agbcc/include test/battle/hold_effect/critical_hit_up.c
tools/scaninc/scaninc -M build/modern-test/test/battle/hold_effect/cure_status.d -I include -I tools/agbcc/include test/battle/hold_effect/cure_status.c
tools/scaninc/scaninc -M build/modern-test/test/battle/hold_effect/custap_berry.d -I include -I tools/agbcc/include test/battle/hold_effect/custap_berry.c
tools/scaninc/scaninc -M build/modern-test/test/battle/hold_effect/defense_up.d -I include -I tools/agbcc/include test/battle/hold_effect/defense_up.c
tools/scaninc/scaninc -M build/modern-test/test/battle/hold_effect/eject_button.d -I include -I tools/agbcc/include test/battle/hold_effect/eject_button.c
tools/scaninc/scaninc -M build/modern-test/test/battle/hold_effect/eject_pack.d -I include -I tools/agbcc/include test/battle/hold_effect/eject_pack.c
tools/scaninc/scaninc -M build/modern-test/test/battle/hold_effect/enigma_berry.d -I include -I tools/agbcc/include test/battle/hold_effect/enigma_berry.c
tools/scaninc/scaninc -M build/modern-test/test/battle/hold_effect/gems.d -I include -I tools/agbcc/include test/battle/hold_effect/gems.c
tools/scaninc/scaninc -M build/modern-test/test/battle/hold_effect/jaboca_berry.d -I include -I tools/agbcc/include test/battle/hold_effect/jaboca_berry.c
tools/scaninc/scaninc -M build/modern-test/test/battle/hold_effect/kee_berry.d -I include -I tools/agbcc/include test/battle/hold_effect/kee_berry.c
tools/scaninc/scaninc -M build/modern-test/test/battle/hold_effect/leftovers.d -I include -I tools/agbcc/include test/battle/hold_effect/leftovers.c
tools/scaninc/scaninc -M build/modern-test/test/battle/hold_effect/maranga_berry.d -I include -I tools/agbcc/include test/battle/hold_effect/maranga_berry.c
tools/scaninc/scaninc -M build/modern-test/test/battle/hold_effect/metronome.d -I include -I tools/agbcc/include test/battle/hold_effect/metronome.c
tools/scaninc/scaninc -M build/modern-test/test/battle/hold_effect/micle_berry.d -I include -I tools/agbcc/include test/battle/hold_effect/micle_berry.c
tools/scaninc/scaninc -M build/modern-test/test/battle/hold_effect/mirror_herb.d -I include -I tools/agbcc/include test/battle/hold_effect/mirror_herb.c
tools/scaninc/scaninc -M build/modern-test/test/battle/hold_effect/ogerpon_mask.d -I include -I tools/agbcc/include test/battle/hold_effect/ogerpon_mask.c
tools/scaninc/scaninc -M build/modern-test/test/battle/hold_effect/protective_pads.d -I include -I tools/agbcc/include test/battle/hold_effect/protective_pads.c
tools/scaninc/scaninc -M build/modern-test/test/battle/hold_effect/quick_claw.d -I include -I tools/agbcc/include test/battle/hold_effect/quick_claw.c
tools/scaninc/scaninc -M build/modern-test/test/battle/hold_effect/random_stat_up.d -I include -I tools/agbcc/include test/battle/hold_effect/random_stat_up.c
tools/scaninc/scaninc -M build/modern-test/test/battle/hold_effect/red_card.d -I include -I tools/agbcc/include test/battle/hold_effect/red_card.c
tools/scaninc/scaninc -M build/modern-test/test/battle/hold_effect/restore_hp.d -I include -I tools/agbcc/include test/battle/hold_effect/restore_hp.c
tools/scaninc/scaninc -M build/modern-test/test/battle/hold_effect/restore_stats.d -I include -I tools/agbcc/include test/battle/hold_effect/restore_stats.c
tools/scaninc/scaninc -M build/modern-test/test/battle/hold_effect/room_service.d -I include -I tools/agbcc/include test/battle/hold_effect/room_service.c
tools/scaninc/scaninc -M build/modern-test/test/battle/hold_effect/rowap_berry.d -I include -I tools/agbcc/include test/battle/hold_effect/rowap_berry.c
tools/scaninc/scaninc -M build/modern-test/test/battle/hold_effect/safety_goggles.d -I include -I tools/agbcc/include test/battle/hold_effect/safety_goggles.c
tools/scaninc/scaninc -M build/modern-test/test/battle/hold_effect/special_attack_up.d -I include -I tools/agbcc/include test/battle/hold_effect/special_attack_up.c
tools/scaninc/scaninc -M build/modern-test/test/battle/hold_effect/special_defense_up.d -I include -I tools/agbcc/include test/battle/hold_effect/special_defense_up.c
tools/scaninc/scaninc -M build/modern-test/test/battle/hold_effect/speed_up.d -I include -I tools/agbcc/include test/battle/hold_effect/speed_up.c
tools/scaninc/scaninc -M build/modern-test/test/battle/hold_effect/utility_umbrella.d -I include -I tools/agbcc/include test/battle/hold_effect/utility_umbrella.c
tools/scaninc/scaninc -M build/modern-test/test/battle/item_effect/cure_status.d -I include -I tools/agbcc/include test/battle/item_effect/cure_status.c
tools/scaninc/scaninc -M build/modern-test/test/battle/item_effect/escape.d -I include -I tools/agbcc/include test/battle/item_effect/escape.c
tools/scaninc/scaninc -M build/modern-test/test/battle/item_effect/heal_and_cure_status.d -I include -I tools/agbcc/include test/battle/item_effect/heal_and_cure_status.c
tools/scaninc/scaninc -M build/modern-test/test/battle/item_effect/increase_stat.d -I include -I tools/agbcc/include test/battle/item_effect/increase_stat.c
tools/scaninc/scaninc -M build/modern-test/test/battle/item_effect/restore_hp.d -I include -I tools/agbcc/include test/battle/item_effect/restore_hp.c
tools/scaninc/scaninc -M build/modern-test/test/battle/item_effect/restore_pp.d -I include -I tools/agbcc/include test/battle/item_effect/restore_pp.c
tools/scaninc/scaninc -M build/modern-test/test/battle/item_effect/revive.d -I include -I tools/agbcc/include test/battle/item_effect/revive.c
tools/scaninc/scaninc -M build/modern-test/test/battle/item_effect/set_mist.d -I include -I tools/agbcc/include test/battle/item_effect/set_mist.c
tools/scaninc/scaninc -M build/modern-test/test/battle/item_effect/throw_ball.d -I include -I tools/agbcc/include test/battle/item_effect/throw_ball.c
tools/scaninc/scaninc -M build/modern-test/test/battle/move_animations/smack_down.d -I include -I tools/agbcc/include test/battle/move_animations/smack_down.c
tools/scaninc/scaninc -M build/modern-test/test/battle/move_effect/absorb.d -I include -I tools/agbcc/include test/battle/move_effect/absorb.c
tools/scaninc/scaninc -M build/modern-test/test/battle/move_effect/accuracy_down.d -I include -I tools/agbcc/include test/battle/move_effect/accuracy_down.c
tools/scaninc/scaninc -M build/modern-test/test/battle/move_effect/accuracy_down_2.d -I include -I tools/agbcc/include test/battle/move_effect/accuracy_down_2.c
tools/scaninc/scaninc -M build/modern-test/test/battle/move_effect/accuracy_up.d -I include -I tools/agbcc/include test/battle/move_effect/accuracy_up.c
tools/scaninc/scaninc -M build/modern-test/test/battle/move_effect/accuracy_up_2.d -I include -I tools/agbcc/include test/battle/move_effect/accuracy_up_2.c
tools/scaninc/scaninc -M build/modern-test/test/battle/move_effect/acrobatics.d -I include -I tools/agbcc/include test/battle/move_effect/acrobatics.c
tools/scaninc/scaninc -M build/modern-test/test/battle/move_effect/acupressure.d -I include -I tools/agbcc/include test/battle/move_effect/acupressure.c
tools/scaninc/scaninc -M build/modern-test/test/battle/move_effect/after_you.d -I include -I tools/agbcc/include test/battle/move_effect/after_you.c
tools/scaninc/scaninc -M build/modern-test/test/battle/move_effect/ally_switch.d -I include -I tools/agbcc/include test/battle/move_effect/ally_switch.c
tools/scaninc/scaninc -M build/modern-test/test/battle/move_effect/aqua_ring.d -I include -I tools/agbcc/include test/battle/move_effect/aqua_ring.c
tools/scaninc/scaninc -M build/modern-test/test/battle/move_effect/aromatic_mist.d -I include -I tools/agbcc/include test/battle/move_effect/aromatic_mist.c
tools/scaninc/scaninc -M build/modern-test/test/battle/move_effect/assist.d -I include -I tools/agbcc/include test/battle/move_effect/assist.c
tools/scaninc/scaninc -M build/modern-test/test/battle/move_effect/assurance.d -I include -I tools/agbcc/include test/battle/move_effect/assurance.c
tools/scaninc/scaninc -M build/modern-test/test/battle/move_effect/attack_accuracy_up.d -I include -I tools/agbcc/include test/battle/move_effect/attack_accuracy_up.c
tools/scaninc/scaninc -M build/modern-test/test/battle/move_effect/attack_down.d -I include -I tools/agbcc/include test/battle/move_effect/attack_down.c
tools/scaninc/scaninc -M build/modern-test/test/battle/move_effect/attack_down_2.d -I include -I tools/agbcc/include test/battle/move_effect/attack_down_2.c
tools/scaninc/scaninc -M build/modern-test/test/battle/move_effect/attack_spatk_up.d -I include -I tools/agbcc/include test/battle/move_effect/attack_spatk_up.c
tools/scaninc/scaninc -M build/modern-test/test/battle/move_effect/attack_up.d -I include -I tools/agbcc/include test/battle/move_effect/attack_up.c
tools/scaninc/scaninc -M build/modern-test/test/battle/move_effect/attack_up_2.d -I include -I tools/agbcc/include test/battle/move_effect/attack_up_2.c
tools/scaninc/scaninc -M build/modern-test/test/battle/move_effect/attack_up_user_ally.d -I include -I tools/agbcc/include test/battle/move_effect/attack_up_user_ally.c
tools/scaninc/scaninc -M build/modern-test/test/battle/move_effect/attract.d -I include -I tools/agbcc/include test/battle/move_effect/attract.c
tools/scaninc/scaninc -M build/modern-test/test/battle/move_effect/aura_wheel.d -I include -I tools/agbcc/include test/battle/move_effect/aura_wheel.c
tools/scaninc/scaninc -M build/modern-test/test/battle/move_effect/aurora_veil.d -I include -I tools/agbcc/include test/battle/move_effect/aurora_veil.c
tools/scaninc/scaninc -M build/modern-test/test/battle/move_effect/autotomize.d -I include -I tools/agbcc/include test/battle/move_effect/autotomize.c
tools/scaninc/scaninc -M build/modern-test/test/battle/move_effect/baddy_bad.d -I include -I tools/agbcc/include test/battle/move_effect/baddy_bad.c
tools/scaninc/scaninc -M build/modern-test/test/battle/move_effect/baton_pass.d -I include -I tools/agbcc/include test/battle/move_effect/baton_pass.c
tools/scaninc/scaninc -M build/modern-test/test/battle/move_effect/beak_blast.d -I include -I tools/agbcc/include test/battle/move_effect/beak_blast.c
tools/scaninc/scaninc -M build/modern-test/test/battle/move_effect/beat_up.d -I include -I tools/agbcc/include test/battle/move_effect/beat_up.c
tools/scaninc/scaninc -M build/modern-test/test/battle/move_effect/belch.d -I include -I tools/agbcc/include test/battle/move_effect/belch.c
tools/scaninc/scaninc -M build/modern-test/test/battle/move_effect/belly_drum.d -I include -I tools/agbcc/include test/battle/move_effect/belly_drum.c
tools/scaninc/scaninc -M build/modern-test/test/battle/move_effect/bestow.d -I include -I tools/agbcc/include test/battle/move_effect/bestow.c
tools/scaninc/scaninc -M build/modern-test/test/battle/move_effect/bide.d -I include -I tools/agbcc/include test/battle/move_effect/bide.c
tools/scaninc/scaninc -M build/modern-test/test/battle/move_effect/blizzard.d -I include -I tools/agbcc/include test/battle/move_effect/blizzard.c
tools/scaninc/scaninc -M build/modern-test/test/battle/move_effect/body_press.d -I include -I tools/agbcc/include test/battle/move_effect/body_press.c
tools/scaninc/scaninc -M build/modern-test/test/battle/move_effect/bolt_beak.d -I include -I tools/agbcc/include test/battle/move_effect/bolt_beak.c
tools/scaninc/scaninc -M build/modern-test/test/battle/move_effect/brick_break.d -I include -I tools/agbcc/include test/battle/move_effect/brick_break.c
tools/scaninc/scaninc -M build/modern-test/test/battle/move_effect/brine.d -I include -I tools/agbcc/include test/battle/move_effect/brine.c
tools/scaninc/scaninc -M build/modern-test/test/battle/move_effect/bulk_up.d -I include -I tools/agbcc/include test/battle/move_effect/bulk_up.c
tools/scaninc/scaninc -M build/modern-test/test/battle/move_effect/calm_mind.d -I include -I tools/agbcc/include test/battle/move_effect/calm_mind.c
tools/scaninc/scaninc -M build/modern-test/test/battle/move_effect/camouflage.d -I include -I tools/agbcc/include test/battle/move_effect/camouflage.c
tools/scaninc/scaninc -M build/modern-test/test/battle/move_effect/captivate.d -I include -I tools/agbcc/include test/battle/move_effect/captivate.c
tools/scaninc/scaninc -M build/modern-test/test/battle/move_effect/change_type_on_item.d -I include -I tools/agbcc/include test/battle/move_effect/change_type_on_item.c
tools/scaninc/scaninc -M build/modern-test/test/battle/move_effect/charge.d -I include -I tools/agbcc/include test/battle/move_effect/charge.c
tools/scaninc/scaninc -M build/modern-test/test/battle/move_effect/chilly_reception.d -I include -I tools/agbcc/include test/battle/move_effect/chilly_reception.c
tools/scaninc/scaninc -M build/modern-test/test/battle/move_effect/clangorous_soul.d -I include -I tools/agbcc/include test/battle/move_effect/clangorous_soul.c
tools/scaninc/scaninc -M build/modern-test/test/battle/move_effect/coaching.d -I include -I tools/agbcc/include test/battle/move_effect/coaching.c
tools/scaninc/scaninc -M build/modern-test/test/battle/move_effect/coil.d -I include -I tools/agbcc/include test/battle/move_effect/coil.c
tools/scaninc/scaninc -M build/modern-test/test/battle/move_effect/collision_course.d -I include -I tools/agbcc/include test/battle/move_effect/collision_course.c
tools/scaninc/scaninc -M build/modern-test/test/battle/move_effect/confuse.d -I include -I tools/agbcc/include test/battle/move_effect/confuse.c
tools/scaninc/scaninc -M build/modern-test/test/battle/move_effect/conversion.d -I include -I tools/agbcc/include test/battle/move_effect/conversion.c
tools/scaninc/scaninc -M build/modern-test/test/battle/move_effect/conversion_2.d -I include -I tools/agbcc/include test/battle/move_effect/conversion_2.c
tools/scaninc/scaninc -M build/modern-test/test/battle/move_effect/copycat.d -I include -I tools/agbcc/include test/battle/move_effect/copycat.c
tools/scaninc/scaninc -M build/modern-test/test/battle/move_effect/corrosive_gas.d -I include -I tools/agbcc/include test/battle/move_effect/corrosive_gas.c
tools/scaninc/scaninc -M build/modern-test/test/battle/move_effect/cosmic_power.d -I include -I tools/agbcc/include test/battle/move_effect/cosmic_power.c
tools/scaninc/scaninc -M build/modern-test/test/battle/move_effect/counter.d -I include -I tools/agbcc/include test/battle/move_effect/counter.c
tools/scaninc/scaninc -M build/modern-test/test/battle/move_effect/court_change.d -I include -I tools/agbcc/include test/battle/move_effect/court_change.c
tools/scaninc/scaninc -M build/modern-test/test/battle/move_effect/curse.d -I include -I tools/agbcc/include test/battle/move_effect/curse.c
tools/scaninc/scaninc -M build/modern-test/test/battle/move_effect/defense_down.d -I include -I tools/agbcc/include test/battle/move_effect/defense_down.c
tools/scaninc/scaninc -M build/modern-test/test/battle/move_effect/defense_up.d -I include -I tools/agbcc/include test/battle/move_effect/defense_up.c
tools/scaninc/scaninc -M build/modern-test/test/battle/move_effect/defog.d -I include -I tools/agbcc/include test/battle/move_effect/defog.c
tools/scaninc/scaninc -M build/modern-test/test/battle/move_effect/destiny_bond.d -I include -I tools/agbcc/include test/battle/move_effect/destiny_bond.c
tools/scaninc/scaninc -M build/modern-test/test/battle/move_effect/doodle.d -I include -I tools/agbcc/include test/battle/move_effect/doodle.c
tools/scaninc/scaninc -M build/modern-test/test/battle/move_effect/dragon_darts.d -I include -I tools/agbcc/include test/battle/move_effect/dragon_darts.c
tools/scaninc/scaninc -M build/modern-test/test/battle/move_effect/dream_eater.d -I include -I tools/agbcc/include test/battle/move_effect/dream_eater.c
tools/scaninc/scaninc -M build/modern-test/test/battle/move_effect/earthquake.d -I include -I tools/agbcc/include test/battle/move_effect/earthquake.c
tools/scaninc/scaninc -M build/modern-test/test/battle/move_effect/embargo.d -I include -I tools/agbcc/include test/battle/move_effect/embargo.c
tools/scaninc/scaninc -M build/modern-test/test/battle/move_effect/encore.d -I include -I tools/agbcc/include test/battle/move_effect/encore.c
tools/scaninc/scaninc -M build/modern-test/test/battle/move_effect/evasion_up.d -I include -I tools/agbcc/include test/battle/move_effect/evasion_up.c
tools/scaninc/scaninc -M build/modern-test/test/battle/move_effect/explosion.d -I include -I tools/agbcc/include test/battle/move_effect/explosion.c
tools/scaninc/scaninc -M build/modern-test/test/battle/move_effect/fail_if_not_arg_type.d -I include -I tools/agbcc/include test/battle/move_effect/fail_if_not_arg_type.c
tools/scaninc/scaninc -M build/modern-test/test/battle/move_effect/fickle_beam.d -I include -I tools/agbcc/include test/battle/move_effect/fickle_beam.c
tools/scaninc/scaninc -M build/modern-test/test/battle/move_effect/fillet_away.d -I include -I tools/agbcc/include test/battle/move_effect/fillet_away.c
tools/scaninc/scaninc -M build/modern-test/test/battle/move_effect/fixed_damage_arg.d -I include -I tools/agbcc/include test/battle/move_effect/fixed_damage_arg.c
tools/scaninc/scaninc -M build/modern-test/test/battle/move_effect/flame_burst.d -I include -I tools/agbcc/include test/battle/move_effect/flame_burst.c
tools/scaninc/scaninc -M build/modern-test/test/battle/move_effect/fling.d -I include -I tools/agbcc/include test/battle/move_effect/fling.c
tools/scaninc/scaninc -M build/modern-test/test/battle/move_effect/flower_shield.d -I include -I tools/agbcc/include test/battle/move_effect/flower_shield.c
tools/scaninc/scaninc -M build/modern-test/test/battle/move_effect/focus_punch.d -I include -I tools/agbcc/include test/battle/move_effect/focus_punch.c
tools/scaninc/scaninc -M build/modern-test/test/battle/move_effect/foul_play.d -I include -I tools/agbcc/include test/battle/move_effect/foul_play.c
tools/scaninc/scaninc -M build/modern-test/test/battle/move_effect/fury_cutter.d -I include -I tools/agbcc/include test/battle/move_effect/fury_cutter.c
tools/scaninc/scaninc -M build/modern-test/test/battle/move_effect/future_sight.d -I include -I tools/agbcc/include test/battle/move_effect/future_sight.c
tools/scaninc/scaninc -M build/modern-test/test/battle/move_effect/gastro_acid.d -I include -I tools/agbcc/include test/battle/move_effect/gastro_acid.c
tools/scaninc/scaninc -M build/modern-test/test/battle/move_effect/glaive_rush.d -I include -I tools/agbcc/include test/battle/move_effect/glaive_rush.c
tools/scaninc/scaninc -M build/modern-test/test/battle/move_effect/gravity.d -I include -I tools/agbcc/include test/battle/move_effect/gravity.c
tools/scaninc/scaninc -M build/modern-test/test/battle/move_effect/guard_split.d -I include -I tools/agbcc/include test/battle/move_effect/guard_split.c
tools/scaninc/scaninc -M build/modern-test/test/battle/move_effect/haze.d -I include -I tools/agbcc/include test/battle/move_effect/haze.c
tools/scaninc/scaninc -M build/modern-test/test/battle/move_effect/heal_bell.d -I include -I tools/agbcc/include test/battle/move_effect/heal_bell.c
tools/scaninc/scaninc -M build/modern-test/test/battle/move_effect/heal_pulse.d -I include -I tools/agbcc/include test/battle/move_effect/heal_pulse.c
tools/scaninc/scaninc -M build/modern-test/test/battle/move_effect/healing_wish.d -I include -I tools/agbcc/include test/battle/move_effect/healing_wish.c
tools/scaninc/scaninc -M build/modern-test/test/battle/move_effect/hidden_power.d -I include -I tools/agbcc/include test/battle/move_effect/hidden_power.c
tools/scaninc/scaninc -M build/modern-test/test/battle/move_effect/hit_escape.d -I include -I tools/agbcc/include test/battle/move_effect/hit_escape.c
tools/scaninc/scaninc -M build/modern-test/test/battle/move_effect/hit_set_remove_terrain.d -I include -I tools/agbcc/include test/battle/move_effect/hit_set_remove_terrain.c
tools/scaninc/scaninc -M build/modern-test/test/battle/move_effect/hit_switch_target.d -I include -I tools/agbcc/include test/battle/move_effect/hit_switch_target.c
tools/scaninc/scaninc -M build/modern-test/test/battle/move_effect/hydro_steam.d -I include -I tools/agbcc/include test/battle/move_effect/hydro_steam.c
tools/scaninc/scaninc -M build/modern-test/test/battle/move_effect/instruct.d -I include -I tools/agbcc/include test/battle/move_effect/instruct.c
tools/scaninc/scaninc -M build/modern-test/test/battle/move_effect/ion_deluge.d -I include -I tools/agbcc/include test/battle/move_effect/ion_deluge.c
tools/scaninc/scaninc -M build/modern-test/test/battle/move_effect/ivy_cudgel.d -I include -I tools/agbcc/include test/battle/move_effect/ivy_cudgel.c
tools/scaninc/scaninc -M build/modern-test/test/battle/move_effect/knock_off.d -I include -I tools/agbcc/include test/battle/move_effect/knock_off.c
tools/scaninc/scaninc -M build/modern-test/test/battle/move_effect/last_resort.d -I include -I tools/agbcc/include test/battle/move_effect/last_resort.c
tools/scaninc/scaninc -M build/modern-test/test/battle/move_effect/last_respects.d -I include -I tools/agbcc/include test/battle/move_effect/last_respects.c
tools/scaninc/scaninc -M build/modern-test/test/battle/move_effect/leech_seed.d -I include -I tools/agbcc/include test/battle/move_effect/leech_seed.c
tools/scaninc/scaninc -M build/modern-test/test/battle/move_effect/magic_coat.d -I include -I tools/agbcc/include test/battle/move_effect/magic_coat.c
tools/scaninc/scaninc -M build/modern-test/test/battle/move_effect/max_hp_50_recoil.d -I include -I tools/agbcc/include test/battle/move_effect/max_hp_50_recoil.c
tools/scaninc/scaninc -M build/modern-test/test/battle/move_effect/metronome.d -I include -I tools/agbcc/include test/battle/move_effect/metronome.c
tools/scaninc/scaninc -M build/modern-test/test/battle/move_effect/mind_blown.d -I include -I tools/agbcc/include test/battle/move_effect/mind_blown.c
tools/scaninc/scaninc -M build/modern-test/test/battle/move_effect/mirror_move.d -I include -I tools/agbcc/include test/battle/move_effect/mirror_move.c
tools/scaninc/scaninc -M build/modern-test/test/battle/move_effect/moonlight.d -I include -I tools/agbcc/include test/battle/move_effect/moonlight.c
tools/scaninc/scaninc -M build/modern-test/test/battle/move_effect/morning_sun.d -I include -I tools/agbcc/include test/battle/move_effect/morning_sun.c
tools/scaninc/scaninc -M build/modern-test/test/battle/move_effect/multi_hit.d -I include -I tools/agbcc/include test/battle/move_effect/multi_hit.c
tools/scaninc/scaninc -M build/modern-test/test/battle/move_effect/octolock.d -I include -I tools/agbcc/include test/battle/move_effect/octolock.c
tools/scaninc/scaninc -M build/modern-test/test/battle/move_effect/ohko.d -I include -I tools/agbcc/include test/battle/move_effect/ohko.c
tools/scaninc/scaninc -M build/modern-test/test/battle/move_effect/photon_geyser.d -I include -I tools/agbcc/include test/battle/move_effect/photon_geyser.c
tools/scaninc/scaninc -M build/modern-test/test/battle/move_effect/pledge.d -I include -I tools/agbcc/include test/battle/move_effect/pledge.c
tools/scaninc/scaninc -M build/modern-test/test/battle/move_effect/population_bomb.d -I include -I tools/agbcc/include test/battle/move_effect/population_bomb.c
tools/scaninc/scaninc -M build/modern-test/test/battle/move_effect/powder.d -I include -I tools/agbcc/include test/battle/move_effect/powder.c
tools/scaninc/scaninc -M build/modern-test/test/battle/move_effect/power_based_on_target_hp.d -I include -I tools/agbcc/include test/battle/move_effect/power_based_on_target_hp.c
tools/scaninc/scaninc -M build/modern-test/test/battle/move_effect/power_based_on_user_hp.d -I include -I tools/agbcc/include test/battle/move_effect/power_based_on_user_hp.c
tools/scaninc/scaninc -M build/modern-test/test/battle/move_effect/power_split.d -I include -I tools/agbcc/include test/battle/move_effect/power_split.c
tools/scaninc/scaninc -M build/modern-test/test/battle/move_effect/protect.d -I include -I tools/agbcc/include test/battle/move_effect/protect.c
tools/scaninc/scaninc -M build/modern-test/test/battle/move_effect/pursuit.d -I include -I tools/agbcc/include test/battle/move_effect/pursuit.c
tools/scaninc/scaninc -M build/modern-test/test/battle/move_effect/quash.d -I include -I tools/agbcc/include test/battle/move_effect/quash.c
tools/scaninc/scaninc -M build/modern-test/test/battle/move_effect/rage_fist.d -I include -I tools/agbcc/include test/battle/move_effect/rage_fist.c
tools/scaninc/scaninc -M build/modern-test/test/battle/move_effect/raging_bull.d -I include -I tools/agbcc/include test/battle/move_effect/raging_bull.c
tools/scaninc/scaninc -M build/modern-test/test/battle/move_effect/recoil_if_miss.d -I include -I tools/agbcc/include test/battle/move_effect/recoil_if_miss.c
tools/scaninc/scaninc -M build/modern-test/test/battle/move_effect/reflect.d -I include -I tools/agbcc/include test/battle/move_effect/reflect.c
tools/scaninc/scaninc -M build/modern-test/test/battle/move_effect/reflect_type.d -I include -I tools/agbcc/include test/battle/move_effect/reflect_type.c
tools/scaninc/scaninc -M build/modern-test/test/battle/move_effect/refresh.d -I include -I tools/agbcc/include test/battle/move_effect/refresh.c
tools/scaninc/scaninc -M build/modern-test/test/battle/move_effect/relic_song.d -I include -I tools/agbcc/include test/battle/move_effect/relic_song.c
tools/scaninc/scaninc -M build/modern-test/test/battle/move_effect/retaliate.d -I include -I tools/agbcc/include test/battle/move_effect/retaliate.c
tools/scaninc/scaninc -M build/modern-test/test/battle/move_effect/revelation_dance.d -I include -I tools/agbcc/include test/battle/move_effect/revelation_dance.c
tools/scaninc/scaninc -M build/modern-test/test/battle/move_effect/revival_blessing.d -I include -I tools/agbcc/include test/battle/move_effect/revival_blessing.c
tools/scaninc/scaninc -M build/modern-test/test/battle/move_effect/roar.d -I include -I tools/agbcc/include test/battle/move_effect/roar.c
tools/scaninc/scaninc -M build/modern-test/test/battle/move_effect/role_play.d -I include -I tools/agbcc/include test/battle/move_effect/role_play.c
tools/scaninc/scaninc -M build/modern-test/test/battle/move_effect/roost.d -I include -I tools/agbcc/include test/battle/move_effect/roost.c
tools/scaninc/scaninc -M build/modern-test/test/battle/move_effect/round.d -I include -I tools/agbcc/include test/battle/move_effect/round.c
tools/scaninc/scaninc -M build/modern-test/test/battle/move_effect/salt_cure.d -I include -I tools/agbcc/include test/battle/move_effect/salt_cure.c
tools/scaninc/scaninc -M build/modern-test/test/battle/move_effect/semi_invulnerable.d -I include -I tools/agbcc/include test/battle/move_effect/semi_invulnerable.c
tools/scaninc/scaninc -M build/modern-test/test/battle/move_effect/shed_tail.d -I include -I tools/agbcc/include test/battle/move_effect/shed_tail.c
tools/scaninc/scaninc -M build/modern-test/test/battle/move_effect/shell_side_arm.d -I include -I tools/agbcc/include test/battle/move_effect/shell_side_arm.c
tools/scaninc/scaninc -M build/modern-test/test/battle/move_effect/shell_trap.d -I include -I tools/agbcc/include test/battle/move_effect/shell_trap.c
tools/scaninc/scaninc -M build/modern-test/test/battle/move_effect/simple_beam.d -I include -I tools/agbcc/include test/battle/move_effect/simple_beam.c
tools/scaninc/scaninc -M build/modern-test/test/battle/move_effect/skill_swap.d -I include -I tools/agbcc/include test/battle/move_effect/skill_swap.c
tools/scaninc/scaninc -M build/modern-test/test/battle/move_effect/sleep.d -I include -I tools/agbcc/include test/battle/move_effect/sleep.c
tools/scaninc/scaninc -M build/modern-test/test/battle/move_effect/sleep_talk.d -I include -I tools/agbcc/include test/battle/move_effect/sleep_talk.c
tools/scaninc/scaninc -M build/modern-test/test/battle/move_effect/smack_down.d -I include -I tools/agbcc/include test/battle/move_effect/smack_down.c
tools/scaninc/scaninc -M build/modern-test/test/battle/move_effect/smelling_salts.d -I include -I tools/agbcc/include test/battle/move_effect/smelling_salts.c
tools/scaninc/scaninc -M build/modern-test/test/battle/move_effect/sparkling_aria.d -I include -I tools/agbcc/include test/battle/move_effect/sparkling_aria.c
tools/scaninc/scaninc -M build/modern-test/test/battle/move_effect/special_attack_down.d -I include -I tools/agbcc/include test/battle/move_effect/special_attack_down.c
tools/scaninc/scaninc -M build/modern-test/test/battle/move_effect/special_attack_up_3.d -I include -I tools/agbcc/include test/battle/move_effect/special_attack_up_3.c
tools/scaninc/scaninc -M build/modern-test/test/battle/move_effect/spicy_extract.d -I include -I tools/agbcc/include test/battle/move_effect/spicy_extract.c
tools/scaninc/scaninc -M build/modern-test/test/battle/move_effect/spikes.d -I include -I tools/agbcc/include test/battle/move_effect/spikes.c
tools/scaninc/scaninc -M build/modern-test/test/battle/move_effect/spit_up.d -I include -I tools/agbcc/include test/battle/move_effect/spit_up.c
tools/scaninc/scaninc -M build/modern-test/test/battle/move_effect/stealth_rock.d -I include -I tools/agbcc/include test/battle/move_effect/stealth_rock.c
tools/scaninc/scaninc -M build/modern-test/test/battle/move_effect/sticky_web.d -I include -I tools/agbcc/include test/battle/move_effect/sticky_web.c
tools/scaninc/scaninc -M build/modern-test/test/battle/move_effect/stockpile.d -I include -I tools/agbcc/include test/battle/move_effect/stockpile.c
tools/scaninc/scaninc -M build/modern-test/test/battle/move_effect/stomping_tantrum.d -I include -I tools/agbcc/include test/battle/move_effect/stomping_tantrum.c
tools/scaninc/scaninc -M build/modern-test/test/battle/move_effect/strength_sap.d -I include -I tools/agbcc/include test/battle/move_effect/strength_sap.c
tools/scaninc/scaninc -M build/modern-test/test/battle/move_effect/stuff_cheeks.d -I include -I tools/agbcc/include test/battle/move_effect/stuff_cheeks.c
tools/scaninc/scaninc -M build/modern-test/test/battle/move_effect/substitute.d -I include -I tools/agbcc/include test/battle/move_effect/substitute.c
tools/scaninc/scaninc -M build/modern-test/test/battle/move_effect/super_effective_on_arg.d -I include -I tools/agbcc/include test/battle/move_effect/super_effective_on_arg.c
tools/scaninc/scaninc -M build/modern-test/test/battle/move_effect/swallow.d -I include -I tools/agbcc/include test/battle/move_effect/swallow.c
tools/scaninc/scaninc -M build/modern-test/test/battle/move_effect/synthesis.d -I include -I tools/agbcc/include test/battle/move_effect/synthesis.c
tools/scaninc/scaninc -M build/modern-test/test/battle/move_effect/tailwind.d -I include -I tools/agbcc/include test/battle/move_effect/tailwind.c
tools/scaninc/scaninc -M build/modern-test/test/battle/move_effect/take_heart.d -I include -I tools/agbcc/include test/battle/move_effect/take_heart.c
tools/scaninc/scaninc -M build/modern-test/test/battle/move_effect/tar_shot.d -I include -I tools/agbcc/include test/battle/move_effect/tar_shot.c
tools/scaninc/scaninc -M build/modern-test/test/battle/move_effect/teatime.d -I include -I tools/agbcc/include test/battle/move_effect/teatime.c
tools/scaninc/scaninc -M build/modern-test/test/battle/move_effect/telekinesis.d -I include -I tools/agbcc/include test/battle/move_effect/telekinesis.c
tools/scaninc/scaninc -M build/modern-test/test/battle/move_effect/teleport.d -I include -I tools/agbcc/include test/battle/move_effect/teleport.c
tools/scaninc/scaninc -M build/modern-test/test/battle/move_effect/tera_blast.d -I include -I tools/agbcc/include test/battle/move_effect/tera_blast.c
tools/scaninc/scaninc -M build/modern-test/test/battle/move_effect/tera_starstorm.d -I include -I tools/agbcc/include test/battle/move_effect/tera_starstorm.c
tools/scaninc/scaninc -M build/modern-test/test/battle/move_effect/thousand_arrows.d -I include -I tools/agbcc/include test/battle/move_effect/thousand_arrows.c
tools/scaninc/scaninc -M build/modern-test/test/battle/move_effect/thunder.d -I include -I tools/agbcc/include test/battle/move_effect/thunder.c
tools/scaninc/scaninc -M build/modern-test/test/battle/move_effect/tidy_up.d -I include -I tools/agbcc/include test/battle/move_effect/tidy_up.c
tools/scaninc/scaninc -M build/modern-test/test/battle/move_effect/torment.d -I include -I tools/agbcc/include test/battle/move_effect/torment.c
tools/scaninc/scaninc -M build/modern-test/test/battle/move_effect/toxic.d -I include -I tools/agbcc/include test/battle/move_effect/toxic.c
tools/scaninc/scaninc -M build/modern-test/test/battle/move_effect/toxic_spikes.d -I include -I tools/agbcc/include test/battle/move_effect/toxic_spikes.c
tools/scaninc/scaninc -M build/modern-test/test/battle/move_effect/triple_kick.d -I include -I tools/agbcc/include test/battle/move_effect/triple_kick.c
tools/scaninc/scaninc -M build/modern-test/test/battle/move_effect/two_turns_attack.d -I include -I tools/agbcc/include test/battle/move_effect/two_turns_attack.c
tools/scaninc/scaninc -M build/modern-test/test/battle/move_effect/upper_hand.d -I include -I tools/agbcc/include test/battle/move_effect/upper_hand.c
tools/scaninc/scaninc -M build/modern-test/test/battle/move_effect/uproar.d -I include -I tools/agbcc/include test/battle/move_effect/uproar.c
tools/scaninc/scaninc -M build/modern-test/test/battle/move_effect/wake_up_slap.d -I include -I tools/agbcc/include test/battle/move_effect/wake_up_slap.c
tools/scaninc/scaninc -M build/modern-test/test/battle/move_effect/weather_ball.d -I include -I tools/agbcc/include test/battle/move_effect/weather_ball.c
tools/scaninc/scaninc -M build/modern-test/test/battle/move_effect/worry_seed.d -I include -I tools/agbcc/include test/battle/move_effect/worry_seed.c
tools/scaninc/scaninc -M build/modern-test/test/battle/move_effect_secondary/bug_bite.d -I include -I tools/agbcc/include test/battle/move_effect_secondary/bug_bite.c
tools/scaninc/scaninc -M build/modern-test/test/battle/move_effect_secondary/burn.d -I include -I tools/agbcc/include test/battle/move_effect_secondary/burn.c
tools/scaninc/scaninc -M build/modern-test/test/battle/move_effect_secondary/confusion.d -I include -I tools/agbcc/include test/battle/move_effect_secondary/confusion.c
tools/scaninc/scaninc -M build/modern-test/test/battle/move_effect_secondary/def_minus_1.d -I include -I tools/agbcc/include test/battle/move_effect_secondary/def_minus_1.c
tools/scaninc/scaninc -M build/modern-test/test/battle/move_effect_secondary/dire_claw.d -I include -I tools/agbcc/include test/battle/move_effect_secondary/dire_claw.c
tools/scaninc/scaninc -M build/modern-test/test/battle/move_effect_secondary/double_power_on_arg_status.d -I include -I tools/agbcc/include test/battle/move_effect_secondary/double_power_on_arg_status.c
tools/scaninc/scaninc -M build/modern-test/test/battle/move_effect_secondary/flinch.d -I include -I tools/agbcc/include test/battle/move_effect_secondary/flinch.c
tools/scaninc/scaninc -M build/modern-test/test/battle/move_effect_secondary/freeze.d -I include -I tools/agbcc/include test/battle/move_effect_secondary/freeze.c
tools/scaninc/scaninc -M build/modern-test/test/battle/move_effect_secondary/haze.d -I include -I tools/agbcc/include test/battle/move_effect_secondary/haze.c
tools/scaninc/scaninc -M build/modern-test/test/battle/move_effect_secondary/ion_deluge.d -I include -I tools/agbcc/include test/battle/move_effect_secondary/ion_deluge.c
tools/scaninc/scaninc -M build/modern-test/test/battle/move_effect_secondary/leech_seed.d -I include -I tools/agbcc/include test/battle/move_effect_secondary/leech_seed.c
tools/scaninc/scaninc -M build/modern-test/test/battle/move_effect_secondary/light_screen.d -I include -I tools/agbcc/include test/battle/move_effect_secondary/light_screen.c
tools/scaninc/scaninc -M build/modern-test/test/battle/move_effect_secondary/order_up.d -I include -I tools/agbcc/include test/battle/move_effect_secondary/order_up.c
tools/scaninc/scaninc -M build/modern-test/test/battle/move_effect_secondary/paralysis.d -I include -I tools/agbcc/include test/battle/move_effect_secondary/paralysis.c
tools/scaninc/scaninc -M build/modern-test/test/battle/move_effect_secondary/pay_day.d -I include -I tools/agbcc/include test/battle/move_effect_secondary/pay_day.c
tools/scaninc/scaninc -M build/modern-test/test/battle/move_effect_secondary/poison.d -I include -I tools/agbcc/include test/battle/move_effect_secondary/poison.c
tools/scaninc/scaninc -M build/modern-test/test/battle/move_effect_secondary/psychic_noise.d -I include -I tools/agbcc/include test/battle/move_effect_secondary/psychic_noise.c
tools/scaninc/scaninc -M build/modern-test/test/battle/move_effect_secondary/rapid_spin.d -I include -I tools/agbcc/include test/battle/move_effect_secondary/rapid_spin.c
tools/scaninc/scaninc -M build/modern-test/test/battle/move_effect_secondary/reflect.d -I include -I tools/agbcc/include test/battle/move_effect_secondary/reflect.c
tools/scaninc/scaninc -M build/modern-test/test/battle/move_effect_secondary/sp_atk_minus_2.d -I include -I tools/agbcc/include test/battle/move_effect_secondary/sp_atk_minus_2.c
tools/scaninc/scaninc -M build/modern-test/test/battle/move_effect_secondary/spd_minus_2.d -I include -I tools/agbcc/include test/battle/move_effect_secondary/spd_minus_2.c
tools/scaninc/scaninc -M build/modern-test/test/battle/move_effect_secondary/spikes.d -I include -I tools/agbcc/include test/battle/move_effect_secondary/spikes.c
tools/scaninc/scaninc -M build/modern-test/test/battle/move_effect_secondary/steal_item.d -I include -I tools/agbcc/include test/battle/move_effect_secondary/steal_item.c
tools/scaninc/scaninc -M build/modern-test/test/battle/move_effect_secondary/stealth_rock.d -I include -I tools/agbcc/include test/battle/move_effect_secondary/stealth_rock.c
tools/scaninc/scaninc -M build/modern-test/test/battle/move_effect_secondary/syrup_bomb.d -I include -I tools/agbcc/include test/battle/move_effect_secondary/syrup_bomb.c
tools/scaninc/scaninc -M build/modern-test/test/battle/move_effect_secondary/thrash.d -I include -I tools/agbcc/include test/battle/move_effect_secondary/thrash.c
tools/scaninc/scaninc -M build/modern-test/test/battle/move_effect_secondary/throat_chop.d -I include -I tools/agbcc/include test/battle/move_effect_secondary/throat_chop.c
tools/scaninc/scaninc -M build/modern-test/test/battle/move_effect_secondary/trap_both.d -I include -I tools/agbcc/include test/battle/move_effect_secondary/trap_both.c
tools/scaninc/scaninc -M build/modern-test/test/battle/move_effect_secondary/tri_attack.d -I include -I tools/agbcc/include test/battle/move_effect_secondary/tri_attack.c
tools/scaninc/scaninc -M build/modern-test/test/battle/move_effects_combined/axe_kick.d -I include -I tools/agbcc/include test/battle/move_effects_combined/axe_kick.c
tools/scaninc/scaninc -M build/modern-test/test/battle/move_effects_combined/barb_barrage.d -I include -I tools/agbcc/include test/battle/move_effects_combined/barb_barrage.c
tools/scaninc/scaninc -M build/modern-test/test/battle/move_effects_combined/flinch_status.d -I include -I tools/agbcc/include test/battle/move_effects_combined/flinch_status.c
tools/scaninc/scaninc -M build/modern-test/test/battle/move_effects_combined/hurricane.d -I include -I tools/agbcc/include test/battle/move_effects_combined/hurricane.c
tools/scaninc/scaninc -M build/modern-test/test/battle/move_effects_combined/infernal_parade.d -I include -I tools/agbcc/include test/battle/move_effects_combined/infernal_parade.c
tools/scaninc/scaninc -M build/modern-test/test/battle/move_effects_combined/make_it_rain.d -I include -I tools/agbcc/include test/battle/move_effects_combined/make_it_rain.c
tools/scaninc/scaninc -M build/modern-test/test/battle/move_effects_combined/triple_arrows.d -I include -I tools/agbcc/include test/battle/move_effects_combined/triple_arrows.c
tools/scaninc/scaninc -M build/modern-test/test/battle/move_flags/cant_use_twice.d -I include -I tools/agbcc/include test/battle/move_flags/cant_use_twice.c
tools/scaninc/scaninc -M build/modern-test/test/battle/move_flags/damages_airborne_double_damage.d -I include -I tools/agbcc/include test/battle/move_flags/damages_airborne_double_damage.c
tools/scaninc/scaninc -M build/modern-test/test/battle/move_flags/damages_underground.d -I include -I tools/agbcc/include test/battle/move_flags/damages_underground.c
tools/scaninc/scaninc -M build/modern-test/test/battle/move_flags/damages_underwater.d -I include -I tools/agbcc/include test/battle/move_flags/damages_underwater.c
tools/scaninc/scaninc -M build/modern-test/test/battle/move_flags/ignores_target_ability.d -I include -I tools/agbcc/include test/battle/move_flags/ignores_target_ability.c
tools/scaninc/scaninc -M build/modern-test/test/battle/move_flags/minimize_double_damage.d -I include -I tools/agbcc/include test/battle/move_flags/minimize_double_damage.c
tools/scaninc/scaninc -M build/modern-test/test/battle/move_flags/powder.d -I include -I tools/agbcc/include test/battle/move_flags/powder.c
tools/scaninc/scaninc -M build/modern-test/test/battle/move_flags/recoil.d -I include -I tools/agbcc/include test/battle/move_flags/recoil.c
tools/scaninc/scaninc -M build/modern-test/test/battle/move_flags/strike_count.d -I include -I tools/agbcc/include test/battle/move_flags/strike_count.c
tools/scaninc/scaninc -M build/modern-test/test/battle/status1/bad_poison.d -I include -I tools/agbcc/include test/battle/status1/bad_poison.c
tools/scaninc/scaninc -M build/modern-test/test/battle/status1/burn.d -I include -I tools/agbcc/include test/battle/status1/burn.c
tools/scaninc/scaninc -M build/modern-test/test/battle/status1/freeze.d -I include -I tools/agbcc/include test/battle/status1/freeze.c
tools/scaninc/scaninc -M build/modern-test/test/battle/status1/frostbite.d -I include -I tools/agbcc/include test/battle/status1/frostbite.c
tools/scaninc/scaninc -M build/modern-test/test/battle/status1/paralysis.d -I include -I tools/agbcc/include test/battle/status1/paralysis.c
tools/scaninc/scaninc -M build/modern-test/test/battle/status1/poison.d -I include -I tools/agbcc/include test/battle/status1/poison.c
tools/scaninc/scaninc -M build/modern-test/test/battle/status1/sleep.d -I include -I tools/agbcc/include test/battle/status1/sleep.c
tools/scaninc/scaninc -M build/modern-test/test/battle/status2/confusion.d -I include -I tools/agbcc/include test/battle/status2/confusion.c
tools/scaninc/scaninc -M build/modern-test/test/battle/terrain/electric.d -I include -I tools/agbcc/include test/battle/terrain/electric.c
tools/scaninc/scaninc -M build/modern-test/test/battle/terrain/grassy.d -I include -I tools/agbcc/include test/battle/terrain/grassy.c
tools/scaninc/scaninc -M build/modern-test/test/battle/terrain/misty.d -I include -I tools/agbcc/include test/battle/terrain/misty.c
tools/scaninc/scaninc -M build/modern-test/test/battle/terrain/psychic.d -I include -I tools/agbcc/include test/battle/terrain/psychic.c
tools/scaninc/scaninc -M build/modern-test/test/battle/terrain/starting_terrain.d -I include -I tools/agbcc/include test/battle/terrain/starting_terrain.c
tools/scaninc/scaninc -M build/modern-test/test/battle/weather/hail.d -I include -I tools/agbcc/include test/battle/weather/hail.c
tools/scaninc/scaninc -M build/modern-test/test/battle/weather/rain.d -I include -I tools/agbcc/include test/battle/weather/rain.c
tools/scaninc/scaninc -M build/modern-test/test/battle/weather/sandstorm.d -I include -I tools/agbcc/include test/battle/weather/sandstorm.c
tools/scaninc/scaninc -M build/modern-test/test/battle/weather/snow.d -I include -I tools/agbcc/include test/battle/weather/snow.c
tools/scaninc/scaninc -M build/modern-test/test/battle/weather/sunlight.d -I include -I tools/agbcc/include test/battle/weather/sunlight.c
tools/scaninc/scaninc -M build/modern-test/src/crt0.d -I include -I "" src/crt0.s
tools/scaninc/scaninc -M build/modern-test/src/libgcnmultiboot.d -I include -I "" src/libgcnmultiboot.s
tools/scaninc/scaninc -M build/modern-test/src/m4a_1.d -I include -I "" src/m4a_1.s
tools/scaninc/scaninc -M build/modern-test/src/rom_header.d -I include -I "" src/rom_header.s
tools/scaninc/scaninc -M build/modern-test/data/battle_anim_scripts.d -I include -I "" data/battle_anim_scripts.s
tools/scaninc/scaninc -M build/modern-test/data/battle_scripts_1.d -I include -I "" data/battle_scripts_1.s
tools/scaninc/scaninc -M build/modern-test/data/battle_scripts_2.d -I include -I "" data/battle_scripts_2.s
tools/scaninc/scaninc -M build/modern-test/data/contest_ai_scripts.d -I include -I "" data/contest_ai_scripts.s
tools/scaninc/scaninc -M build/modern-test/data/event_scripts.d -I include -I "" data/event_scripts.s
tools/scaninc/scaninc -M build/modern-test/data/field_effect_scripts.d -I include -I "" data/field_effect_scripts.s
tools/scaninc/scaninc -M build/modern-test/data/multiboot_berry_glitch_fix.d -I include -I "" data/multiboot_berry_glitch_fix.s
tools/scaninc/scaninc -M build/modern-test/data/multiboot_ereader.d -I include -I "" data/multiboot_ereader.s
tools/scaninc/scaninc -M build/modern-test/data/multiboot_pokemon_colosseum.d -I include -I "" data/multiboot_pokemon_colosseum.s
tools/scaninc/scaninc -M build/modern-test/data/mystery_event_script_cmd_table.d -I include -I "" data/mystery_event_script_cmd_table.s
tools/scaninc/scaninc -M build/modern-test/data/mystery_gift.d -I include -I "" data/mystery_gift.s
tools/scaninc/scaninc -M build/modern-test/data/sound_data.d -I include -I "" data/sound_data.s
cd build/modern-test && sed "s#tools/#../../tools/#g" ../../ld_script_test.ld > ld_script_test.ld
cc patchelf.c -o patchelf 
/usr/lib/gcc/arm-none-eabi/14.2.1/cc1 -quiet <flags> -o build/modern-test/src/AgbRfu_LinkManager.o src/AgbRfu_LinkManager.c
/usr/lib/gcc/arm-none-eabi/14.2.1/cc1 -quiet <flags> -o build/modern-test/src/agb_flash.o src/agb_flash.c
/usr/lib/gcc/arm-none-eabi/14.2.1/cc1 -quiet <flags> -o build/modern-test/src/agb_flash_1m.o src/agb_flash_1m.c
cc main.c -Werror=implicit-function-declaration -o mgba-rom-test-hydra -lm 
/usr/lib/gcc/arm-none-eabi/14.2.1/cc1 -quiet <flags> -o build/modern-test/src/agb_flash_le.o src/agb_flash_le.c
/usr/lib/gcc/arm-none-eabi/14.2.1/cc1 -quiet <flags> -o build/modern-test/src/agb_flash_mx.o src/agb_flash_mx.c
/usr/lib/gcc/arm-none-eabi/14.2.1/cc1 -quiet <flags> -o build/modern-test/src/apprentice.o src/apprentice.c
main.c: In function ‘main’:
main.c:589:52: warning: ‘%02x’ directive output may be truncated writing between 2 and 8 bytes into a region of size 3 [-Wformat-truncation=]
  589 |                 snprintf(i_arg, sizeof(i_arg), "\\x%02x", i);
      |                                                    ^~~~
main.c:589:48: note: directive argument in the range [0, 2147483647]
  589 |                 snprintf(i_arg, sizeof(i_arg), "\\x%02x", i);
      |                                                ^~~~~~~~~
main.c:589:17: note: ‘snprintf’ output between 5 and 11 bytes into a destination of size 5
  589 |                 snprintf(i_arg, sizeof(i_arg), "\\x%02x", i);
      |                 ^~~~~~~~~~~~~~~~~~~~~~~~~~~~~~~~~~~~~~~~~~~~
/usr/lib/gcc/arm-none-eabi/14.2.1/cc1 -quiet <flags> -o build/modern-test/src/bard_music.o src/bard_music.c
/usr/lib/gcc/arm-none-eabi/14.2.1/cc1 -quiet <flags> -o build/modern-test/src/battle_ai_main.o src/battle_ai_main.c
/usr/lib/gcc/arm-none-eabi/14.2.1/cc1 -quiet <flags> -o build/modern-test/src/battle_ai_switch_items.o src/battle_ai_switch_items.c
/usr/lib/gcc/arm-none-eabi/14.2.1/cc1 -quiet <flags> -o build/modern-test/src/battle_ai_util.o src/battle_ai_util.c
/usr/lib/gcc/arm-none-eabi/14.2.1/cc1 -quiet <flags> -o build/modern-test/src/battle_anim.o src/battle_anim.c
/usr/lib/gcc/arm-none-eabi/14.2.1/cc1 -quiet <flags> -o build/modern-test/src/battle_anim_bug.o src/battle_anim_bug.c
/usr/lib/gcc/arm-none-eabi/14.2.1/cc1 -quiet <flags> -o build/modern-test/src/battle_anim_dark.o src/battle_anim_dark.c
/usr/lib/gcc/arm-none-eabi/14.2.1/cc1 -quiet <flags> -o build/modern-test/src/battle_anim_dragon.o src/battle_anim_dragon.c
/usr/lib/gcc/arm-none-eabi/14.2.1/cc1 -quiet <flags> -o build/modern-test/src/battle_anim_effects_1.o src/battle_anim_effects_1.c
/usr/lib/gcc/arm-none-eabi/14.2.1/cc1 -quiet <flags> -o build/modern-test/src/battle_anim_effects_2.o src/battle_anim_effects_2.c
/usr/lib/gcc/arm-none-eabi/14.2.1/cc1 -quiet <flags> -o build/modern-test/src/battle_anim_effects_3.o src/battle_anim_effects_3.c
/usr/lib/gcc/arm-none-eabi/14.2.1/cc1 -quiet <flags> -o build/modern-test/src/battle_anim_electric.o src/battle_anim_electric.c
/usr/lib/gcc/arm-none-eabi/14.2.1/cc1 -quiet <flags> -o build/modern-test/src/battle_anim_fight.o src/battle_anim_fight.c
/usr/lib/gcc/arm-none-eabi/14.2.1/cc1 -quiet <flags> -o build/modern-test/src/battle_anim_fire.o src/battle_anim_fire.c
/usr/lib/gcc/arm-none-eabi/14.2.1/cc1 -quiet <flags> -o build/modern-test/src/battle_anim_flying.o src/battle_anim_flying.c
/usr/lib/gcc/arm-none-eabi/14.2.1/cc1 -quiet <flags> -o build/modern-test/src/battle_anim_ghost.o src/battle_anim_ghost.c
/usr/lib/gcc/arm-none-eabi/14.2.1/cc1 -quiet <flags> -o build/modern-test/src/battle_anim_ground.o src/battle_anim_ground.c
/usr/lib/gcc/arm-none-eabi/14.2.1/cc1 -quiet <flags> -o build/modern-test/src/battle_anim_ice.o src/battle_anim_ice.c
/usr/lib/gcc/arm-none-eabi/14.2.1/cc1 -quiet <flags> -o build/modern-test/src/battle_anim_mons.o src/battle_anim_mons.c
/usr/lib/gcc/arm-none-eabi/14.2.1/cc1 -quiet <flags> -o build/modern-test/src/battle_anim_mon_movement.o src/battle_anim_mon_movement.c
/usr/lib/gcc/arm-none-eabi/14.2.1/cc1 -quiet <flags> -o build/modern-test/src/battle_anim_new.o src/battle_anim_new.c
/usr/lib/gcc/arm-none-eabi/14.2.1/cc1 -quiet <flags> -o build/modern-test/src/battle_anim_normal.o src/battle_anim_normal.c
/usr/lib/gcc/arm-none-eabi/14.2.1/cc1 -quiet <flags> -o build/modern-test/src/battle_anim_poison.o src/battle_anim_poison.c
/usr/lib/gcc/arm-none-eabi/14.2.1/cc1 -quiet <flags> -o build/modern-test/src/battle_anim_psychic.o src/battle_anim_psychic.c
/usr/lib/gcc/arm-none-eabi/14.2.1/cc1 -quiet <flags> -o build/modern-test/src/battle_anim_rock.o src/battle_anim_rock.c
/usr/lib/gcc/arm-none-eabi/14.2.1/cc1 -quiet <flags> -o build/modern-test/src/battle_anim_smokescreen.o src/battle_anim_smokescreen.c
/usr/lib/gcc/arm-none-eabi/14.2.1/cc1 -quiet <flags> -o build/modern-test/src/battle_anim_sound_tasks.o src/battle_anim_sound_tasks.c
/usr/lib/gcc/arm-none-eabi/14.2.1/cc1 -quiet <flags> -o build/modern-test/src/battle_anim_status_effects.o src/battle_anim_status_effects.c
/usr/lib/gcc/arm-none-eabi/14.2.1/cc1 -quiet <flags> -o build/modern-test/src/battle_anim_throw.o src/battle_anim_throw.c
/usr/lib/gcc/arm-none-eabi/14.2.1/cc1 -quiet <flags> -o build/modern-test/src/battle_anim_utility_funcs.o src/battle_anim_utility_funcs.c
/usr/lib/gcc/arm-none-eabi/14.2.1/cc1 -quiet <flags> -o build/modern-test/src/battle_anim_water.o src/battle_anim_water.c
/usr/lib/gcc/arm-none-eabi/14.2.1/cc1 -quiet <flags> -o build/modern-test/src/battle_arena.o src/battle_arena.c
/usr/lib/gcc/arm-none-eabi/14.2.1/cc1 -quiet <flags> -o build/modern-test/src/battle_bg.o src/battle_bg.c
/usr/lib/gcc/arm-none-eabi/14.2.1/cc1 -quiet <flags> -o build/modern-test/src/battle_controller_link_opponent.o src/battle_controller_link_opponent.c
/usr/lib/gcc/arm-none-eabi/14.2.1/cc1 -quiet <flags> -o build/modern-test/src/battle_controller_link_partner.o src/battle_controller_link_partner.c
/usr/lib/gcc/arm-none-eabi/14.2.1/cc1 -quiet <flags> -o build/modern-test/src/battle_controller_opponent.o src/battle_controller_opponent.c
/usr/lib/gcc/arm-none-eabi/14.2.1/cc1 -quiet <flags> -o build/modern-test/src/battle_controller_player.o src/battle_controller_player.c
/usr/lib/gcc/arm-none-eabi/14.2.1/cc1 -quiet <flags> -o build/modern-test/src/battle_controller_player_partner.o src/battle_controller_player_partner.c
/usr/lib/gcc/arm-none-eabi/14.2.1/cc1 -quiet <flags> -o build/modern-test/src/battle_controller_recorded_opponent.o src/battle_controller_recorded_opponent.c
/usr/lib/gcc/arm-none-eabi/14.2.1/cc1 -quiet <flags> -o build/modern-test/src/battle_controller_recorded_player.o src/battle_controller_recorded_player.c
/usr/lib/gcc/arm-none-eabi/14.2.1/cc1 -quiet <flags> -o build/modern-test/src/battle_controller_safari.o src/battle_controller_safari.c
/usr/lib/gcc/arm-none-eabi/14.2.1/cc1 -quiet <flags> -o build/modern-test/src/battle_controller_wally.o src/battle_controller_wally.c
/usr/lib/gcc/arm-none-eabi/14.2.1/cc1 -quiet <flags> -o build/modern-test/src/battle_controllers.o src/battle_controllers.c
/usr/lib/gcc/arm-none-eabi/14.2.1/cc1 -quiet <flags> -o build/modern-test/src/battle_debug.o src/battle_debug.c
/usr/lib/gcc/arm-none-eabi/14.2.1/cc1 -quiet <flags> -o build/modern-test/src/battle_dome.o src/battle_dome.c
/usr/lib/gcc/arm-none-eabi/14.2.1/cc1 -quiet <flags> -o build/modern-test/src/battle_dynamax.o src/battle_dynamax.c
/usr/lib/gcc/arm-none-eabi/14.2.1/cc1 -quiet <flags> -o build/modern-test/src/battle_factory.o src/battle_factory.c
/usr/lib/gcc/arm-none-eabi/14.2.1/cc1 -quiet <flags> -o build/modern-test/src/battle_factory_screen.o src/battle_factory_screen.c
/usr/lib/gcc/arm-none-eabi/14.2.1/cc1 -quiet <flags> -o build/modern-test/src/battle_gfx_sfx_util.o src/battle_gfx_sfx_util.c
/usr/lib/gcc/arm-none-eabi/14.2.1/cc1 -quiet <flags> -o build/modern-test/src/battle_gimmick.o src/battle_gimmick.c
/usr/lib/gcc/arm-none-eabi/14.2.1/cc1 -quiet <flags> -o build/modern-test/src/battle_interface.o src/battle_interface.c
/usr/lib/gcc/arm-none-eabi/14.2.1/cc1 -quiet <flags> -o build/modern-test/src/battle_intro.o src/battle_intro.c
/usr/lib/gcc/arm-none-eabi/14.2.1/cc1 -quiet <flags> -o build/modern-test/src/battle_main.o src/battle_main.c
/usr/lib/gcc/arm-none-eabi/14.2.1/cc1 -quiet <flags> -o build/modern-test/src/battle_message.o src/battle_message.c
/usr/lib/gcc/arm-none-eabi/14.2.1/cc1 -quiet <flags> -o build/modern-test/src/battle_palace.o src/battle_palace.c
/usr/lib/gcc/arm-none-eabi/14.2.1/cc1 -quiet <flags> -o build/modern-test/src/battle_pike.o src/battle_pike.c
/usr/lib/gcc/arm-none-eabi/14.2.1/cc1 -quiet <flags> -o build/modern-test/src/battle_pyramid.o src/battle_pyramid.c
/usr/lib/gcc/arm-none-eabi/14.2.1/cc1 -quiet <flags> -o build/modern-test/src/battle_pyramid_bag.o src/battle_pyramid_bag.c
/usr/lib/gcc/arm-none-eabi/14.2.1/cc1 -quiet <flags> -o build/modern-test/src/battle_records.o src/battle_records.c
/usr/lib/gcc/arm-none-eabi/14.2.1/cc1 -quiet <flags> -o build/modern-test/src/battle_script_commands.o src/battle_script_commands.c
/usr/lib/gcc/arm-none-eabi/14.2.1/cc1 -quiet <flags> -o build/modern-test/src/battle_tent.o src/battle_tent.c
/usr/lib/gcc/arm-none-eabi/14.2.1/cc1 -quiet <flags> -o build/modern-test/src/battle_setup.o src/battle_setup.c
/usr/lib/gcc/arm-none-eabi/14.2.1/cc1 -quiet <flags> -o build/modern-test/src/battle_terastal.o src/battle_terastal.c
/usr/lib/gcc/arm-none-eabi/14.2.1/cc1 -quiet <flags> -o build/modern-test/src/battle_tower.o src/battle_tower.c
/usr/lib/gcc/arm-none-eabi/14.2.1/cc1 -quiet <flags> -o build/modern-test/src/battle_transition.o src/battle_transition.c
/usr/lib/gcc/arm-none-eabi/14.2.1/cc1 -quiet <flags> -o build/modern-test/src/battle_transition_frontier.o src/battle_transition_frontier.c
/usr/lib/gcc/arm-none-eabi/14.2.1/cc1 -quiet <flags> -o build/modern-test/src/battle_tv.o src/battle_tv.c
/usr/lib/gcc/arm-none-eabi/14.2.1/cc1 -quiet <flags> -o build/modern-test/src/battle_util.o src/battle_util.c
/usr/lib/gcc/arm-none-eabi/14.2.1/cc1 -quiet <flags> -o build/modern-test/src/battle_util2.o src/battle_util2.c
/usr/lib/gcc/arm-none-eabi/14.2.1/cc1 -quiet <flags> -o build/modern-test/src/battle_z_move.o src/battle_z_move.c
/usr/lib/gcc/arm-none-eabi/14.2.1/cc1 -quiet <flags> -o build/modern-test/src/berry.o src/berry.c
/usr/lib/gcc/arm-none-eabi/14.2.1/cc1 -quiet <flags> -o build/modern-test/src/berry_blender.o src/berry_blender.c
/usr/lib/gcc/arm-none-eabi/14.2.1/cc1 -quiet <flags> -o build/modern-test/src/berry_crush.o src/berry_crush.c
/usr/lib/gcc/arm-none-eabi/14.2.1/cc1 -quiet <flags> -o build/modern-test/src/berry_fix_graphics.o src/berry_fix_graphics.c
/usr/lib/gcc/arm-none-eabi/14.2.1/cc1 -quiet <flags> -o build/modern-test/src/berry_fix_program.o src/berry_fix_program.c
/usr/lib/gcc/arm-none-eabi/14.2.1/cc1 -quiet <flags> -o build/modern-test/src/berry_powder.o src/berry_powder.c
/usr/lib/gcc/arm-none-eabi/14.2.1/cc1 -quiet <flags> -o build/modern-test/src/berry_tag_screen.o src/berry_tag_screen.c
/usr/lib/gcc/arm-none-eabi/14.2.1/cc1 -quiet <flags> -o build/modern-test/src/bg.o src/bg.c
/usr/lib/gcc/arm-none-eabi/14.2.1/cc1 -quiet <flags> -o build/modern-test/src/bike.o src/bike.c
/usr/lib/gcc/arm-none-eabi/14.2.1/cc1 -quiet <flags> -o build/modern-test/src/birch_pc.o src/birch_pc.c
/usr/lib/gcc/arm-none-eabi/14.2.1/cc1 -quiet <flags> -o build/modern-test/src/blit.o src/blit.c
/usr/lib/gcc/arm-none-eabi/14.2.1/cc1 -quiet <flags> -o build/modern-test/src/braille.o src/braille.c
/usr/lib/gcc/arm-none-eabi/14.2.1/cc1 -quiet <flags> -o build/modern-test/src/braille_puzzles.o src/braille_puzzles.c
/usr/lib/gcc/arm-none-eabi/14.2.1/cc1 -quiet <flags> -o build/modern-test/src/cable_car.o src/cable_car.c
/usr/lib/gcc/arm-none-eabi/14.2.1/cc1 -quiet <flags> -o build/modern-test/src/cable_club.o src/cable_club.c
/usr/lib/gcc/arm-none-eabi/14.2.1/cc1 -quiet <flags> -o build/modern-test/src/caps.o src/caps.c
/usr/lib/gcc/arm-none-eabi/14.2.1/cc1 -quiet <flags> -o build/modern-test/src/clear_save_data_screen.o src/clear_save_data_screen.c
/usr/lib/gcc/arm-none-eabi/14.2.1/cc1 -quiet <flags> -o build/modern-test/src/clock.o src/clock.c
/usr/lib/gcc/arm-none-eabi/14.2.1/cc1 -quiet <flags> -o build/modern-test/src/coins.o src/coins.c
/usr/lib/gcc/arm-none-eabi/14.2.1/cc1 -quiet <flags> -o build/modern-test/src/confetti_util.o src/confetti_util.c
/usr/lib/gcc/arm-none-eabi/14.2.1/cc1 -quiet <flags> -o build/modern-test/src/contest.o src/contest.c
/usr/lib/gcc/arm-none-eabi/14.2.1/cc1 -quiet <flags> -o build/modern-test/src/contest_ai.o src/contest_ai.c
/usr/lib/gcc/arm-none-eabi/14.2.1/cc1 -quiet <flags> -o build/modern-test/src/contest_effect.o src/contest_effect.c
/usr/lib/gcc/arm-none-eabi/14.2.1/cc1 -quiet <flags> -o build/modern-test/src/contest_link.o src/contest_link.c
/usr/lib/gcc/arm-none-eabi/14.2.1/cc1 -quiet <flags> -o build/modern-test/src/contest_link_util.o src/contest_link_util.c
/usr/lib/gcc/arm-none-eabi/14.2.1/cc1 -quiet <flags> -o build/modern-test/src/contest_painting.o src/contest_painting.c
/usr/lib/gcc/arm-none-eabi/14.2.1/cc1 -quiet <flags> -o build/modern-test/src/contest_util.o src/contest_util.c
/usr/lib/gcc/arm-none-eabi/14.2.1/cc1 -quiet <flags> -o build/modern-test/src/coord_event_weather.o src/coord_event_weather.c
/usr/lib/gcc/arm-none-eabi/14.2.1/cc1 -quiet <flags> -o build/modern-test/src/credits.o src/credits.c
/usr/lib/gcc/arm-none-eabi/14.2.1/cc1 -quiet <flags> -o build/modern-test/src/data.o src/data.c
/usr/lib/gcc/arm-none-eabi/14.2.1/cc1 -quiet <flags> -o build/modern-test/src/daycare.o src/daycare.c
/usr/lib/gcc/arm-none-eabi/14.2.1/cc1 -quiet <flags> -o build/modern-test/src/debug.o src/debug.c
/usr/lib/gcc/arm-none-eabi/14.2.1/cc1 -quiet <flags> -o build/modern-test/src/decompress.o src/decompress.c
/usr/lib/gcc/arm-none-eabi/14.2.1/cc1 -quiet <flags> -o build/modern-test/src/decoration.o src/decoration.c
/usr/lib/gcc/arm-none-eabi/14.2.1/cc1 -quiet <flags> -o build/modern-test/src/decoration_inventory.o src/decoration_inventory.c
/usr/lib/gcc/arm-none-eabi/14.2.1/cc1 -quiet <flags> -o build/modern-test/src/dewford_trend.o src/dewford_trend.c
/usr/lib/gcc/arm-none-eabi/14.2.1/cc1 -quiet <flags> -o build/modern-test/src/digit_obj_util.o src/digit_obj_util.c
/usr/lib/gcc/arm-none-eabi/14.2.1/cc1 -quiet <flags> -o build/modern-test/src/diploma.o src/diploma.c
/usr/lib/gcc/arm-none-eabi/14.2.1/cc1 -quiet <flags> -o build/modern-test/src/dma3_manager.o src/dma3_manager.c
/usr/lib/gcc/arm-none-eabi/14.2.1/cc1 -quiet <flags> -o build/modern-test/src/dodrio_berry_picking.o src/dodrio_berry_picking.c
/usr/lib/gcc/arm-none-eabi/14.2.1/cc1 -quiet <flags> -o build/modern-test/src/dynamic_placeholder_text_util.o src/dynamic_placeholder_text_util.c
/usr/lib/gcc/arm-none-eabi/14.2.1/cc1 -quiet <flags> -o build/modern-test/src/easy_chat.o src/easy_chat.c
/usr/lib/gcc/arm-none-eabi/14.2.1/cc1 -quiet <flags> -o build/modern-test/src/egg_hatch.o src/egg_hatch.c
/usr/lib/gcc/arm-none-eabi/14.2.1/cc1 -quiet <flags> -o build/modern-test/src/ereader_helpers.o src/ereader_helpers.c
/usr/lib/gcc/arm-none-eabi/14.2.1/cc1 -quiet <flags> -o build/modern-test/src/ereader_screen.o src/ereader_screen.c
/usr/lib/gcc/arm-none-eabi/14.2.1/cc1 -quiet <flags> -o build/modern-test/src/event_data.o src/event_data.c
/usr/lib/gcc/arm-none-eabi/14.2.1/cc1 -quiet <flags> -o build/modern-test/src/event_object_lock.o src/event_object_lock.c
/usr/lib/gcc/arm-none-eabi/14.2.1/cc1 -quiet <flags> -o build/modern-test/src/event_object_movement.o src/event_object_movement.c
/usr/lib/gcc/arm-none-eabi/14.2.1/cc1 -quiet <flags> -o build/modern-test/src/evolution_graphics.o src/evolution_graphics.c
/usr/lib/gcc/arm-none-eabi/14.2.1/cc1 -quiet <flags> -o build/modern-test/src/evolution_scene.o src/evolution_scene.c
/usr/lib/gcc/arm-none-eabi/14.2.1/cc1 -quiet <flags> -o build/modern-test/src/expansion_intro.o src/expansion_intro.c
/usr/lib/gcc/arm-none-eabi/14.2.1/cc1 -quiet <flags> -o build/modern-test/src/fake_rtc.o src/fake_rtc.c
/usr/lib/gcc/arm-none-eabi/14.2.1/cc1 -quiet <flags> -o build/modern-test/src/faraway_island.o src/faraway_island.c
/usr/lib/gcc/arm-none-eabi/14.2.1/cc1 -quiet <flags> -o build/modern-test/src/field_camera.o src/field_camera.c
/usr/lib/gcc/arm-none-eabi/14.2.1/cc1 -quiet <flags> -o build/modern-test/src/field_control_avatar.o src/field_control_avatar.c
/usr/lib/gcc/arm-none-eabi/14.2.1/cc1 -quiet <flags> -o build/modern-test/src/field_door.o src/field_door.c
/usr/lib/gcc/arm-none-eabi/14.2.1/cc1 -quiet <flags> -o build/modern-test/src/field_effect.o src/field_effect.c
/usr/lib/gcc/arm-none-eabi/14.2.1/cc1 -quiet <flags> -o build/modern-test/src/field_effect_helpers.o src/field_effect_helpers.c
/usr/lib/gcc/arm-none-eabi/14.2.1/cc1 -quiet <flags> -o build/modern-test/src/field_message_box.o src/field_message_box.c
/usr/lib/gcc/arm-none-eabi/14.2.1/cc1 -quiet <flags> -o build/modern-test/src/field_player_avatar.o src/field_player_avatar.c
/usr/lib/gcc/arm-none-eabi/14.2.1/cc1 -quiet <flags> -o build/modern-test/src/field_poison.o src/field_poison.c
/usr/lib/gcc/arm-none-eabi/14.2.1/cc1 -quiet <flags> -o build/modern-test/src/field_region_map.o src/field_region_map.c
/usr/lib/gcc/arm-none-eabi/14.2.1/cc1 -quiet <flags> -o build/modern-test/src/field_screen_effect.o src/field_screen_effect.c
/usr/lib/gcc/arm-none-eabi/14.2.1/cc1 -quiet <flags> -o build/modern-test/src/field_special_scene.o src/field_special_scene.c
/usr/lib/gcc/arm-none-eabi/14.2.1/cc1 -quiet <flags> -o build/modern-test/src/field_specials.o src/field_specials.c
/usr/lib/gcc/arm-none-eabi/14.2.1/cc1 -quiet <flags> -o build/modern-test/src/field_tasks.o src/field_tasks.c
/usr/lib/gcc/arm-none-eabi/14.2.1/cc1 -quiet <flags> -o build/modern-test/src/field_weather.o src/field_weather.c
/usr/lib/gcc/arm-none-eabi/14.2.1/cc1 -quiet <flags> -o build/modern-test/src/field_weather_effect.o src/field_weather_effect.c
/usr/lib/gcc/arm-none-eabi/14.2.1/cc1 -quiet <flags> -o build/modern-test/src/fieldmap.o src/fieldmap.c
/usr/lib/gcc/arm-none-eabi/14.2.1/cc1 -quiet <flags> -o build/modern-test/src/fldeff_cut.o src/fldeff_cut.c
/usr/lib/gcc/arm-none-eabi/14.2.1/cc1 -quiet <flags> -o build/modern-test/src/fldeff_dig.o src/fldeff_dig.c
/usr/lib/gcc/arm-none-eabi/14.2.1/cc1 -quiet <flags> -o build/modern-test/src/fldeff_escalator.o src/fldeff_escalator.c
/usr/lib/gcc/arm-none-eabi/14.2.1/cc1 -quiet <flags> -o build/modern-test/src/fldeff_flash.o src/fldeff_flash.c
/usr/lib/gcc/arm-none-eabi/14.2.1/cc1 -quiet <flags> -o build/modern-test/src/fldeff_misc.o src/fldeff_misc.c
/usr/lib/gcc/arm-none-eabi/14.2.1/cc1 -quiet <flags> -o build/modern-test/src/fldeff_rocksmash.o src/fldeff_rocksmash.c
/usr/lib/gcc/arm-none-eabi/14.2.1/cc1 -quiet <flags> -o build/modern-test/src/fldeff_softboiled.o src/fldeff_softboiled.c
/usr/lib/gcc/arm-none-eabi/14.2.1/cc1 -quiet <flags> -o build/modern-test/src/fldeff_strength.o src/fldeff_strength.c
/usr/lib/gcc/arm-none-eabi/14.2.1/cc1 -quiet <flags> -o build/modern-test/src/fldeff_sweetscent.o src/fldeff_sweetscent.c
/usr/lib/gcc/arm-none-eabi/14.2.1/cc1 -quiet <flags> -o build/modern-test/src/fldeff_teleport.o src/fldeff_teleport.c
/usr/lib/gcc/arm-none-eabi/14.2.1/cc1 -quiet <flags> -o build/modern-test/src/follower_helper.o src/follower_helper.c
/usr/lib/gcc/arm-none-eabi/14.2.1/cc1 -quiet <flags> -o build/modern-test/src/fonts.o src/fonts.c
/usr/lib/gcc/arm-none-eabi/14.2.1/cc1 -quiet <flags> -o build/modern-test/src/frontier_pass.o src/frontier_pass.c
/usr/lib/gcc/arm-none-eabi/14.2.1/cc1 -quiet <flags> -o build/modern-test/src/frontier_util.o src/frontier_util.c
/usr/lib/gcc/arm-none-eabi/14.2.1/cc1 -quiet <flags> -o build/modern-test/src/gpu_regs.o src/gpu_regs.c
/usr/lib/gcc/arm-none-eabi/14.2.1/cc1 -quiet <flags> -o build/modern-test/src/graphics.o src/graphics.c
/usr/lib/gcc/arm-none-eabi/14.2.1/cc1 -quiet <flags> -o build/modern-test/src/gym_leader_rematch.o src/gym_leader_rematch.c
/usr/lib/gcc/arm-none-eabi/14.2.1/cc1 -quiet <flags> -o build/modern-test/src/hall_of_fame.o src/hall_of_fame.c
/usr/lib/gcc/arm-none-eabi/14.2.1/cc1 -quiet <flags> -o build/modern-test/src/heal_location.o src/heal_location.c
/usr/lib/gcc/arm-none-eabi/14.2.1/cc1 -quiet <flags> -o build/modern-test/src/hof_pc.o src/hof_pc.c
/usr/lib/gcc/arm-none-eabi/14.2.1/cc1 -quiet <flags> -o build/modern-test/src/international_string_util.o src/international_string_util.c
/usr/lib/gcc/arm-none-eabi/14.2.1/cc1 -quiet <flags> -o build/modern-test/src/image_processing_effects.o src/image_processing_effects.c
/usr/lib/gcc/arm-none-eabi/14.2.1/cc1 -quiet <flags> -o build/modern-test/src/intro.o src/intro.c
/usr/lib/gcc/arm-none-eabi/14.2.1/cc1 -quiet <flags> -o build/modern-test/src/intro_credits_graphics.o src/intro_credits_graphics.c
/usr/lib/gcc/arm-none-eabi/14.2.1/cc1 -quiet <flags> -o build/modern-test/src/io_reg.o src/io_reg.c
/usr/lib/gcc/arm-none-eabi/14.2.1/cc1 -quiet <flags> -o build/modern-test/src/item.o src/item.c
/usr/lib/gcc/arm-none-eabi/14.2.1/cc1 -quiet <flags> -o build/modern-test/src/item_ball.o src/item_ball.c
/usr/lib/gcc/arm-none-eabi/14.2.1/cc1 -quiet <flags> -o build/modern-test/src/item_icon.o src/item_icon.c
/usr/lib/gcc/arm-none-eabi/14.2.1/cc1 -quiet <flags> -o build/modern-test/src/item_menu.o src/item_menu.c
/usr/lib/gcc/arm-none-eabi/14.2.1/cc1 -quiet <flags> -o build/modern-test/src/item_menu_icons.o src/item_menu_icons.c
/usr/lib/gcc/arm-none-eabi/14.2.1/cc1 -quiet <flags> -o build/modern-test/src/item_use.o src/item_use.c
/usr/lib/gcc/arm-none-eabi/14.2.1/cc1 -quiet <flags> -o build/modern-test/src/landmark.o src/landmark.c
/usr/lib/gcc/arm-none-eabi/14.2.1/cc1 -quiet <flags> -o build/modern-test/src/libisagbprn.o src/libisagbprn.c
/usr/lib/gcc/arm-none-eabi/14.2.1/cc1 -quiet <flags> -o build/modern-test/src/librfu_intr.o src/librfu_intr.c
/usr/lib/gcc/arm-none-eabi/14.2.1/cc1 -quiet <flags> -o build/modern-test/src/librfu_rfu.o src/librfu_rfu.c
/usr/lib/gcc/arm-none-eabi/14.2.1/cc1 -quiet <flags> -o build/modern-test/src/librfu_sio32id.o src/librfu_sio32id.c
/usr/lib/gcc/arm-none-eabi/14.2.1/cc1 -quiet <flags> -o build/modern-test/src/librfu_stwi.o src/librfu_stwi.c
/usr/lib/gcc/arm-none-eabi/14.2.1/cc1 -quiet <flags> -o build/modern-test/src/lilycove_lady.o src/lilycove_lady.c
/usr/lib/gcc/arm-none-eabi/14.2.1/cc1 -quiet <flags> -o build/modern-test/src/line_break.o src/line_break.c
/usr/lib/gcc/arm-none-eabi/14.2.1/cc1 -quiet <flags> -o build/modern-test/src/link.o src/link.c
/usr/lib/gcc/arm-none-eabi/14.2.1/cc1 -quiet <flags> -o build/modern-test/src/link_rfu_2.o src/link_rfu_2.c
/usr/lib/gcc/arm-none-eabi/14.2.1/cc1 -quiet <flags> -o build/modern-test/src/link_rfu_3.o src/link_rfu_3.c
/usr/lib/gcc/arm-none-eabi/14.2.1/cc1 -quiet <flags> -o build/modern-test/src/list_menu.o src/list_menu.c
/usr/lib/gcc/arm-none-eabi/14.2.1/cc1 -quiet <flags> -o build/modern-test/src/load_save.o src/load_save.c
/usr/lib/gcc/arm-none-eabi/14.2.1/cc1 -quiet <flags> -o build/modern-test/src/lottery_corner.o src/lottery_corner.c
/usr/lib/gcc/arm-none-eabi/14.2.1/cc1 -quiet <flags> -o build/modern-test/src/m4a.o src/m4a.c
/usr/lib/gcc/arm-none-eabi/14.2.1/cc1 -quiet <flags> -o build/modern-test/src/m4a_tables.o src/m4a_tables.c
/usr/lib/gcc/arm-none-eabi/14.2.1/cc1 -quiet <flags> -o build/modern-test/src/mail.o src/mail.c
/usr/lib/gcc/arm-none-eabi/14.2.1/cc1 -quiet <flags> -o build/modern-test/src/mail_data.o src/mail_data.c
/usr/lib/gcc/arm-none-eabi/14.2.1/cc1 -quiet <flags> -o build/modern-test/src/main.o src/main.c
/usr/lib/gcc/arm-none-eabi/14.2.1/cc1 -quiet <flags> -o build/modern-test/src/main_menu.o src/main_menu.c
/usr/lib/gcc/arm-none-eabi/14.2.1/cc1 -quiet <flags> -o build/modern-test/src/malloc.o src/malloc.c
/usr/lib/gcc/arm-none-eabi/14.2.1/cc1 -quiet <flags> -o build/modern-test/src/map_name_popup.o src/map_name_popup.c
/usr/lib/gcc/arm-none-eabi/14.2.1/cc1 -quiet <flags> -o build/modern-test/src/match_call.o src/match_call.c
/usr/lib/gcc/arm-none-eabi/14.2.1/cc1 -quiet <flags> -o build/modern-test/src/math_util.o src/math_util.c
/usr/lib/gcc/arm-none-eabi/14.2.1/cc1 -quiet <flags> -o build/modern-test/src/mauville_old_man.o src/mauville_old_man.c
/usr/lib/gcc/arm-none-eabi/14.2.1/cc1 -quiet <flags> -o build/modern-test/src/menu.o src/menu.c
/usr/lib/gcc/arm-none-eabi/14.2.1/cc1 -quiet <flags> -o build/modern-test/src/menu_helpers.o src/menu_helpers.c
/usr/lib/gcc/arm-none-eabi/14.2.1/cc1 -quiet <flags> -o build/modern-test/src/menu_specialized.o src/menu_specialized.c
/usr/lib/gcc/arm-none-eabi/14.2.1/cc1 -quiet <flags> -o build/modern-test/src/metatile_behavior.o src/metatile_behavior.c
/usr/lib/gcc/arm-none-eabi/14.2.1/cc1 -quiet <flags> -o build/modern-test/src/mini_printf.o src/mini_printf.c
/usr/lib/gcc/arm-none-eabi/14.2.1/cc1 -quiet <flags> -o build/modern-test/src/minigame_countdown.o src/minigame_countdown.c
/usr/lib/gcc/arm-none-eabi/14.2.1/cc1 -quiet <flags> -o build/modern-test/src/mirage_tower.o src/mirage_tower.c
/usr/lib/gcc/arm-none-eabi/14.2.1/cc1 -quiet <flags> -o build/modern-test/src/mon_markings.o src/mon_markings.c
/usr/lib/gcc/arm-none-eabi/14.2.1/cc1 -quiet <flags> -o build/modern-test/src/money.o src/money.c
/usr/lib/gcc/arm-none-eabi/14.2.1/cc1 -quiet <flags> -o build/modern-test/src/move_relearner.o src/move_relearner.c
/usr/lib/gcc/arm-none-eabi/14.2.1/cc1 -quiet <flags> -o build/modern-test/src/multiboot.o src/multiboot.c
/usr/lib/gcc/arm-none-eabi/14.2.1/cc1 -quiet <flags> -o build/modern-test/src/mystery_event_menu.o src/mystery_event_menu.c
/usr/lib/gcc/arm-none-eabi/14.2.1/cc1 -quiet <flags> -o build/modern-test/src/mystery_event_msg.o src/mystery_event_msg.c
/usr/lib/gcc/arm-none-eabi/14.2.1/cc1 -quiet <flags> -o build/modern-test/src/mystery_event_script.o src/mystery_event_script.c
/usr/lib/gcc/arm-none-eabi/14.2.1/cc1 -quiet <flags> -o build/modern-test/src/mystery_gift.o src/mystery_gift.c
/usr/lib/gcc/arm-none-eabi/14.2.1/cc1 -quiet <flags> -o build/modern-test/src/mystery_gift_client.o src/mystery_gift_client.c
/usr/lib/gcc/arm-none-eabi/14.2.1/cc1 -quiet <flags> -o build/modern-test/src/mystery_gift_link.o src/mystery_gift_link.c
/usr/lib/gcc/arm-none-eabi/14.2.1/cc1 -quiet <flags> -o build/modern-test/src/mystery_gift_menu.o src/mystery_gift_menu.c
/usr/lib/gcc/arm-none-eabi/14.2.1/cc1 -quiet <flags> -o build/modern-test/src/mystery_gift_scripts.o src/mystery_gift_scripts.c
/usr/lib/gcc/arm-none-eabi/14.2.1/cc1 -quiet <flags> -o build/modern-test/src/mystery_gift_server.o src/mystery_gift_server.c
/usr/lib/gcc/arm-none-eabi/14.2.1/cc1 -quiet <flags> -o build/modern-test/src/mystery_gift_view.o src/mystery_gift_view.c
/usr/lib/gcc/arm-none-eabi/14.2.1/cc1 -quiet <flags> -o build/modern-test/src/naming_screen.o src/naming_screen.c
/usr/lib/gcc/arm-none-eabi/14.2.1/cc1 -quiet <flags> -o build/modern-test/src/new_game.o src/new_game.c
/usr/lib/gcc/arm-none-eabi/14.2.1/cc1 -quiet <flags> -o build/modern-test/src/option_menu.o src/option_menu.c
/usr/lib/gcc/arm-none-eabi/14.2.1/cc1 -quiet <flags> -o build/modern-test/src/overworld.o src/overworld.c
/usr/lib/gcc/arm-none-eabi/14.2.1/cc1 -quiet <flags> -o build/modern-test/src/palette.o src/palette.c
/usr/lib/gcc/arm-none-eabi/14.2.1/cc1 -quiet <flags> -o build/modern-test/src/palette_util.o src/palette_util.c
/usr/lib/gcc/arm-none-eabi/14.2.1/cc1 -quiet <flags> -o build/modern-test/src/party_menu.o src/party_menu.c
/usr/lib/gcc/arm-none-eabi/14.2.1/cc1 -quiet <flags> -o build/modern-test/src/play_time.o src/play_time.c
/usr/lib/gcc/arm-none-eabi/14.2.1/cc1 -quiet <flags> -o build/modern-test/src/player_pc.o src/player_pc.c
/usr/lib/gcc/arm-none-eabi/14.2.1/cc1 -quiet <flags> -o build/modern-test/src/pokeball.o src/pokeball.c
/usr/lib/gcc/arm-none-eabi/14.2.1/cc1 -quiet <flags> -o build/modern-test/src/pokeblock.o src/pokeblock.c
/usr/lib/gcc/arm-none-eabi/14.2.1/cc1 -quiet <flags> -o build/modern-test/src/pokeblock_feed.o src/pokeblock_feed.c
/usr/lib/gcc/arm-none-eabi/14.2.1/cc1 -quiet <flags> -o build/modern-test/src/pokedex.o src/pokedex.c
/usr/lib/gcc/arm-none-eabi/14.2.1/cc1 -quiet <flags> -o build/modern-test/src/pokedex_area_region_map.o src/pokedex_area_region_map.c
/usr/lib/gcc/arm-none-eabi/14.2.1/cc1 -quiet <flags> -o build/modern-test/src/pokedex_area_screen.o src/pokedex_area_screen.c
/usr/lib/gcc/arm-none-eabi/14.2.1/cc1 -quiet <flags> -o build/modern-test/src/pokedex_cry_screen.o src/pokedex_cry_screen.c
/usr/lib/gcc/arm-none-eabi/14.2.1/cc1 -quiet <flags> -o build/modern-test/src/pokedex_plus_hgss.o src/pokedex_plus_hgss.c
/usr/lib/gcc/arm-none-eabi/14.2.1/cc1 -quiet <flags> -o build/modern-test/src/pokemon.o src/pokemon.c
/usr/lib/gcc/arm-none-eabi/14.2.1/cc1 -quiet <flags> -o build/modern-test/src/pokemon_animation.o src/pokemon_animation.c
/usr/lib/gcc/arm-none-eabi/14.2.1/cc1 -quiet <flags> -o build/modern-test/src/pokemon_icon.o src/pokemon_icon.c
/usr/lib/gcc/arm-none-eabi/14.2.1/cc1 -quiet <flags> -o build/modern-test/src/pokemon_jump.o src/pokemon_jump.c
/usr/lib/gcc/arm-none-eabi/14.2.1/cc1 -quiet <flags> -o build/modern-test/src/pokemon_size_record.o src/pokemon_size_record.c
/usr/lib/gcc/arm-none-eabi/14.2.1/cc1 -quiet <flags> -o build/modern-test/src/pokemon_sprite_visualizer.o src/pokemon_sprite_visualizer.c
/usr/lib/gcc/arm-none-eabi/14.2.1/cc1 -quiet <flags> -o build/modern-test/src/pokemon_storage_system.o src/pokemon_storage_system.c
/usr/lib/gcc/arm-none-eabi/14.2.1/cc1 -quiet <flags> -o build/modern-test/src/pokenav.o src/pokenav.c
/usr/lib/gcc/arm-none-eabi/14.2.1/cc1 -quiet <flags> -o build/modern-test/src/pokemon_summary_screen.o src/pokemon_summary_screen.c
/usr/lib/gcc/arm-none-eabi/14.2.1/cc1 -quiet <flags> -o build/modern-test/src/pokenav_conditions.o src/pokenav_conditions.c
/usr/lib/gcc/arm-none-eabi/14.2.1/cc1 -quiet <flags> -o build/modern-test/src/pokenav_conditions_gfx.o src/pokenav_conditions_gfx.c
/usr/lib/gcc/arm-none-eabi/14.2.1/cc1 -quiet <flags> -o build/modern-test/src/pokenav_conditions_search_results.o src/pokenav_conditions_search_results.c
/usr/lib/gcc/arm-none-eabi/14.2.1/cc1 -quiet <flags> -o build/modern-test/src/pokenav_list.o src/pokenav_list.c
/usr/lib/gcc/arm-none-eabi/14.2.1/cc1 -quiet <flags> -o build/modern-test/src/pokenav_main_menu.o src/pokenav_main_menu.c
/usr/lib/gcc/arm-none-eabi/14.2.1/cc1 -quiet <flags> -o build/modern-test/src/pokenav_match_call_data.o src/pokenav_match_call_data.c
/usr/lib/gcc/arm-none-eabi/14.2.1/cc1 -quiet <flags> -o build/modern-test/src/pokenav_match_call_gfx.o src/pokenav_match_call_gfx.c
/usr/lib/gcc/arm-none-eabi/14.2.1/cc1 -quiet <flags> -o build/modern-test/src/pokenav_match_call_list.o src/pokenav_match_call_list.c
/usr/lib/gcc/arm-none-eabi/14.2.1/cc1 -quiet <flags> -o build/modern-test/src/pokenav_menu_handler.o src/pokenav_menu_handler.c
/usr/lib/gcc/arm-none-eabi/14.2.1/cc1 -quiet <flags> -o build/modern-test/src/pokenav_menu_handler_gfx.o src/pokenav_menu_handler_gfx.c
/usr/lib/gcc/arm-none-eabi/14.2.1/cc1 -quiet <flags> -o build/modern-test/src/pokenav_region_map.o src/pokenav_region_map.c
/usr/lib/gcc/arm-none-eabi/14.2.1/cc1 -quiet <flags> -o build/modern-test/src/pokenav_ribbons_list.o src/pokenav_ribbons_list.c
/usr/lib/gcc/arm-none-eabi/14.2.1/cc1 -quiet <flags> -o build/modern-test/src/pokenav_ribbons_summary.o src/pokenav_ribbons_summary.c
/usr/lib/gcc/arm-none-eabi/14.2.1/cc1 -quiet <flags> -o build/modern-test/src/post_battle_event_funcs.o src/post_battle_event_funcs.c
/usr/lib/gcc/arm-none-eabi/14.2.1/cc1 -quiet <flags> -o build/modern-test/src/random.o src/random.c
/usr/lib/gcc/arm-none-eabi/14.2.1/cc1 -quiet <flags> -o build/modern-test/src/rayquaza_scene.o src/rayquaza_scene.c
/usr/lib/gcc/arm-none-eabi/14.2.1/cc1 -quiet <flags> -o build/modern-test/src/record_mixing.o src/record_mixing.c
/usr/lib/gcc/arm-none-eabi/14.2.1/cc1 -quiet <flags> -o build/modern-test/src/recorded_battle.o src/recorded_battle.c
/usr/lib/gcc/arm-none-eabi/14.2.1/cc1 -quiet <flags> -o build/modern-test/src/region_map.o src/region_map.c
/usr/lib/gcc/arm-none-eabi/14.2.1/cc1 -quiet <flags> -o build/modern-test/src/reload_save.o src/reload_save.c
/usr/lib/gcc/arm-none-eabi/14.2.1/cc1 -quiet <flags> -o build/modern-test/src/reset_rtc_screen.o src/reset_rtc_screen.c
/usr/lib/gcc/arm-none-eabi/14.2.1/cc1 -quiet <flags> -o build/modern-test/src/reshow_battle_screen.o src/reshow_battle_screen.c
/usr/lib/gcc/arm-none-eabi/14.2.1/cc1 -quiet <flags> -o build/modern-test/src/roamer.o src/roamer.c
/usr/lib/gcc/arm-none-eabi/14.2.1/cc1 -quiet <flags> -o build/modern-test/src/rom_header_gf.o src/rom_header_gf.c
/usr/lib/gcc/arm-none-eabi/14.2.1/cc1 -quiet <flags> -o build/modern-test/src/rom_header_rhh.o src/rom_header_rhh.c
/usr/lib/gcc/arm-none-eabi/14.2.1/cc1 -quiet <flags> -o build/modern-test/src/rotating_gate.o src/rotating_gate.c
/usr/lib/gcc/arm-none-eabi/14.2.1/cc1 -quiet <flags> -o build/modern-test/src/rotating_tile_puzzle.o src/rotating_tile_puzzle.c
/usr/lib/gcc/arm-none-eabi/14.2.1/cc1 -quiet <flags> -o build/modern-test/src/rtc.o src/rtc.c
/usr/lib/gcc/arm-none-eabi/14.2.1/cc1 -quiet <flags> -o build/modern-test/src/roulette.o src/roulette.c
/usr/lib/gcc/arm-none-eabi/14.2.1/cc1 -quiet <flags> -o build/modern-test/src/safari_zone.o src/safari_zone.c
/usr/lib/gcc/arm-none-eabi/14.2.1/cc1 -quiet <flags> -o build/modern-test/src/save.o src/save.c
/usr/lib/gcc/arm-none-eabi/14.2.1/cc1 -quiet <flags> -o build/modern-test/src/save_failed_screen.o src/save_failed_screen.c
/usr/lib/gcc/arm-none-eabi/14.2.1/cc1 -quiet <flags> -o build/modern-test/src/save_location.o src/save_location.c
/usr/lib/gcc/arm-none-eabi/14.2.1/cc1 -quiet <flags> -o build/modern-test/src/scanline_effect.o src/scanline_effect.c
/usr/lib/gcc/arm-none-eabi/14.2.1/cc1 -quiet <flags> -o build/modern-test/src/scrcmd.o src/scrcmd.c
/usr/lib/gcc/arm-none-eabi/14.2.1/cc1 -quiet <flags> -o build/modern-test/src/script.o src/script.c
/usr/lib/gcc/arm-none-eabi/14.2.1/cc1 -quiet <flags> -o build/modern-test/src/script_menu.o src/script_menu.c
/usr/lib/gcc/arm-none-eabi/14.2.1/cc1 -quiet <flags> -o build/modern-test/src/script_movement.o src/script_movement.c
/usr/lib/gcc/arm-none-eabi/14.2.1/cc1 -quiet <flags> -o build/modern-test/src/script_pokemon_util.o src/script_pokemon_util.c
/usr/lib/gcc/arm-none-eabi/14.2.1/cc1 -quiet <flags> -o build/modern-test/src/secret_base.o src/secret_base.c
/usr/lib/gcc/arm-none-eabi/14.2.1/cc1 -quiet <flags> -o build/modern-test/src/shop.o src/shop.c
/usr/lib/gcc/arm-none-eabi/14.2.1/cc1 -quiet <flags> -o build/modern-test/src/siirtc.o src/siirtc.c
/usr/lib/gcc/arm-none-eabi/14.2.1/cc1 -quiet <flags> -o build/modern-test/src/slot_machine.o src/slot_machine.c
/usr/lib/gcc/arm-none-eabi/14.2.1/cc1 -quiet <flags> -o build/modern-test/src/sound.o src/sound.c
/usr/lib/gcc/arm-none-eabi/14.2.1/cc1 -quiet <flags> -o build/modern-test/src/sprays.o src/sprays.c
/usr/lib/gcc/arm-none-eabi/14.2.1/cc1 -quiet <flags> -o build/modern-test/src/sprite.o src/sprite.c
/usr/lib/gcc/arm-none-eabi/14.2.1/cc1 -quiet <flags> -o build/modern-test/src/start_menu.o src/start_menu.c
/usr/lib/gcc/arm-none-eabi/14.2.1/cc1 -quiet <flags> -o build/modern-test/src/starter_choose.o src/starter_choose.c
/usr/lib/gcc/arm-none-eabi/14.2.1/cc1 -quiet <flags> -o build/modern-test/src/string_util.o src/string_util.c
/usr/lib/gcc/arm-none-eabi/14.2.1/cc1 -quiet <flags> -o build/modern-test/src/strings.o src/strings.c
/usr/lib/gcc/arm-none-eabi/14.2.1/cc1 -quiet <flags> -o build/modern-test/src/task.o src/task.c
/usr/lib/gcc/arm-none-eabi/14.2.1/cc1 -quiet <flags> -o build/modern-test/src/test_runner_stub.o src/test_runner_stub.c
/usr/lib/gcc/arm-none-eabi/14.2.1/cc1 -quiet <flags> -o build/modern-test/src/text.o src/text.c
/usr/lib/gcc/arm-none-eabi/14.2.1/cc1 -quiet <flags> -o build/modern-test/src/text_input_strings.o src/text_input_strings.c
/usr/lib/gcc/arm-none-eabi/14.2.1/cc1 -quiet <flags> -o build/modern-test/src/text_window.o src/text_window.c
/usr/lib/gcc/arm-none-eabi/14.2.1/cc1 -quiet <flags> -o build/modern-test/src/tileset_anims.o src/tileset_anims.c
/usr/lib/gcc/arm-none-eabi/14.2.1/cc1 -quiet <flags> -o build/modern-test/src/tilesets.o src/tilesets.c
/usr/lib/gcc/arm-none-eabi/14.2.1/cc1 -quiet <flags> -o build/modern-test/src/time_events.o src/time_events.c
/usr/lib/gcc/arm-none-eabi/14.2.1/cc1 -quiet <flags> -o build/modern-test/src/title_screen.o src/title_screen.c
/usr/lib/gcc/arm-none-eabi/14.2.1/cc1 -quiet <flags> -o build/modern-test/src/trader.o src/trader.c
/usr/lib/gcc/arm-none-eabi/14.2.1/cc1 -quiet <flags> -o build/modern-test/src/trade.o src/trade.c
/usr/lib/gcc/arm-none-eabi/14.2.1/cc1 -quiet <flags> -o build/modern-test/src/trainer_card.o src/trainer_card.c
/usr/lib/gcc/arm-none-eabi/14.2.1/cc1 -quiet <flags> -o build/modern-test/src/trainer_hill.o src/trainer_hill.c
/usr/lib/gcc/arm-none-eabi/14.2.1/cc1 -quiet <flags> -o build/modern-test/src/trainer_pokemon_sprites.o src/trainer_pokemon_sprites.c
/usr/lib/gcc/arm-none-eabi/14.2.1/cc1 -quiet <flags> -o build/modern-test/src/trainer_see.o src/trainer_see.c
/usr/lib/gcc/arm-none-eabi/14.2.1/cc1 -quiet <flags> -o build/modern-test/src/trig.o src/trig.c
/usr/lib/gcc/arm-none-eabi/14.2.1/cc1 -quiet <flags> -o build/modern-test/src/tv.o src/tv.c
/usr/lib/gcc/arm-none-eabi/14.2.1/cc1 -quiet <flags> -o build/modern-test/src/type_icons.o src/type_icons.c
/usr/lib/gcc/arm-none-eabi/14.2.1/cc1 -quiet <flags> -o build/modern-test/src/union_room.o src/union_room.c
/usr/lib/gcc/arm-none-eabi/14.2.1/cc1 -quiet <flags> -o build/modern-test/src/union_room_battle.o src/union_room_battle.c
/usr/lib/gcc/arm-none-eabi/14.2.1/cc1 -quiet <flags> -o build/modern-test/src/union_room_chat.o src/union_room_chat.c
/usr/lib/gcc/arm-none-eabi/14.2.1/cc1 -quiet <flags> -o build/modern-test/src/union_room_player_avatar.o src/union_room_player_avatar.c
/usr/lib/gcc/arm-none-eabi/14.2.1/cc1 -quiet <flags> -o build/modern-test/src/use_pokeblock.o src/use_pokeblock.c
/usr/lib/gcc/arm-none-eabi/14.2.1/cc1 -quiet <flags> -o build/modern-test/src/util.o src/util.c
/usr/lib/gcc/arm-none-eabi/14.2.1/cc1 -quiet <flags> -o build/modern-test/src/vs_seeker.o src/vs_seeker.c
/usr/lib/gcc/arm-none-eabi/14.2.1/cc1 -quiet <flags> -o build/modern-test/src/walda_phrase.o src/walda_phrase.c
/usr/lib/gcc/arm-none-eabi/14.2.1/cc1 -quiet <flags> -o build/modern-test/src/wallclock.o src/wallclock.c
/usr/lib/gcc/arm-none-eabi/14.2.1/cc1 -quiet <flags> -o build/modern-test/src/wild_encounter.o src/wild_encounter.c
/usr/lib/gcc/arm-none-eabi/14.2.1/cc1 -quiet <flags> -o build/modern-test/src/window.o src/window.c
/usr/lib/gcc/arm-none-eabi/14.2.1/cc1 -quiet <flags> -o build/modern-test/src/wireless_communication_status_screen.o src/wireless_communication_status_screen.c
/usr/lib/gcc/arm-none-eabi/14.2.1/cc1 -quiet <flags> -o build/modern-test/src/wonder_news.o src/wonder_news.c
tools/preproc/preproc src/crt0.s charmap.txt | arm-none-eabi-cpp -I include - | tools/preproc/preproc -ie src/crt0.s charmap.txt | arm-none-eabi-as -mcpu=arm7tdmi --defsym MODERN=1 -o build/modern-test/src/crt0.o
tools/preproc/preproc src/libgcnmultiboot.s charmap.txt | arm-none-eabi-cpp -I include - | tools/preproc/preproc -ie src/libgcnmultiboot.s charmap.txt | arm-none-eabi-as -mcpu=arm7tdmi --defsym MODERN=1 -o build/modern-test/src/libgcnmultiboot.o
tools/preproc/preproc src/m4a_1.s charmap.txt | arm-none-eabi-cpp -I include - | tools/preproc/preproc -ie src/m4a_1.s charmap.txt | arm-none-eabi-as -mcpu=arm7tdmi --defsym MODERN=1 -o build/modern-test/src/m4a_1.o
tools/preproc/preproc src/rom_header.s charmap.txt | arm-none-eabi-cpp -I include - | tools/preproc/preproc -ie src/rom_header.s charmap.txt | arm-none-eabi-as -mcpu=arm7tdmi --defsym MODERN=1 -o build/modern-test/src/rom_header.o
tools/preproc/preproc data/battle_anim_scripts.s charmap.txt | arm-none-eabi-cpp -I include - | tools/preproc/preproc -ie data/battle_anim_scripts.s charmap.txt | arm-none-eabi-as -mcpu=arm7tdmi --defsym MODERN=1 -o build/modern-test/data/battle_anim_scripts.o
tools/preproc/preproc data/battle_scripts_1.s charmap.txt | arm-none-eabi-cpp -I include - | tools/preproc/preproc -ie data/battle_scripts_1.s charmap.txt | arm-none-eabi-as -mcpu=arm7tdmi --defsym MODERN=1 -o build/modern-test/data/battle_scripts_1.o
tools/preproc/preproc data/battle_scripts_2.s charmap.txt | arm-none-eabi-cpp -I include - | tools/preproc/preproc -ie data/battle_scripts_2.s charmap.txt | arm-none-eabi-as -mcpu=arm7tdmi --defsym MODERN=1 -o build/modern-test/data/battle_scripts_2.o
tools/preproc/preproc data/contest_ai_scripts.s charmap.txt | arm-none-eabi-cpp -I include - | tools/preproc/preproc -ie data/contest_ai_scripts.s charmap.txt | arm-none-eabi-as -mcpu=arm7tdmi --defsym MODERN=1 -o build/modern-test/data/contest_ai_scripts.o
tools/preproc/preproc data/event_scripts.s charmap.txt | arm-none-eabi-cpp -I include - | tools/preproc/preproc -ie data/event_scripts.s charmap.txt | arm-none-eabi-as -mcpu=arm7tdmi --defsym MODERN=1 -o build/modern-test/data/event_scripts.o
tools/preproc/preproc data/field_effect_scripts.s charmap.txt | arm-none-eabi-cpp -I include - | tools/preproc/preproc -ie data/field_effect_scripts.s charmap.txt | arm-none-eabi-as -mcpu=arm7tdmi --defsym MODERN=1 -o build/modern-test/data/field_effect_scripts.o
tools/preproc/preproc data/map_events.s charmap.txt | arm-none-eabi-cpp -I include - | tools/preproc/preproc -ie data/map_events.s charmap.txt | arm-none-eabi-as -mcpu=arm7tdmi --defsym MODERN=1 -o build/modern-test/data/map_events.o
tools/preproc/preproc data/maps.s charmap.txt | arm-none-eabi-cpp -I include - | tools/preproc/preproc -ie data/maps.s charmap.txt | arm-none-eabi-as -mcpu=arm7tdmi --defsym MODERN=1 -o build/modern-test/data/maps.o
tools/preproc/preproc data/multiboot_berry_glitch_fix.s charmap.txt | arm-none-eabi-cpp -I include - | tools/preproc/preproc -ie data/multiboot_berry_glitch_fix.s charmap.txt | arm-none-eabi-as -mcpu=arm7tdmi --defsym MODERN=1 -o build/modern-test/data/multiboot_berry_glitch_fix.o
tools/preproc/preproc data/multiboot_ereader.s charmap.txt | arm-none-eabi-cpp -I include - | tools/preproc/preproc -ie data/multiboot_ereader.s charmap.txt | arm-none-eabi-as -mcpu=arm7tdmi --defsym MODERN=1 -o build/modern-test/data/multiboot_ereader.o
tools/preproc/preproc data/multiboot_pokemon_colosseum.s charmap.txt | arm-none-eabi-cpp -I include - | tools/preproc/preproc -ie data/multiboot_pokemon_colosseum.s charmap.txt | arm-none-eabi-as -mcpu=arm7tdmi --defsym MODERN=1 -o build/modern-test/data/multiboot_pokemon_colosseum.o
tools/preproc/preproc data/mystery_event_script_cmd_table.s charmap.txt | arm-none-eabi-cpp -I include - | tools/preproc/preproc -ie data/mystery_event_script_cmd_table.s charmap.txt | arm-none-eabi-as -mcpu=arm7tdmi --defsym MODERN=1 -o build/modern-test/data/mystery_event_script_cmd_table.o
tools/preproc/preproc data/mystery_gift.s charmap.txt | arm-none-eabi-cpp -I include - | tools/preproc/preproc -ie data/mystery_gift.s charmap.txt | arm-none-eabi-as -mcpu=arm7tdmi --defsym MODERN=1 -o build/modern-test/data/mystery_gift.o
tools/preproc/preproc data/sound_data.s charmap.txt | arm-none-eabi-cpp -I include - | tools/preproc/preproc -ie data/sound_data.s charmap.txt | arm-none-eabi-as -mcpu=arm7tdmi --defsym MODERN=1 -o build/modern-test/data/sound_data.o
arm-none-eabi-as -mcpu=arm7tdmi --defsym MODERN=1 -I sound -o build/modern-test/sound/songs/se_dex_page.o sound/songs/se_dex_page.s
arm-none-eabi-as -mcpu=arm7tdmi --defsym MODERN=1 -I sound -o build/modern-test/sound/songs/se_dex_scroll.o sound/songs/se_dex_scroll.s
arm-none-eabi-as -mcpu=arm7tdmi --defsym MODERN=1 -I sound -o build/modern-test/sound/songs/se_m_absorb.o sound/songs/se_m_absorb.s
arm-none-eabi-as -mcpu=arm7tdmi --defsym MODERN=1 -I sound -o build/modern-test/sound/songs/se_m_absorb_2.o sound/songs/se_m_absorb_2.s
arm-none-eabi-as -mcpu=arm7tdmi --defsym MODERN=1 -I sound -o build/modern-test/sound/songs/se_m_acid_armor.o sound/songs/se_m_acid_armor.s
arm-none-eabi-as -mcpu=arm7tdmi --defsym MODERN=1 -I sound -o build/modern-test/sound/songs/se_m_attract.o sound/songs/se_m_attract.s
arm-none-eabi-as -mcpu=arm7tdmi --defsym MODERN=1 -I sound -o build/modern-test/sound/songs/se_m_attract2.o sound/songs/se_m_attract2.s
arm-none-eabi-as -mcpu=arm7tdmi --defsym MODERN=1 -I sound -o build/modern-test/sound/songs/se_m_barrier.o sound/songs/se_m_barrier.s
arm-none-eabi-as -mcpu=arm7tdmi --defsym MODERN=1 -I sound -o build/modern-test/sound/songs/se_m_baton_pass.o sound/songs/se_m_baton_pass.s
arm-none-eabi-as -mcpu=arm7tdmi --defsym MODERN=1 -I sound -o build/modern-test/sound/songs/se_m_belly_drum.o sound/songs/se_m_belly_drum.s
arm-none-eabi-as -mcpu=arm7tdmi --defsym MODERN=1 -I sound -o build/modern-test/sound/songs/se_m_bite.o sound/songs/se_m_bite.s
arm-none-eabi-as -mcpu=arm7tdmi --defsym MODERN=1 -I sound -o build/modern-test/sound/songs/se_m_blizzard.o sound/songs/se_m_blizzard.s
arm-none-eabi-as -mcpu=arm7tdmi --defsym MODERN=1 -I sound -o build/modern-test/sound/songs/se_m_blizzard2.o sound/songs/se_m_blizzard2.s
arm-none-eabi-as -mcpu=arm7tdmi --defsym MODERN=1 -I sound -o build/modern-test/sound/songs/se_m_bonemerang.o sound/songs/se_m_bonemerang.s
arm-none-eabi-as -mcpu=arm7tdmi --defsym MODERN=1 -I sound -o build/modern-test/sound/songs/se_m_brick_break.o sound/songs/se_m_brick_break.s
arm-none-eabi-as -mcpu=arm7tdmi --defsym MODERN=1 -I sound -o build/modern-test/sound/songs/se_m_bubble.o sound/songs/se_m_bubble.s
arm-none-eabi-as -mcpu=arm7tdmi --defsym MODERN=1 -I sound -o build/modern-test/sound/songs/se_m_bubble2.o sound/songs/se_m_bubble2.s
arm-none-eabi-as -mcpu=arm7tdmi --defsym MODERN=1 -I sound -o build/modern-test/sound/songs/se_m_bubble3.o sound/songs/se_m_bubble3.s
arm-none-eabi-as -mcpu=arm7tdmi --defsym MODERN=1 -I sound -o build/modern-test/sound/songs/se_m_bubble_beam.o sound/songs/se_m_bubble_beam.s
arm-none-eabi-as -mcpu=arm7tdmi --defsym MODERN=1 -I sound -o build/modern-test/sound/songs/se_m_bubble_beam2.o sound/songs/se_m_bubble_beam2.s
arm-none-eabi-as -mcpu=arm7tdmi --defsym MODERN=1 -I sound -o build/modern-test/sound/songs/se_m_charge.o sound/songs/se_m_charge.s
arm-none-eabi-as -mcpu=arm7tdmi --defsym MODERN=1 -I sound -o build/modern-test/sound/songs/se_m_charm.o sound/songs/se_m_charm.s
arm-none-eabi-as -mcpu=arm7tdmi --defsym MODERN=1 -I sound -o build/modern-test/sound/songs/se_m_confuse_ray.o sound/songs/se_m_confuse_ray.s
arm-none-eabi-as -mcpu=arm7tdmi --defsym MODERN=1 -I sound -o build/modern-test/sound/songs/se_m_cosmic_power.o sound/songs/se_m_cosmic_power.s
arm-none-eabi-as -mcpu=arm7tdmi --defsym MODERN=1 -I sound -o build/modern-test/sound/songs/se_m_crabhammer.o sound/songs/se_m_crabhammer.s
arm-none-eabi-as -mcpu=arm7tdmi --defsym MODERN=1 -I sound -o build/modern-test/sound/songs/se_m_detect.o sound/songs/se_m_detect.s
arm-none-eabi-as -mcpu=arm7tdmi --defsym MODERN=1 -I sound -o build/modern-test/sound/songs/se_m_dig.o sound/songs/se_m_dig.s
arm-none-eabi-as -mcpu=arm7tdmi --defsym MODERN=1 -I sound -o build/modern-test/sound/songs/se_m_dive.o sound/songs/se_m_dive.s
arm-none-eabi-as -mcpu=arm7tdmi --defsym MODERN=1 -I sound -o build/modern-test/sound/songs/se_m_dizzy_punch.o sound/songs/se_m_dizzy_punch.s
arm-none-eabi-as -mcpu=arm7tdmi --defsym MODERN=1 -I sound -o build/modern-test/sound/songs/se_m_double_team.o sound/songs/se_m_double_team.s
arm-none-eabi-as -mcpu=arm7tdmi --defsym MODERN=1 -I sound -o build/modern-test/sound/songs/se_m_dragon_rage.o sound/songs/se_m_dragon_rage.s
arm-none-eabi-as -mcpu=arm7tdmi --defsym MODERN=1 -I sound -o build/modern-test/sound/songs/se_m_earthquake.o sound/songs/se_m_earthquake.s
arm-none-eabi-as -mcpu=arm7tdmi --defsym MODERN=1 -I sound -o build/modern-test/sound/songs/se_m_ember.o sound/songs/se_m_ember.s
arm-none-eabi-as -mcpu=arm7tdmi --defsym MODERN=1 -I sound -o build/modern-test/sound/songs/se_m_encore.o sound/songs/se_m_encore.s
arm-none-eabi-as -mcpu=arm7tdmi --defsym MODERN=1 -I sound -o build/modern-test/sound/songs/se_m_encore2.o sound/songs/se_m_encore2.s
arm-none-eabi-as -mcpu=arm7tdmi --defsym MODERN=1 -I sound -o build/modern-test/sound/songs/se_m_explosion.o sound/songs/se_m_explosion.s
arm-none-eabi-as -mcpu=arm7tdmi --defsym MODERN=1 -I sound -o build/modern-test/sound/songs/se_m_faint_attack.o sound/songs/se_m_faint_attack.s
arm-none-eabi-as -mcpu=arm7tdmi --defsym MODERN=1 -I sound -o build/modern-test/sound/songs/se_m_flame_wheel.o sound/songs/se_m_flame_wheel.s
arm-none-eabi-as -mcpu=arm7tdmi --defsym MODERN=1 -I sound -o build/modern-test/sound/songs/se_m_flame_wheel2.o sound/songs/se_m_flame_wheel2.s
arm-none-eabi-as -mcpu=arm7tdmi --defsym MODERN=1 -I sound -o build/modern-test/sound/songs/se_m_flamethrower.o sound/songs/se_m_flamethrower.s
arm-none-eabi-as -mcpu=arm7tdmi --defsym MODERN=1 -I sound -o build/modern-test/sound/songs/se_m_flatter.o sound/songs/se_m_flatter.s
arm-none-eabi-as -mcpu=arm7tdmi --defsym MODERN=1 -I sound -o build/modern-test/sound/songs/se_m_giga_drain.o sound/songs/se_m_giga_drain.s
arm-none-eabi-as -mcpu=arm7tdmi --defsym MODERN=1 -I sound -o build/modern-test/sound/songs/se_m_grasswhistle.o sound/songs/se_m_grasswhistle.s
arm-none-eabi-as -mcpu=arm7tdmi --defsym MODERN=1 -I sound -o build/modern-test/sound/songs/se_m_hail.o sound/songs/se_m_hail.s
arm-none-eabi-as -mcpu=arm7tdmi --defsym MODERN=1 -I sound -o build/modern-test/sound/songs/se_m_harden.o sound/songs/se_m_harden.s
arm-none-eabi-as -mcpu=arm7tdmi --defsym MODERN=1 -I sound -o build/modern-test/sound/songs/se_m_haze.o sound/songs/se_m_haze.s
arm-none-eabi-as -mcpu=arm7tdmi --defsym MODERN=1 -I sound -o build/modern-test/sound/songs/se_m_heal_bell.o sound/songs/se_m_heal_bell.s
arm-none-eabi-as -mcpu=arm7tdmi --defsym MODERN=1 -I sound -o build/modern-test/sound/songs/se_m_heat_wave.o sound/songs/se_m_heat_wave.s
arm-none-eabi-as -mcpu=arm7tdmi --defsym MODERN=1 -I sound -o build/modern-test/sound/songs/se_m_hydro_pump.o sound/songs/se_m_hydro_pump.s
arm-none-eabi-as -mcpu=arm7tdmi --defsym MODERN=1 -I sound -o build/modern-test/sound/songs/se_m_hyper_beam.o sound/songs/se_m_hyper_beam.s
arm-none-eabi-as -mcpu=arm7tdmi --defsym MODERN=1 -I sound -o build/modern-test/sound/songs/se_m_hyper_beam2.o sound/songs/se_m_hyper_beam2.s
arm-none-eabi-as -mcpu=arm7tdmi --defsym MODERN=1 -I sound -o build/modern-test/sound/songs/se_m_icy_wind.o sound/songs/se_m_icy_wind.s
arm-none-eabi-as -mcpu=arm7tdmi --defsym MODERN=1 -I sound -o build/modern-test/sound/songs/se_m_lick.o sound/songs/se_m_lick.s
arm-none-eabi-as -mcpu=arm7tdmi --defsym MODERN=1 -I sound -o build/modern-test/sound/songs/se_m_lock_on.o sound/songs/se_m_lock_on.s
arm-none-eabi-as -mcpu=arm7tdmi --defsym MODERN=1 -I sound -o build/modern-test/sound/songs/se_m_metronome.o sound/songs/se_m_metronome.s
arm-none-eabi-as -mcpu=arm7tdmi --defsym MODERN=1 -I sound -o build/modern-test/sound/songs/se_m_milk_drink.o sound/songs/se_m_milk_drink.s
arm-none-eabi-as -mcpu=arm7tdmi --defsym MODERN=1 -I sound -o build/modern-test/sound/songs/se_m_minimize.o sound/songs/se_m_minimize.s
arm-none-eabi-as -mcpu=arm7tdmi --defsym MODERN=1 -I sound -o build/modern-test/sound/songs/se_m_mist.o sound/songs/se_m_mist.s
arm-none-eabi-as -mcpu=arm7tdmi --defsym MODERN=1 -I sound -o build/modern-test/sound/songs/se_m_moonlight.o sound/songs/se_m_moonlight.s
arm-none-eabi-as -mcpu=arm7tdmi --defsym MODERN=1 -I sound -o build/modern-test/sound/songs/se_m_morning_sun.o sound/songs/se_m_morning_sun.s
arm-none-eabi-as -mcpu=arm7tdmi --defsym MODERN=1 -I sound -o build/modern-test/sound/songs/se_m_nightmare.o sound/songs/se_m_nightmare.s
arm-none-eabi-as -mcpu=arm7tdmi --defsym MODERN=1 -I sound -o build/modern-test/sound/songs/se_m_perish_song.o sound/songs/se_m_perish_song.s
arm-none-eabi-as -mcpu=arm7tdmi --defsym MODERN=1 -I sound -o build/modern-test/sound/songs/se_m_petal_dance.o sound/songs/se_m_petal_dance.s
arm-none-eabi-as -mcpu=arm7tdmi --defsym MODERN=1 -I sound -o build/modern-test/sound/songs/se_m_poison_powder.o sound/songs/se_m_poison_powder.s
arm-none-eabi-as -mcpu=arm7tdmi --defsym MODERN=1 -I sound -o build/modern-test/sound/songs/se_m_psybeam.o sound/songs/se_m_psybeam.s
arm-none-eabi-as -mcpu=arm7tdmi --defsym MODERN=1 -I sound -o build/modern-test/sound/songs/se_m_psybeam2.o sound/songs/se_m_psybeam2.s
arm-none-eabi-as -mcpu=arm7tdmi --defsym MODERN=1 -I sound -o build/modern-test/sound/songs/se_m_rain_dance.o sound/songs/se_m_rain_dance.s
arm-none-eabi-as -mcpu=arm7tdmi --defsym MODERN=1 -I sound -o build/modern-test/sound/songs/se_m_reflect.o sound/songs/se_m_reflect.s
arm-none-eabi-as -mcpu=arm7tdmi --defsym MODERN=1 -I sound -o build/modern-test/sound/songs/se_m_reversal.o sound/songs/se_m_reversal.s
arm-none-eabi-as -mcpu=arm7tdmi --defsym MODERN=1 -I sound -o build/modern-test/sound/songs/se_m_rock_throw.o sound/songs/se_m_rock_throw.s
arm-none-eabi-as -mcpu=arm7tdmi --defsym MODERN=1 -I sound -o build/modern-test/sound/songs/se_m_sacred_fire.o sound/songs/se_m_sacred_fire.s
arm-none-eabi-as -mcpu=arm7tdmi --defsym MODERN=1 -I sound -o build/modern-test/sound/songs/se_m_sacred_fire2.o sound/songs/se_m_sacred_fire2.s
arm-none-eabi-as -mcpu=arm7tdmi --defsym MODERN=1 -I sound -o build/modern-test/sound/songs/se_m_sand_tomb.o sound/songs/se_m_sand_tomb.s
arm-none-eabi-as -mcpu=arm7tdmi --defsym MODERN=1 -I sound -o build/modern-test/sound/songs/se_m_sandstorm.o sound/songs/se_m_sandstorm.s
arm-none-eabi-as -mcpu=arm7tdmi --defsym MODERN=1 -I sound -o build/modern-test/sound/songs/se_m_screech.o sound/songs/se_m_screech.s
arm-none-eabi-as -mcpu=arm7tdmi --defsym MODERN=1 -I sound -o build/modern-test/sound/songs/se_m_self_destruct.o sound/songs/se_m_self_destruct.s
arm-none-eabi-as -mcpu=arm7tdmi --defsym MODERN=1 -I sound -o build/modern-test/sound/songs/se_m_sing.o sound/songs/se_m_sing.s
arm-none-eabi-as -mcpu=arm7tdmi --defsym MODERN=1 -I sound -o build/modern-test/sound/songs/se_m_sketch.o sound/songs/se_m_sketch.s
arm-none-eabi-as -mcpu=arm7tdmi --defsym MODERN=1 -I sound -o build/modern-test/sound/songs/se_m_sky_uppercut.o sound/songs/se_m_sky_uppercut.s
arm-none-eabi-as -mcpu=arm7tdmi --defsym MODERN=1 -I sound -o build/modern-test/sound/songs/se_m_snore.o sound/songs/se_m_snore.s
arm-none-eabi-as -mcpu=arm7tdmi --defsym MODERN=1 -I sound -o build/modern-test/sound/songs/se_m_solar_beam.o sound/songs/se_m_solar_beam.s
arm-none-eabi-as -mcpu=arm7tdmi --defsym MODERN=1 -I sound -o build/modern-test/sound/songs/se_m_spit_up.o sound/songs/se_m_spit_up.s
arm-none-eabi-as -mcpu=arm7tdmi --defsym MODERN=1 -I sound -o build/modern-test/sound/songs/se_m_stat_decrease.o sound/songs/se_m_stat_decrease.s
arm-none-eabi-as -mcpu=arm7tdmi --defsym MODERN=1 -I sound -o build/modern-test/sound/songs/se_m_stat_increase.o sound/songs/se_m_stat_increase.s
arm-none-eabi-as -mcpu=arm7tdmi --defsym MODERN=1 -I sound -o build/modern-test/sound/songs/se_m_strength.o sound/songs/se_m_strength.s
arm-none-eabi-as -mcpu=arm7tdmi --defsym MODERN=1 -I sound -o build/modern-test/sound/songs/se_m_string_shot.o sound/songs/se_m_string_shot.s
arm-none-eabi-as -mcpu=arm7tdmi --defsym MODERN=1 -I sound -o build/modern-test/sound/songs/se_m_string_shot2.o sound/songs/se_m_string_shot2.s
arm-none-eabi-as -mcpu=arm7tdmi --defsym MODERN=1 -I sound -o build/modern-test/sound/songs/se_m_supersonic.o sound/songs/se_m_supersonic.s
arm-none-eabi-as -mcpu=arm7tdmi --defsym MODERN=1 -I sound -o build/modern-test/sound/songs/se_m_surf.o sound/songs/se_m_surf.s
arm-none-eabi-as -mcpu=arm7tdmi --defsym MODERN=1 -I sound -o build/modern-test/sound/songs/se_m_swagger.o sound/songs/se_m_swagger.s
arm-none-eabi-as -mcpu=arm7tdmi --defsym MODERN=1 -I sound -o build/modern-test/sound/songs/se_m_swagger2.o sound/songs/se_m_swagger2.s
arm-none-eabi-as -mcpu=arm7tdmi --defsym MODERN=1 -I sound -o build/modern-test/sound/songs/se_m_sweet_scent.o sound/songs/se_m_sweet_scent.s
arm-none-eabi-as -mcpu=arm7tdmi --defsym MODERN=1 -I sound -o build/modern-test/sound/songs/se_m_swift.o sound/songs/se_m_swift.s
arm-none-eabi-as -mcpu=arm7tdmi --defsym MODERN=1 -I sound -o build/modern-test/sound/songs/se_m_teeter_dance.o sound/songs/se_m_teeter_dance.s
arm-none-eabi-as -mcpu=arm7tdmi --defsym MODERN=1 -I sound -o build/modern-test/sound/songs/se_m_teleport.o sound/songs/se_m_teleport.s
arm-none-eabi-as -mcpu=arm7tdmi --defsym MODERN=1 -I sound -o build/modern-test/sound/songs/se_m_thunder_wave.o sound/songs/se_m_thunder_wave.s
arm-none-eabi-as -mcpu=arm7tdmi --defsym MODERN=1 -I sound -o build/modern-test/sound/songs/se_m_thunderbolt.o sound/songs/se_m_thunderbolt.s
arm-none-eabi-as -mcpu=arm7tdmi --defsym MODERN=1 -I sound -o build/modern-test/sound/songs/se_m_thunderbolt2.o sound/songs/se_m_thunderbolt2.s
arm-none-eabi-as -mcpu=arm7tdmi --defsym MODERN=1 -I sound -o build/modern-test/sound/songs/se_m_toxic.o sound/songs/se_m_toxic.s
arm-none-eabi-as -mcpu=arm7tdmi --defsym MODERN=1 -I sound -o build/modern-test/sound/songs/se_m_tri_attack.o sound/songs/se_m_tri_attack.s
arm-none-eabi-as -mcpu=arm7tdmi --defsym MODERN=1 -I sound -o build/modern-test/sound/songs/se_m_tri_attack2.o sound/songs/se_m_tri_attack2.s
arm-none-eabi-as -mcpu=arm7tdmi --defsym MODERN=1 -I sound -o build/modern-test/sound/songs/se_m_twister.o sound/songs/se_m_twister.s
arm-none-eabi-as -mcpu=arm7tdmi --defsym MODERN=1 -I sound -o build/modern-test/sound/songs/se_m_uproar.o sound/songs/se_m_uproar.s
arm-none-eabi-as -mcpu=arm7tdmi --defsym MODERN=1 -I sound -o build/modern-test/sound/songs/se_m_vital_throw.o sound/songs/se_m_vital_throw.s
arm-none-eabi-as -mcpu=arm7tdmi --defsym MODERN=1 -I sound -o build/modern-test/sound/songs/se_m_vital_throw2.o sound/songs/se_m_vital_throw2.s
arm-none-eabi-as -mcpu=arm7tdmi --defsym MODERN=1 -I sound -o build/modern-test/sound/songs/se_m_waterfall.o sound/songs/se_m_waterfall.s
arm-none-eabi-as -mcpu=arm7tdmi --defsym MODERN=1 -I sound -o build/modern-test/sound/songs/se_m_whirlpool.o sound/songs/se_m_whirlpool.s
arm-none-eabi-as -mcpu=arm7tdmi --defsym MODERN=1 -I sound -o build/modern-test/sound/songs/se_m_yawn.o sound/songs/se_m_yawn.s
arm-none-eabi-as -mcpu=arm7tdmi --defsym MODERN=1 -I sound -o build/modern-test/sound/songs/se_wall_hit.o sound/songs/se_wall_hit.s
arm-none-eabi-as -mcpu=arm7tdmi --defsym MODERN=1 -I sound -o build/modern-test/sound/songs/se_win_open.o sound/songs/se_win_open.s
arm-none-eabi-as -mcpu=arm7tdmi --defsym MODERN=1 -I sound -o build/modern-test/sound/songs/midi/mus_abandoned_ship.o sound/songs/midi/mus_abandoned_ship.s
arm-none-eabi-as -mcpu=arm7tdmi --defsym MODERN=1 -I sound -o build/modern-test/sound/songs/midi/mus_abnormal_weather.o sound/songs/midi/mus_abnormal_weather.s
arm-none-eabi-as -mcpu=arm7tdmi --defsym MODERN=1 -I sound -o build/modern-test/sound/songs/midi/mus_aqua_magma_hideout.o sound/songs/midi/mus_aqua_magma_hideout.s
arm-none-eabi-as -mcpu=arm7tdmi --defsym MODERN=1 -I sound -o build/modern-test/sound/songs/midi/mus_awaken_legend.o sound/songs/midi/mus_awaken_legend.s
arm-none-eabi-as -mcpu=arm7tdmi --defsym MODERN=1 -I sound -o build/modern-test/sound/songs/midi/mus_b_arena.o sound/songs/midi/mus_b_arena.s
arm-none-eabi-as -mcpu=arm7tdmi --defsym MODERN=1 -I sound -o build/modern-test/sound/songs/midi/mus_b_dome.o sound/songs/midi/mus_b_dome.s
arm-none-eabi-as -mcpu=arm7tdmi --defsym MODERN=1 -I sound -o build/modern-test/sound/songs/midi/mus_b_dome_lobby.o sound/songs/midi/mus_b_dome_lobby.s
arm-none-eabi-as -mcpu=arm7tdmi --defsym MODERN=1 -I sound -o build/modern-test/sound/songs/midi/mus_b_factory.o sound/songs/midi/mus_b_factory.s
arm-none-eabi-as -mcpu=arm7tdmi --defsym MODERN=1 -I sound -o build/modern-test/sound/songs/midi/mus_b_frontier.o sound/songs/midi/mus_b_frontier.s
arm-none-eabi-as -mcpu=arm7tdmi --defsym MODERN=1 -I sound -o build/modern-test/sound/songs/midi/mus_b_palace.o sound/songs/midi/mus_b_palace.s
arm-none-eabi-as -mcpu=arm7tdmi --defsym MODERN=1 -I sound -o build/modern-test/sound/songs/midi/mus_b_pike.o sound/songs/midi/mus_b_pike.s
arm-none-eabi-as -mcpu=arm7tdmi --defsym MODERN=1 -I sound -o build/modern-test/sound/songs/midi/mus_b_pyramid.o sound/songs/midi/mus_b_pyramid.s
arm-none-eabi-as -mcpu=arm7tdmi --defsym MODERN=1 -I sound -o build/modern-test/sound/songs/midi/mus_b_pyramid_top.o sound/songs/midi/mus_b_pyramid_top.s
arm-none-eabi-as -mcpu=arm7tdmi --defsym MODERN=1 -I sound -o build/modern-test/sound/songs/midi/mus_b_tower.o sound/songs/midi/mus_b_tower.s
arm-none-eabi-as -mcpu=arm7tdmi --defsym MODERN=1 -I sound -o build/modern-test/sound/songs/midi/mus_b_tower_rs.o sound/songs/midi/mus_b_tower_rs.s
arm-none-eabi-as -mcpu=arm7tdmi --defsym MODERN=1 -I sound -o build/modern-test/sound/songs/midi/mus_birch_lab.o sound/songs/midi/mus_birch_lab.s
arm-none-eabi-as -mcpu=arm7tdmi --defsym MODERN=1 -I sound -o build/modern-test/sound/songs/midi/mus_c_comm_center.o sound/songs/midi/mus_c_comm_center.s
arm-none-eabi-as -mcpu=arm7tdmi --defsym MODERN=1 -I sound -o build/modern-test/sound/songs/midi/mus_c_vs_legend_beast.o sound/songs/midi/mus_c_vs_legend_beast.s
arm-none-eabi-as -mcpu=arm7tdmi --defsym MODERN=1 -I sound -o build/modern-test/sound/songs/midi/mus_cable_car.o sound/songs/midi/mus_cable_car.s
arm-none-eabi-as -mcpu=arm7tdmi --defsym MODERN=1 -I sound -o build/modern-test/sound/songs/midi/mus_caught.o sound/songs/midi/mus_caught.s
arm-none-eabi-as -mcpu=arm7tdmi --defsym MODERN=1 -I sound -o build/modern-test/sound/songs/midi/mus_cave_of_origin.o sound/songs/midi/mus_cave_of_origin.s
arm-none-eabi-as -mcpu=arm7tdmi --defsym MODERN=1 -I sound -o build/modern-test/sound/songs/midi/mus_contest.o sound/songs/midi/mus_contest.s
arm-none-eabi-as -mcpu=arm7tdmi --defsym MODERN=1 -I sound -o build/modern-test/sound/songs/midi/mus_contest_lobby.o sound/songs/midi/mus_contest_lobby.s
arm-none-eabi-as -mcpu=arm7tdmi --defsym MODERN=1 -I sound -o build/modern-test/sound/songs/midi/mus_contest_results.o sound/songs/midi/mus_contest_results.s
arm-none-eabi-as -mcpu=arm7tdmi --defsym MODERN=1 -I sound -o build/modern-test/sound/songs/midi/mus_contest_winner.o sound/songs/midi/mus_contest_winner.s
arm-none-eabi-as -mcpu=arm7tdmi --defsym MODERN=1 -I sound -o build/modern-test/sound/songs/midi/mus_credits.o sound/songs/midi/mus_credits.s
arm-none-eabi-as -mcpu=arm7tdmi --defsym MODERN=1 -I sound -o build/modern-test/sound/songs/midi/mus_cycling.o sound/songs/midi/mus_cycling.s
arm-none-eabi-as -mcpu=arm7tdmi --defsym MODERN=1 -I sound -o build/modern-test/sound/songs/midi/mus_dewford.o sound/songs/midi/mus_dewford.s
arm-none-eabi-as -mcpu=arm7tdmi --defsym MODERN=1 -I sound -o build/modern-test/sound/songs/midi/mus_dummy.o sound/songs/midi/mus_dummy.s
arm-none-eabi-as -mcpu=arm7tdmi --defsym MODERN=1 -I sound -o build/modern-test/sound/songs/midi/mus_encounter_aqua.o sound/songs/midi/mus_encounter_aqua.s
arm-none-eabi-as -mcpu=arm7tdmi --defsym MODERN=1 -I sound -o build/modern-test/sound/songs/midi/mus_encounter_brendan.o sound/songs/midi/mus_encounter_brendan.s
arm-none-eabi-as -mcpu=arm7tdmi --defsym MODERN=1 -I sound -o build/modern-test/sound/songs/midi/mus_encounter_champion.o sound/songs/midi/mus_encounter_champion.s
arm-none-eabi-as -mcpu=arm7tdmi --defsym MODERN=1 -I sound -o build/modern-test/sound/songs/midi/mus_encounter_cool.o sound/songs/midi/mus_encounter_cool.s
arm-none-eabi-as -mcpu=arm7tdmi --defsym MODERN=1 -I sound -o build/modern-test/sound/songs/midi/mus_encounter_elite_four.o sound/songs/midi/mus_encounter_elite_four.s
arm-none-eabi-as -mcpu=arm7tdmi --defsym MODERN=1 -I sound -o build/modern-test/sound/songs/midi/mus_encounter_female.o sound/songs/midi/mus_encounter_female.s
arm-none-eabi-as -mcpu=arm7tdmi --defsym MODERN=1 -I sound -o build/modern-test/sound/songs/midi/mus_encounter_girl.o sound/songs/midi/mus_encounter_girl.s
arm-none-eabi-as -mcpu=arm7tdmi --defsym MODERN=1 -I sound -o build/modern-test/sound/songs/midi/mus_encounter_hiker.o sound/songs/midi/mus_encounter_hiker.s
arm-none-eabi-as -mcpu=arm7tdmi --defsym MODERN=1 -I sound -o build/modern-test/sound/songs/midi/mus_encounter_intense.o sound/songs/midi/mus_encounter_intense.s
arm-none-eabi-as -mcpu=arm7tdmi --defsym MODERN=1 -I sound -o build/modern-test/sound/songs/midi/mus_encounter_interviewer.o sound/songs/midi/mus_encounter_interviewer.s
arm-none-eabi-as -mcpu=arm7tdmi --defsym MODERN=1 -I sound -o build/modern-test/sound/songs/midi/mus_encounter_magma.o sound/songs/midi/mus_encounter_magma.s
arm-none-eabi-as -mcpu=arm7tdmi --defsym MODERN=1 -I sound -o build/modern-test/sound/songs/midi/mus_encounter_male.o sound/songs/midi/mus_encounter_male.s
arm-none-eabi-as -mcpu=arm7tdmi --defsym MODERN=1 -I sound -o build/modern-test/sound/songs/midi/mus_encounter_may.o sound/songs/midi/mus_encounter_may.s
arm-none-eabi-as -mcpu=arm7tdmi --defsym MODERN=1 -I sound -o build/modern-test/sound/songs/midi/mus_encounter_rich.o sound/songs/midi/mus_encounter_rich.s
arm-none-eabi-as -mcpu=arm7tdmi --defsym MODERN=1 -I sound -o build/modern-test/sound/songs/midi/mus_encounter_suspicious.o sound/songs/midi/mus_encounter_suspicious.s
arm-none-eabi-as -mcpu=arm7tdmi --defsym MODERN=1 -I sound -o build/modern-test/sound/songs/midi/mus_encounter_swimmer.o sound/songs/midi/mus_encounter_swimmer.s
arm-none-eabi-as -mcpu=arm7tdmi --defsym MODERN=1 -I sound -o build/modern-test/sound/songs/midi/mus_encounter_twins.o sound/songs/midi/mus_encounter_twins.s
arm-none-eabi-as -mcpu=arm7tdmi --defsym MODERN=1 -I sound -o build/modern-test/sound/songs/midi/mus_end.o sound/songs/midi/mus_end.s
arm-none-eabi-as -mcpu=arm7tdmi --defsym MODERN=1 -I sound -o build/modern-test/sound/songs/midi/mus_ever_grande.o sound/songs/midi/mus_ever_grande.s
arm-none-eabi-as -mcpu=arm7tdmi --defsym MODERN=1 -I sound -o build/modern-test/sound/songs/midi/mus_evolution.o sound/songs/midi/mus_evolution.s
arm-none-eabi-as -mcpu=arm7tdmi --defsym MODERN=1 -I sound -o build/modern-test/sound/songs/midi/mus_evolution_intro.o sound/songs/midi/mus_evolution_intro.s
arm-none-eabi-as -mcpu=arm7tdmi --defsym MODERN=1 -I sound -o build/modern-test/sound/songs/midi/mus_evolved.o sound/songs/midi/mus_evolved.s
arm-none-eabi-as -mcpu=arm7tdmi --defsym MODERN=1 -I sound -o build/modern-test/sound/songs/midi/mus_fallarbor.o sound/songs/midi/mus_fallarbor.s
arm-none-eabi-as -mcpu=arm7tdmi --defsym MODERN=1 -I sound -o build/modern-test/sound/songs/midi/mus_follow_me.o sound/songs/midi/mus_follow_me.s
arm-none-eabi-as -mcpu=arm7tdmi --defsym MODERN=1 -I sound -o build/modern-test/sound/songs/midi/mus_fortree.o sound/songs/midi/mus_fortree.s
arm-none-eabi-as -mcpu=arm7tdmi --defsym MODERN=1 -I sound -o build/modern-test/sound/songs/midi/mus_game_corner.o sound/songs/midi/mus_game_corner.s
arm-none-eabi-as -mcpu=arm7tdmi --defsym MODERN=1 -I sound -o build/modern-test/sound/songs/midi/mus_gsc_pewter.o sound/songs/midi/mus_gsc_pewter.s
arm-none-eabi-as -mcpu=arm7tdmi --defsym MODERN=1 -I sound -o build/modern-test/sound/songs/midi/mus_gsc_route38.o sound/songs/midi/mus_gsc_route38.s
arm-none-eabi-as -mcpu=arm7tdmi --defsym MODERN=1 -I sound -o build/modern-test/sound/songs/midi/mus_gym.o sound/songs/midi/mus_gym.s
arm-none-eabi-as -mcpu=arm7tdmi --defsym MODERN=1 -I sound -o build/modern-test/sound/songs/midi/mus_hall_of_fame.o sound/songs/midi/mus_hall_of_fame.s
arm-none-eabi-as -mcpu=arm7tdmi --defsym MODERN=1 -I sound -o build/modern-test/sound/songs/midi/mus_hall_of_fame_room.o sound/songs/midi/mus_hall_of_fame_room.s
arm-none-eabi-as -mcpu=arm7tdmi --defsym MODERN=1 -I sound -o build/modern-test/sound/songs/midi/mus_heal.o sound/songs/midi/mus_heal.s
arm-none-eabi-as -mcpu=arm7tdmi --defsym MODERN=1 -I sound -o build/modern-test/sound/songs/midi/mus_help.o sound/songs/midi/mus_help.s
arm-none-eabi-as -mcpu=arm7tdmi --defsym MODERN=1 -I sound -o build/modern-test/sound/songs/midi/mus_intro.o sound/songs/midi/mus_intro.s
arm-none-eabi-as -mcpu=arm7tdmi --defsym MODERN=1 -I sound -o build/modern-test/sound/songs/midi/mus_intro_battle.o sound/songs/midi/mus_intro_battle.s
arm-none-eabi-as -mcpu=arm7tdmi --defsym MODERN=1 -I sound -o build/modern-test/sound/songs/midi/mus_level_up.o sound/songs/midi/mus_level_up.s
arm-none-eabi-as -mcpu=arm7tdmi --defsym MODERN=1 -I sound -o build/modern-test/sound/songs/midi/mus_lilycove.o sound/songs/midi/mus_lilycove.s
arm-none-eabi-as -mcpu=arm7tdmi --defsym MODERN=1 -I sound -o build/modern-test/sound/songs/midi/mus_lilycove_museum.o sound/songs/midi/mus_lilycove_museum.s
arm-none-eabi-as -mcpu=arm7tdmi --defsym MODERN=1 -I sound -o build/modern-test/sound/songs/midi/mus_link_contest_p1.o sound/songs/midi/mus_link_contest_p1.s
arm-none-eabi-as -mcpu=arm7tdmi --defsym MODERN=1 -I sound -o build/modern-test/sound/songs/midi/mus_link_contest_p2.o sound/songs/midi/mus_link_contest_p2.s
arm-none-eabi-as -mcpu=arm7tdmi --defsym MODERN=1 -I sound -o build/modern-test/sound/songs/midi/mus_link_contest_p3.o sound/songs/midi/mus_link_contest_p3.s
arm-none-eabi-as -mcpu=arm7tdmi --defsym MODERN=1 -I sound -o build/modern-test/sound/songs/midi/mus_link_contest_p4.o sound/songs/midi/mus_link_contest_p4.s
arm-none-eabi-as -mcpu=arm7tdmi --defsym MODERN=1 -I sound -o build/modern-test/sound/songs/midi/mus_littleroot.o sound/songs/midi/mus_littleroot.s
arm-none-eabi-as -mcpu=arm7tdmi --defsym MODERN=1 -I sound -o build/modern-test/sound/songs/midi/mus_littleroot_test.o sound/songs/midi/mus_littleroot_test.s
arm-none-eabi-as -mcpu=arm7tdmi --defsym MODERN=1 -I sound -o build/modern-test/sound/songs/midi/mus_move_deleted.o sound/songs/midi/mus_move_deleted.s
arm-none-eabi-as -mcpu=arm7tdmi --defsym MODERN=1 -I sound -o build/modern-test/sound/songs/midi/mus_mt_chimney.o sound/songs/midi/mus_mt_chimney.s
arm-none-eabi-as -mcpu=arm7tdmi --defsym MODERN=1 -I sound -o build/modern-test/sound/songs/midi/mus_mt_pyre.o sound/songs/midi/mus_mt_pyre.s
arm-none-eabi-as -mcpu=arm7tdmi --defsym MODERN=1 -I sound -o build/modern-test/sound/songs/midi/mus_mt_pyre_exterior.o sound/songs/midi/mus_mt_pyre_exterior.s
arm-none-eabi-as -mcpu=arm7tdmi --defsym MODERN=1 -I sound -o build/modern-test/sound/songs/midi/mus_obtain_b_points.o sound/songs/midi/mus_obtain_b_points.s
arm-none-eabi-as -mcpu=arm7tdmi --defsym MODERN=1 -I sound -o build/modern-test/sound/songs/midi/mus_obtain_badge.o sound/songs/midi/mus_obtain_badge.s
arm-none-eabi-as -mcpu=arm7tdmi --defsym MODERN=1 -I sound -o build/modern-test/sound/songs/midi/mus_obtain_berry.o sound/songs/midi/mus_obtain_berry.s
arm-none-eabi-as -mcpu=arm7tdmi --defsym MODERN=1 -I sound -o build/modern-test/sound/songs/midi/mus_obtain_item.o sound/songs/midi/mus_obtain_item.s
arm-none-eabi-as -mcpu=arm7tdmi --defsym MODERN=1 -I sound -o build/modern-test/sound/songs/midi/mus_obtain_symbol.o sound/songs/midi/mus_obtain_symbol.s
arm-none-eabi-as -mcpu=arm7tdmi --defsym MODERN=1 -I sound -o build/modern-test/sound/songs/midi/mus_obtain_tmhm.o sound/songs/midi/mus_obtain_tmhm.s
arm-none-eabi-as -mcpu=arm7tdmi --defsym MODERN=1 -I sound -o build/modern-test/sound/songs/midi/mus_oceanic_museum.o sound/songs/midi/mus_oceanic_museum.s
arm-none-eabi-as -mcpu=arm7tdmi --defsym MODERN=1 -I sound -o build/modern-test/sound/songs/midi/mus_oldale.o sound/songs/midi/mus_oldale.s
arm-none-eabi-as -mcpu=arm7tdmi --defsym MODERN=1 -I sound -o build/modern-test/sound/songs/midi/mus_petalburg.o sound/songs/midi/mus_petalburg.s
arm-none-eabi-as -mcpu=arm7tdmi --defsym MODERN=1 -I sound -o build/modern-test/sound/songs/midi/mus_petalburg_woods.o sound/songs/midi/mus_petalburg_woods.s
arm-none-eabi-as -mcpu=arm7tdmi --defsym MODERN=1 -I sound -o build/modern-test/sound/songs/midi/mus_poke_center.o sound/songs/midi/mus_poke_center.s
arm-none-eabi-as -mcpu=arm7tdmi --defsym MODERN=1 -I sound -o build/modern-test/sound/songs/midi/mus_poke_mart.o sound/songs/midi/mus_poke_mart.s
arm-none-eabi-as -mcpu=arm7tdmi --defsym MODERN=1 -I sound -o build/modern-test/sound/songs/midi/mus_rayquaza_appears.o sound/songs/midi/mus_rayquaza_appears.s
arm-none-eabi-as -mcpu=arm7tdmi --defsym MODERN=1 -I sound -o build/modern-test/sound/songs/midi/mus_register_match_call.o sound/songs/midi/mus_register_match_call.s
arm-none-eabi-as -mcpu=arm7tdmi --defsym MODERN=1 -I sound -o build/modern-test/sound/songs/midi/mus_rg_berry_pick.o sound/songs/midi/mus_rg_berry_pick.s
arm-none-eabi-as -mcpu=arm7tdmi --defsym MODERN=1 -I sound -o build/modern-test/sound/songs/midi/mus_rg_caught.o sound/songs/midi/mus_rg_caught.s
arm-none-eabi-as -mcpu=arm7tdmi --defsym MODERN=1 -I sound -o build/modern-test/sound/songs/midi/mus_rg_caught_intro.o sound/songs/midi/mus_rg_caught_intro.s
arm-none-eabi-as -mcpu=arm7tdmi --defsym MODERN=1 -I sound -o build/modern-test/sound/songs/midi/mus_rg_celadon.o sound/songs/midi/mus_rg_celadon.s
arm-none-eabi-as -mcpu=arm7tdmi --defsym MODERN=1 -I sound -o build/modern-test/sound/songs/midi/mus_rg_cinnabar.o sound/songs/midi/mus_rg_cinnabar.s
arm-none-eabi-as -mcpu=arm7tdmi --defsym MODERN=1 -I sound -o build/modern-test/sound/songs/midi/mus_rg_credits.o sound/songs/midi/mus_rg_credits.s
arm-none-eabi-as -mcpu=arm7tdmi --defsym MODERN=1 -I sound -o build/modern-test/sound/songs/midi/mus_rg_cycling.o sound/songs/midi/mus_rg_cycling.s
arm-none-eabi-as -mcpu=arm7tdmi --defsym MODERN=1 -I sound -o build/modern-test/sound/songs/midi/mus_rg_dex_rating.o sound/songs/midi/mus_rg_dex_rating.s
arm-none-eabi-as -mcpu=arm7tdmi --defsym MODERN=1 -I sound -o build/modern-test/sound/songs/midi/mus_rg_encounter_boy.o sound/songs/midi/mus_rg_encounter_boy.s
arm-none-eabi-as -mcpu=arm7tdmi --defsym MODERN=1 -I sound -o build/modern-test/sound/songs/midi/mus_rg_encounter_deoxys.o sound/songs/midi/mus_rg_encounter_deoxys.s
arm-none-eabi-as -mcpu=arm7tdmi --defsym MODERN=1 -I sound -o build/modern-test/sound/songs/midi/mus_rg_encounter_girl.o sound/songs/midi/mus_rg_encounter_girl.s
arm-none-eabi-as -mcpu=arm7tdmi --defsym MODERN=1 -I sound -o build/modern-test/sound/songs/midi/mus_rg_encounter_gym_leader.o sound/songs/midi/mus_rg_encounter_gym_leader.s
arm-none-eabi-as -mcpu=arm7tdmi --defsym MODERN=1 -I sound -o build/modern-test/sound/songs/midi/mus_rg_encounter_rival.o sound/songs/midi/mus_rg_encounter_rival.s
arm-none-eabi-as -mcpu=arm7tdmi --defsym MODERN=1 -I sound -o build/modern-test/sound/songs/midi/mus_rg_encounter_rocket.o sound/songs/midi/mus_rg_encounter_rocket.s
arm-none-eabi-as -mcpu=arm7tdmi --defsym MODERN=1 -I sound -o build/modern-test/sound/songs/midi/mus_rg_follow_me.o sound/songs/midi/mus_rg_follow_me.s
arm-none-eabi-as -mcpu=arm7tdmi --defsym MODERN=1 -I sound -o build/modern-test/sound/songs/midi/mus_rg_fuchsia.o sound/songs/midi/mus_rg_fuchsia.s
arm-none-eabi-as -mcpu=arm7tdmi --defsym MODERN=1 -I sound -o build/modern-test/sound/songs/midi/mus_rg_game_corner.o sound/songs/midi/mus_rg_game_corner.s
arm-none-eabi-as -mcpu=arm7tdmi --defsym MODERN=1 -I sound -o build/modern-test/sound/songs/midi/mus_rg_game_freak.o sound/songs/midi/mus_rg_game_freak.s
arm-none-eabi-as -mcpu=arm7tdmi --defsym MODERN=1 -I sound -o build/modern-test/sound/songs/midi/mus_rg_gym.o sound/songs/midi/mus_rg_gym.s
arm-none-eabi-as -mcpu=arm7tdmi --defsym MODERN=1 -I sound -o build/modern-test/sound/songs/midi/mus_rg_hall_of_fame.o sound/songs/midi/mus_rg_hall_of_fame.s
arm-none-eabi-as -mcpu=arm7tdmi --defsym MODERN=1 -I sound -o build/modern-test/sound/songs/midi/mus_rg_heal.o sound/songs/midi/mus_rg_heal.s
arm-none-eabi-as -mcpu=arm7tdmi --defsym MODERN=1 -I sound -o build/modern-test/sound/songs/midi/mus_rg_intro_fight.o sound/songs/midi/mus_rg_intro_fight.s
arm-none-eabi-as -mcpu=arm7tdmi --defsym MODERN=1 -I sound -o build/modern-test/sound/songs/midi/mus_rg_jigglypuff.o sound/songs/midi/mus_rg_jigglypuff.s
arm-none-eabi-as -mcpu=arm7tdmi --defsym MODERN=1 -I sound -o build/modern-test/sound/songs/midi/mus_rg_lavender.o sound/songs/midi/mus_rg_lavender.s
arm-none-eabi-as -mcpu=arm7tdmi --defsym MODERN=1 -I sound -o build/modern-test/sound/songs/midi/mus_rg_mt_moon.o sound/songs/midi/mus_rg_mt_moon.s
arm-none-eabi-as -mcpu=arm7tdmi --defsym MODERN=1 -I sound -o build/modern-test/sound/songs/midi/mus_rg_mystery_gift.o sound/songs/midi/mus_rg_mystery_gift.s
arm-none-eabi-as -mcpu=arm7tdmi --defsym MODERN=1 -I sound -o build/modern-test/sound/songs/midi/mus_rg_net_center.o sound/songs/midi/mus_rg_net_center.s
arm-none-eabi-as -mcpu=arm7tdmi --defsym MODERN=1 -I sound -o build/modern-test/sound/songs/midi/mus_rg_new_game_exit.o sound/songs/midi/mus_rg_new_game_exit.s
arm-none-eabi-as -mcpu=arm7tdmi --defsym MODERN=1 -I sound -o build/modern-test/sound/songs/midi/mus_rg_new_game_instruct.o sound/songs/midi/mus_rg_new_game_instruct.s
arm-none-eabi-as -mcpu=arm7tdmi --defsym MODERN=1 -I sound -o build/modern-test/sound/songs/midi/mus_rg_new_game_intro.o sound/songs/midi/mus_rg_new_game_intro.s
arm-none-eabi-as -mcpu=arm7tdmi --defsym MODERN=1 -I sound -o build/modern-test/sound/songs/midi/mus_rg_oak.o sound/songs/midi/mus_rg_oak.s
arm-none-eabi-as -mcpu=arm7tdmi --defsym MODERN=1 -I sound -o build/modern-test/sound/songs/midi/mus_rg_oak_lab.o sound/songs/midi/mus_rg_oak_lab.s
arm-none-eabi-as -mcpu=arm7tdmi --defsym MODERN=1 -I sound -o build/modern-test/sound/songs/midi/mus_rg_obtain_key_item.o sound/songs/midi/mus_rg_obtain_key_item.s
arm-none-eabi-as -mcpu=arm7tdmi --defsym MODERN=1 -I sound -o build/modern-test/sound/songs/midi/mus_rg_pallet.o sound/songs/midi/mus_rg_pallet.s
arm-none-eabi-as -mcpu=arm7tdmi --defsym MODERN=1 -I sound -o build/modern-test/sound/songs/midi/mus_rg_pewter.o sound/songs/midi/mus_rg_pewter.s
arm-none-eabi-as -mcpu=arm7tdmi --defsym MODERN=1 -I sound -o build/modern-test/sound/songs/midi/mus_rg_photo.o sound/songs/midi/mus_rg_photo.s
arm-none-eabi-as -mcpu=arm7tdmi --defsym MODERN=1 -I sound -o build/modern-test/sound/songs/midi/mus_rg_poke_center.o sound/songs/midi/mus_rg_poke_center.s
arm-none-eabi-as -mcpu=arm7tdmi --defsym MODERN=1 -I sound -o build/modern-test/sound/songs/midi/mus_rg_poke_flute.o sound/songs/midi/mus_rg_poke_flute.s
arm-none-eabi-as -mcpu=arm7tdmi --defsym MODERN=1 -I sound -o build/modern-test/sound/songs/midi/mus_rg_poke_jump.o sound/songs/midi/mus_rg_poke_jump.s
arm-none-eabi-as -mcpu=arm7tdmi --defsym MODERN=1 -I sound -o build/modern-test/sound/songs/midi/mus_rg_poke_mansion.o sound/songs/midi/mus_rg_poke_mansion.s
arm-none-eabi-as -mcpu=arm7tdmi --defsym MODERN=1 -I sound -o build/modern-test/sound/songs/midi/mus_rg_poke_tower.o sound/songs/midi/mus_rg_poke_tower.s
arm-none-eabi-as -mcpu=arm7tdmi --defsym MODERN=1 -I sound -o build/modern-test/sound/songs/midi/mus_rg_rival_exit.o sound/songs/midi/mus_rg_rival_exit.s
arm-none-eabi-as -mcpu=arm7tdmi --defsym MODERN=1 -I sound -o build/modern-test/sound/songs/midi/mus_rg_rocket_hideout.o sound/songs/midi/mus_rg_rocket_hideout.s
arm-none-eabi-as -mcpu=arm7tdmi --defsym MODERN=1 -I sound -o build/modern-test/sound/songs/midi/mus_rg_route1.o sound/songs/midi/mus_rg_route1.s
arm-none-eabi-as -mcpu=arm7tdmi --defsym MODERN=1 -I sound -o build/modern-test/sound/songs/midi/mus_rg_route11.o sound/songs/midi/mus_rg_route11.s
arm-none-eabi-as -mcpu=arm7tdmi --defsym MODERN=1 -I sound -o build/modern-test/sound/songs/midi/mus_rg_route24.o sound/songs/midi/mus_rg_route24.s
arm-none-eabi-as -mcpu=arm7tdmi --defsym MODERN=1 -I sound -o build/modern-test/sound/songs/midi/mus_rg_route3.o sound/songs/midi/mus_rg_route3.s
arm-none-eabi-as -mcpu=arm7tdmi --defsym MODERN=1 -I sound -o build/modern-test/sound/songs/midi/mus_rg_sevii_123.o sound/songs/midi/mus_rg_sevii_123.s
arm-none-eabi-as -mcpu=arm7tdmi --defsym MODERN=1 -I sound -o build/modern-test/sound/songs/midi/mus_rg_sevii_45.o sound/songs/midi/mus_rg_sevii_45.s
arm-none-eabi-as -mcpu=arm7tdmi --defsym MODERN=1 -I sound -o build/modern-test/sound/songs/midi/mus_rg_sevii_67.o sound/songs/midi/mus_rg_sevii_67.s
arm-none-eabi-as -mcpu=arm7tdmi --defsym MODERN=1 -I sound -o build/modern-test/sound/songs/midi/mus_rg_sevii_cave.o sound/songs/midi/mus_rg_sevii_cave.s
arm-none-eabi-as -mcpu=arm7tdmi --defsym MODERN=1 -I sound -o build/modern-test/sound/songs/midi/mus_rg_sevii_dungeon.o sound/songs/midi/mus_rg_sevii_dungeon.s
arm-none-eabi-as -mcpu=arm7tdmi --defsym MODERN=1 -I sound -o build/modern-test/sound/songs/midi/mus_rg_sevii_route.o sound/songs/midi/mus_rg_sevii_route.s
arm-none-eabi-as -mcpu=arm7tdmi --defsym MODERN=1 -I sound -o build/modern-test/sound/songs/midi/mus_rg_silph.o sound/songs/midi/mus_rg_silph.s
arm-none-eabi-as -mcpu=arm7tdmi --defsym MODERN=1 -I sound -o build/modern-test/sound/songs/midi/mus_rg_slow_pallet.o sound/songs/midi/mus_rg_slow_pallet.s
arm-none-eabi-as -mcpu=arm7tdmi --defsym MODERN=1 -I sound -o build/modern-test/sound/songs/midi/mus_rg_ss_anne.o sound/songs/midi/mus_rg_ss_anne.s
arm-none-eabi-as -mcpu=arm7tdmi --defsym MODERN=1 -I sound -o build/modern-test/sound/songs/midi/mus_rg_surf.o sound/songs/midi/mus_rg_surf.s
arm-none-eabi-as -mcpu=arm7tdmi --defsym MODERN=1 -I sound -o build/modern-test/sound/songs/midi/mus_rg_teachy_tv_menu.o sound/songs/midi/mus_rg_teachy_tv_menu.s
arm-none-eabi-as -mcpu=arm7tdmi --defsym MODERN=1 -I sound -o build/modern-test/sound/songs/midi/mus_rg_teachy_tv_show.o sound/songs/midi/mus_rg_teachy_tv_show.s
arm-none-eabi-as -mcpu=arm7tdmi --defsym MODERN=1 -I sound -o build/modern-test/sound/songs/midi/mus_rg_title.o sound/songs/midi/mus_rg_title.s
arm-none-eabi-as -mcpu=arm7tdmi --defsym MODERN=1 -I sound -o build/modern-test/sound/songs/midi/mus_rg_trainer_tower.o sound/songs/midi/mus_rg_trainer_tower.s
arm-none-eabi-as -mcpu=arm7tdmi --defsym MODERN=1 -I sound -o build/modern-test/sound/songs/midi/mus_rg_union_room.o sound/songs/midi/mus_rg_union_room.s
arm-none-eabi-as -mcpu=arm7tdmi --defsym MODERN=1 -I sound -o build/modern-test/sound/songs/midi/mus_rg_vermillion.o sound/songs/midi/mus_rg_vermillion.s
arm-none-eabi-as -mcpu=arm7tdmi --defsym MODERN=1 -I sound -o build/modern-test/sound/songs/midi/mus_rg_victory_gym_leader.o sound/songs/midi/mus_rg_victory_gym_leader.s
arm-none-eabi-as -mcpu=arm7tdmi --defsym MODERN=1 -I sound -o build/modern-test/sound/songs/midi/mus_rg_victory_road.o sound/songs/midi/mus_rg_victory_road.s
arm-none-eabi-as -mcpu=arm7tdmi --defsym MODERN=1 -I sound -o build/modern-test/sound/songs/midi/mus_rg_victory_trainer.o sound/songs/midi/mus_rg_victory_trainer.s
arm-none-eabi-as -mcpu=arm7tdmi --defsym MODERN=1 -I sound -o build/modern-test/sound/songs/midi/mus_rg_victory_wild.o sound/songs/midi/mus_rg_victory_wild.s
arm-none-eabi-as -mcpu=arm7tdmi --defsym MODERN=1 -I sound -o build/modern-test/sound/songs/midi/mus_rg_viridian_forest.o sound/songs/midi/mus_rg_viridian_forest.s
arm-none-eabi-as -mcpu=arm7tdmi --defsym MODERN=1 -I sound -o build/modern-test/sound/songs/midi/mus_rg_vs_champion.o sound/songs/midi/mus_rg_vs_champion.s
arm-none-eabi-as -mcpu=arm7tdmi --defsym MODERN=1 -I sound -o build/modern-test/sound/songs/midi/mus_rg_vs_deoxys.o sound/songs/midi/mus_rg_vs_deoxys.s
arm-none-eabi-as -mcpu=arm7tdmi --defsym MODERN=1 -I sound -o build/modern-test/sound/songs/midi/mus_rg_vs_gym_leader.o sound/songs/midi/mus_rg_vs_gym_leader.s
arm-none-eabi-as -mcpu=arm7tdmi --defsym MODERN=1 -I sound -o build/modern-test/sound/songs/midi/mus_rg_vs_legend.o sound/songs/midi/mus_rg_vs_legend.s
arm-none-eabi-as -mcpu=arm7tdmi --defsym MODERN=1 -I sound -o build/modern-test/sound/songs/midi/mus_rg_vs_mewtwo.o sound/songs/midi/mus_rg_vs_mewtwo.s
arm-none-eabi-as -mcpu=arm7tdmi --defsym MODERN=1 -I sound -o build/modern-test/sound/songs/midi/mus_rg_vs_trainer.o sound/songs/midi/mus_rg_vs_trainer.s
arm-none-eabi-as -mcpu=arm7tdmi --defsym MODERN=1 -I sound -o build/modern-test/sound/songs/midi/mus_rg_vs_wild.o sound/songs/midi/mus_rg_vs_wild.s
arm-none-eabi-as -mcpu=arm7tdmi --defsym MODERN=1 -I sound -o build/modern-test/sound/songs/midi/mus_roulette.o sound/songs/midi/mus_roulette.s
arm-none-eabi-as -mcpu=arm7tdmi --defsym MODERN=1 -I sound -o build/modern-test/sound/songs/midi/mus_route101.o sound/songs/midi/mus_route101.s
arm-none-eabi-as -mcpu=arm7tdmi --defsym MODERN=1 -I sound -o build/modern-test/sound/songs/midi/mus_route104.o sound/songs/midi/mus_route104.s
arm-none-eabi-as -mcpu=arm7tdmi --defsym MODERN=1 -I sound -o build/modern-test/sound/songs/midi/mus_route110.o sound/songs/midi/mus_route110.s
arm-none-eabi-as -mcpu=arm7tdmi --defsym MODERN=1 -I sound -o build/modern-test/sound/songs/midi/mus_route111.o sound/songs/midi/mus_route111.s
arm-none-eabi-as -mcpu=arm7tdmi --defsym MODERN=1 -I sound -o build/modern-test/sound/songs/midi/mus_route113.o sound/songs/midi/mus_route113.s
arm-none-eabi-as -mcpu=arm7tdmi --defsym MODERN=1 -I sound -o build/modern-test/sound/songs/midi/mus_route119.o sound/songs/midi/mus_route119.s
arm-none-eabi-as -mcpu=arm7tdmi --defsym MODERN=1 -I sound -o build/modern-test/sound/songs/midi/mus_route120.o sound/songs/midi/mus_route120.s
arm-none-eabi-as -mcpu=arm7tdmi --defsym MODERN=1 -I sound -o build/modern-test/sound/songs/midi/mus_route122.o sound/songs/midi/mus_route122.s
arm-none-eabi-as -mcpu=arm7tdmi --defsym MODERN=1 -I sound -o build/modern-test/sound/songs/midi/mus_rustboro.o sound/songs/midi/mus_rustboro.s
arm-none-eabi-as -mcpu=arm7tdmi --defsym MODERN=1 -I sound -o build/modern-test/sound/songs/midi/mus_safari_zone.o sound/songs/midi/mus_safari_zone.s
arm-none-eabi-as -mcpu=arm7tdmi --defsym MODERN=1 -I sound -o build/modern-test/sound/songs/midi/mus_sailing.o sound/songs/midi/mus_sailing.s
arm-none-eabi-as -mcpu=arm7tdmi --defsym MODERN=1 -I sound -o build/modern-test/sound/songs/midi/mus_school.o sound/songs/midi/mus_school.s
arm-none-eabi-as -mcpu=arm7tdmi --defsym MODERN=1 -I sound -o build/modern-test/sound/songs/midi/mus_sealed_chamber.o sound/songs/midi/mus_sealed_chamber.s
arm-none-eabi-as -mcpu=arm7tdmi --defsym MODERN=1 -I sound -o build/modern-test/sound/songs/midi/mus_slateport.o sound/songs/midi/mus_slateport.s
arm-none-eabi-as -mcpu=arm7tdmi --defsym MODERN=1 -I sound -o build/modern-test/sound/songs/midi/mus_slots_jackpot.o sound/songs/midi/mus_slots_jackpot.s
arm-none-eabi-as -mcpu=arm7tdmi --defsym MODERN=1 -I sound -o build/modern-test/sound/songs/midi/mus_slots_win.o sound/songs/midi/mus_slots_win.s
arm-none-eabi-as -mcpu=arm7tdmi --defsym MODERN=1 -I sound -o build/modern-test/sound/songs/midi/mus_sootopolis.o sound/songs/midi/mus_sootopolis.s
arm-none-eabi-as -mcpu=arm7tdmi --defsym MODERN=1 -I sound -o build/modern-test/sound/songs/midi/mus_surf.o sound/songs/midi/mus_surf.s
arm-none-eabi-as -mcpu=arm7tdmi --defsym MODERN=1 -I sound -o build/modern-test/sound/songs/midi/mus_title.o sound/songs/midi/mus_title.s
arm-none-eabi-as -mcpu=arm7tdmi --defsym MODERN=1 -I sound -o build/modern-test/sound/songs/midi/mus_too_bad.o sound/songs/midi/mus_too_bad.s
arm-none-eabi-as -mcpu=arm7tdmi --defsym MODERN=1 -I sound -o build/modern-test/sound/songs/midi/mus_trick_house.o sound/songs/midi/mus_trick_house.s
arm-none-eabi-as -mcpu=arm7tdmi --defsym MODERN=1 -I sound -o build/modern-test/sound/songs/midi/mus_underwater.o sound/songs/midi/mus_underwater.s
arm-none-eabi-as -mcpu=arm7tdmi --defsym MODERN=1 -I sound -o build/modern-test/sound/songs/midi/mus_verdanturf.o sound/songs/midi/mus_verdanturf.s
arm-none-eabi-as -mcpu=arm7tdmi --defsym MODERN=1 -I sound -o build/modern-test/sound/songs/midi/mus_victory_aqua_magma.o sound/songs/midi/mus_victory_aqua_magma.s
arm-none-eabi-as -mcpu=arm7tdmi --defsym MODERN=1 -I sound -o build/modern-test/sound/songs/midi/mus_victory_gym_leader.o sound/songs/midi/mus_victory_gym_leader.s
arm-none-eabi-as -mcpu=arm7tdmi --defsym MODERN=1 -I sound -o build/modern-test/sound/songs/midi/mus_victory_league.o sound/songs/midi/mus_victory_league.s
arm-none-eabi-as -mcpu=arm7tdmi --defsym MODERN=1 -I sound -o build/modern-test/sound/songs/midi/mus_victory_road.o sound/songs/midi/mus_victory_road.s
arm-none-eabi-as -mcpu=arm7tdmi --defsym MODERN=1 -I sound -o build/modern-test/sound/songs/midi/mus_victory_trainer.o sound/songs/midi/mus_victory_trainer.s
arm-none-eabi-as -mcpu=arm7tdmi --defsym MODERN=1 -I sound -o build/modern-test/sound/songs/midi/mus_victory_wild.o sound/songs/midi/mus_victory_wild.s
arm-none-eabi-as -mcpu=arm7tdmi --defsym MODERN=1 -I sound -o build/modern-test/sound/songs/midi/mus_vs_aqua_magma.o sound/songs/midi/mus_vs_aqua_magma.s
arm-none-eabi-as -mcpu=arm7tdmi --defsym MODERN=1 -I sound -o build/modern-test/sound/songs/midi/mus_vs_aqua_magma_leader.o sound/songs/midi/mus_vs_aqua_magma_leader.s
arm-none-eabi-as -mcpu=arm7tdmi --defsym MODERN=1 -I sound -o build/modern-test/sound/songs/midi/mus_vs_champion.o sound/songs/midi/mus_vs_champion.s
arm-none-eabi-as -mcpu=arm7tdmi --defsym MODERN=1 -I sound -o build/modern-test/sound/songs/midi/mus_vs_elite_four.o sound/songs/midi/mus_vs_elite_four.s
arm-none-eabi-as -mcpu=arm7tdmi --defsym MODERN=1 -I sound -o build/modern-test/sound/songs/midi/mus_vs_frontier_brain.o sound/songs/midi/mus_vs_frontier_brain.s
arm-none-eabi-as -mcpu=arm7tdmi --defsym MODERN=1 -I sound -o build/modern-test/sound/songs/midi/mus_vs_gym_leader.o sound/songs/midi/mus_vs_gym_leader.s
arm-none-eabi-as -mcpu=arm7tdmi --defsym MODERN=1 -I sound -o build/modern-test/sound/songs/midi/mus_vs_kyogre_groudon.o sound/songs/midi/mus_vs_kyogre_groudon.s
arm-none-eabi-as -mcpu=arm7tdmi --defsym MODERN=1 -I sound -o build/modern-test/sound/songs/midi/mus_vs_mew.o sound/songs/midi/mus_vs_mew.s
arm-none-eabi-as -mcpu=arm7tdmi --defsym MODERN=1 -I sound -o build/modern-test/sound/songs/midi/mus_vs_rayquaza.o sound/songs/midi/mus_vs_rayquaza.s
arm-none-eabi-as -mcpu=arm7tdmi --defsym MODERN=1 -I sound -o build/modern-test/sound/songs/midi/mus_vs_regi.o sound/songs/midi/mus_vs_regi.s
arm-none-eabi-as -mcpu=arm7tdmi --defsym MODERN=1 -I sound -o build/modern-test/sound/songs/midi/mus_vs_rival.o sound/songs/midi/mus_vs_rival.s
arm-none-eabi-as -mcpu=arm7tdmi --defsym MODERN=1 -I sound -o build/modern-test/sound/songs/midi/mus_vs_trainer.o sound/songs/midi/mus_vs_trainer.s
arm-none-eabi-as -mcpu=arm7tdmi --defsym MODERN=1 -I sound -o build/modern-test/sound/songs/midi/mus_vs_wild.o sound/songs/midi/mus_vs_wild.s
arm-none-eabi-as -mcpu=arm7tdmi --defsym MODERN=1 -I sound -o build/modern-test/sound/songs/midi/mus_weather_groudon.o sound/songs/midi/mus_weather_groudon.s
arm-none-eabi-as -mcpu=arm7tdmi --defsym MODERN=1 -I sound -o build/modern-test/sound/songs/midi/ph_choice_blend.o sound/songs/midi/ph_choice_blend.s
arm-none-eabi-as -mcpu=arm7tdmi --defsym MODERN=1 -I sound -o build/modern-test/sound/songs/midi/ph_choice_held.o sound/songs/midi/ph_choice_held.s
arm-none-eabi-as -mcpu=arm7tdmi --defsym MODERN=1 -I sound -o build/modern-test/sound/songs/midi/ph_choice_solo.o sound/songs/midi/ph_choice_solo.s
arm-none-eabi-as -mcpu=arm7tdmi --defsym MODERN=1 -I sound -o build/modern-test/sound/songs/midi/ph_cloth_blend.o sound/songs/midi/ph_cloth_blend.s
arm-none-eabi-as -mcpu=arm7tdmi --defsym MODERN=1 -I sound -o build/modern-test/sound/songs/midi/ph_cloth_held.o sound/songs/midi/ph_cloth_held.s
arm-none-eabi-as -mcpu=arm7tdmi --defsym MODERN=1 -I sound -o build/modern-test/sound/songs/midi/ph_cloth_solo.o sound/songs/midi/ph_cloth_solo.s
arm-none-eabi-as -mcpu=arm7tdmi --defsym MODERN=1 -I sound -o build/modern-test/sound/songs/midi/ph_cure_blend.o sound/songs/midi/ph_cure_blend.s
arm-none-eabi-as -mcpu=arm7tdmi --defsym MODERN=1 -I sound -o build/modern-test/sound/songs/midi/ph_cure_held.o sound/songs/midi/ph_cure_held.s
arm-none-eabi-as -mcpu=arm7tdmi --defsym MODERN=1 -I sound -o build/modern-test/sound/songs/midi/ph_cure_solo.o sound/songs/midi/ph_cure_solo.s
arm-none-eabi-as -mcpu=arm7tdmi --defsym MODERN=1 -I sound -o build/modern-test/sound/songs/midi/ph_dress_blend.o sound/songs/midi/ph_dress_blend.s
arm-none-eabi-as -mcpu=arm7tdmi --defsym MODERN=1 -I sound -o build/modern-test/sound/songs/midi/ph_dress_held.o sound/songs/midi/ph_dress_held.s
arm-none-eabi-as -mcpu=arm7tdmi --defsym MODERN=1 -I sound -o build/modern-test/sound/songs/midi/ph_dress_solo.o sound/songs/midi/ph_dress_solo.s
arm-none-eabi-as -mcpu=arm7tdmi --defsym MODERN=1 -I sound -o build/modern-test/sound/songs/midi/ph_face_blend.o sound/songs/midi/ph_face_blend.s
arm-none-eabi-as -mcpu=arm7tdmi --defsym MODERN=1 -I sound -o build/modern-test/sound/songs/midi/ph_face_held.o sound/songs/midi/ph_face_held.s
arm-none-eabi-as -mcpu=arm7tdmi --defsym MODERN=1 -I sound -o build/modern-test/sound/songs/midi/ph_face_solo.o sound/songs/midi/ph_face_solo.s
arm-none-eabi-as -mcpu=arm7tdmi --defsym MODERN=1 -I sound -o build/modern-test/sound/songs/midi/ph_fleece_blend.o sound/songs/midi/ph_fleece_blend.s
arm-none-eabi-as -mcpu=arm7tdmi --defsym MODERN=1 -I sound -o build/modern-test/sound/songs/midi/ph_fleece_held.o sound/songs/midi/ph_fleece_held.s
arm-none-eabi-as -mcpu=arm7tdmi --defsym MODERN=1 -I sound -o build/modern-test/sound/songs/midi/ph_fleece_solo.o sound/songs/midi/ph_fleece_solo.s
arm-none-eabi-as -mcpu=arm7tdmi --defsym MODERN=1 -I sound -o build/modern-test/sound/songs/midi/ph_foot_blend.o sound/songs/midi/ph_foot_blend.s
arm-none-eabi-as -mcpu=arm7tdmi --defsym MODERN=1 -I sound -o build/modern-test/sound/songs/midi/ph_foot_held.o sound/songs/midi/ph_foot_held.s
arm-none-eabi-as -mcpu=arm7tdmi --defsym MODERN=1 -I sound -o build/modern-test/sound/songs/midi/ph_foot_solo.o sound/songs/midi/ph_foot_solo.s
arm-none-eabi-as -mcpu=arm7tdmi --defsym MODERN=1 -I sound -o build/modern-test/sound/songs/midi/ph_goat_blend.o sound/songs/midi/ph_goat_blend.s
arm-none-eabi-as -mcpu=arm7tdmi --defsym MODERN=1 -I sound -o build/modern-test/sound/songs/midi/ph_goat_held.o sound/songs/midi/ph_goat_held.s
arm-none-eabi-as -mcpu=arm7tdmi --defsym MODERN=1 -I sound -o build/modern-test/sound/songs/midi/ph_goat_solo.o sound/songs/midi/ph_goat_solo.s
arm-none-eabi-as -mcpu=arm7tdmi --defsym MODERN=1 -I sound -o build/modern-test/sound/songs/midi/ph_goose_blend.o sound/songs/midi/ph_goose_blend.s
arm-none-eabi-as -mcpu=arm7tdmi --defsym MODERN=1 -I sound -o build/modern-test/sound/songs/midi/ph_goose_held.o sound/songs/midi/ph_goose_held.s
arm-none-eabi-as -mcpu=arm7tdmi --defsym MODERN=1 -I sound -o build/modern-test/sound/songs/midi/ph_goose_solo.o sound/songs/midi/ph_goose_solo.s
arm-none-eabi-as -mcpu=arm7tdmi --defsym MODERN=1 -I sound -o build/modern-test/sound/songs/midi/ph_kit_blend.o sound/songs/midi/ph_kit_blend.s
arm-none-eabi-as -mcpu=arm7tdmi --defsym MODERN=1 -I sound -o build/modern-test/sound/songs/midi/ph_kit_held.o sound/songs/midi/ph_kit_held.s
arm-none-eabi-as -mcpu=arm7tdmi --defsym MODERN=1 -I sound -o build/modern-test/sound/songs/midi/ph_kit_solo.o sound/songs/midi/ph_kit_solo.s
arm-none-eabi-as -mcpu=arm7tdmi --defsym MODERN=1 -I sound -o build/modern-test/sound/songs/midi/ph_lot_blend.o sound/songs/midi/ph_lot_blend.s
arm-none-eabi-as -mcpu=arm7tdmi --defsym MODERN=1 -I sound -o build/modern-test/sound/songs/midi/ph_lot_held.o sound/songs/midi/ph_lot_held.s
arm-none-eabi-as -mcpu=arm7tdmi --defsym MODERN=1 -I sound -o build/modern-test/sound/songs/midi/ph_lot_solo.o sound/songs/midi/ph_lot_solo.s
arm-none-eabi-as -mcpu=arm7tdmi --defsym MODERN=1 -I sound -o build/modern-test/sound/songs/midi/ph_mouth_blend.o sound/songs/midi/ph_mouth_blend.s
arm-none-eabi-as -mcpu=arm7tdmi --defsym MODERN=1 -I sound -o build/modern-test/sound/songs/midi/ph_mouth_held.o sound/songs/midi/ph_mouth_held.s
arm-none-eabi-as -mcpu=arm7tdmi --defsym MODERN=1 -I sound -o build/modern-test/sound/songs/midi/ph_mouth_solo.o sound/songs/midi/ph_mouth_solo.s
arm-none-eabi-as -mcpu=arm7tdmi --defsym MODERN=1 -I sound -o build/modern-test/sound/songs/midi/ph_nurse_blend.o sound/songs/midi/ph_nurse_blend.s
arm-none-eabi-as -mcpu=arm7tdmi --defsym MODERN=1 -I sound -o build/modern-test/sound/songs/midi/ph_nurse_held.o sound/songs/midi/ph_nurse_held.s
arm-none-eabi-as -mcpu=arm7tdmi --defsym MODERN=1 -I sound -o build/modern-test/sound/songs/midi/ph_nurse_solo.o sound/songs/midi/ph_nurse_solo.s
arm-none-eabi-as -mcpu=arm7tdmi --defsym MODERN=1 -I sound -o build/modern-test/sound/songs/midi/ph_price_blend.o sound/songs/midi/ph_price_blend.s
arm-none-eabi-as -mcpu=arm7tdmi --defsym MODERN=1 -I sound -o build/modern-test/sound/songs/midi/ph_price_held.o sound/songs/midi/ph_price_held.s
arm-none-eabi-as -mcpu=arm7tdmi --defsym MODERN=1 -I sound -o build/modern-test/sound/songs/midi/ph_price_solo.o sound/songs/midi/ph_price_solo.s
arm-none-eabi-as -mcpu=arm7tdmi --defsym MODERN=1 -I sound -o build/modern-test/sound/songs/midi/ph_strut_blend.o sound/songs/midi/ph_strut_blend.s
arm-none-eabi-as -mcpu=arm7tdmi --defsym MODERN=1 -I sound -o build/modern-test/sound/songs/midi/ph_strut_held.o sound/songs/midi/ph_strut_held.s
arm-none-eabi-as -mcpu=arm7tdmi --defsym MODERN=1 -I sound -o build/modern-test/sound/songs/midi/ph_strut_solo.o sound/songs/midi/ph_strut_solo.s
arm-none-eabi-as -mcpu=arm7tdmi --defsym MODERN=1 -I sound -o build/modern-test/sound/songs/midi/ph_thought_blend.o sound/songs/midi/ph_thought_blend.s
arm-none-eabi-as -mcpu=arm7tdmi --defsym MODERN=1 -I sound -o build/modern-test/sound/songs/midi/ph_thought_held.o sound/songs/midi/ph_thought_held.s
arm-none-eabi-as -mcpu=arm7tdmi --defsym MODERN=1 -I sound -o build/modern-test/sound/songs/midi/ph_thought_solo.o sound/songs/midi/ph_thought_solo.s
arm-none-eabi-as -mcpu=arm7tdmi --defsym MODERN=1 -I sound -o build/modern-test/sound/songs/midi/ph_trap_blend.o sound/songs/midi/ph_trap_blend.s
arm-none-eabi-as -mcpu=arm7tdmi --defsym MODERN=1 -I sound -o build/modern-test/sound/songs/midi/ph_trap_held.o sound/songs/midi/ph_trap_held.s
arm-none-eabi-as -mcpu=arm7tdmi --defsym MODERN=1 -I sound -o build/modern-test/sound/songs/midi/ph_trap_solo.o sound/songs/midi/ph_trap_solo.s
arm-none-eabi-as -mcpu=arm7tdmi --defsym MODERN=1 -I sound -o build/modern-test/sound/songs/midi/se_a.o sound/songs/midi/se_a.s
arm-none-eabi-as -mcpu=arm7tdmi --defsym MODERN=1 -I sound -o build/modern-test/sound/songs/midi/se_applause.o sound/songs/midi/se_applause.s
arm-none-eabi-as -mcpu=arm7tdmi --defsym MODERN=1 -I sound -o build/modern-test/sound/songs/midi/se_arena_timeup1.o sound/songs/midi/se_arena_timeup1.s
arm-none-eabi-as -mcpu=arm7tdmi --defsym MODERN=1 -I sound -o build/modern-test/sound/songs/midi/se_arena_timeup2.o sound/songs/midi/se_arena_timeup2.s
arm-none-eabi-as -mcpu=arm7tdmi --defsym MODERN=1 -I sound -o build/modern-test/sound/songs/midi/se_ball.o sound/songs/midi/se_ball.s
arm-none-eabi-as -mcpu=arm7tdmi --defsym MODERN=1 -I sound -o build/modern-test/sound/songs/midi/se_ball_bounce_1.o sound/songs/midi/se_ball_bounce_1.s
arm-none-eabi-as -mcpu=arm7tdmi --defsym MODERN=1 -I sound -o build/modern-test/sound/songs/midi/se_ball_bounce_2.o sound/songs/midi/se_ball_bounce_2.s
arm-none-eabi-as -mcpu=arm7tdmi --defsym MODERN=1 -I sound -o build/modern-test/sound/songs/midi/se_ball_bounce_3.o sound/songs/midi/se_ball_bounce_3.s
arm-none-eabi-as -mcpu=arm7tdmi --defsym MODERN=1 -I sound -o build/modern-test/sound/songs/midi/se_ball_bounce_4.o sound/songs/midi/se_ball_bounce_4.s
arm-none-eabi-as -mcpu=arm7tdmi --defsym MODERN=1 -I sound -o build/modern-test/sound/songs/midi/se_ball_open.o sound/songs/midi/se_ball_open.s
arm-none-eabi-as -mcpu=arm7tdmi --defsym MODERN=1 -I sound -o build/modern-test/sound/songs/midi/se_ball_throw.o sound/songs/midi/se_ball_throw.s
arm-none-eabi-as -mcpu=arm7tdmi --defsym MODERN=1 -I sound -o build/modern-test/sound/songs/midi/se_ball_trade.o sound/songs/midi/se_ball_trade.s
arm-none-eabi-as -mcpu=arm7tdmi --defsym MODERN=1 -I sound -o build/modern-test/sound/songs/midi/se_ball_tray_ball.o sound/songs/midi/se_ball_tray_ball.s
arm-none-eabi-as -mcpu=arm7tdmi --defsym MODERN=1 -I sound -o build/modern-test/sound/songs/midi/se_ball_tray_enter.o sound/songs/midi/se_ball_tray_enter.s
arm-none-eabi-as -mcpu=arm7tdmi --defsym MODERN=1 -I sound -o build/modern-test/sound/songs/midi/se_ball_tray_exit.o sound/songs/midi/se_ball_tray_exit.s
arm-none-eabi-as -mcpu=arm7tdmi --defsym MODERN=1 -I sound -o build/modern-test/sound/songs/midi/se_balloon_blue.o sound/songs/midi/se_balloon_blue.s
arm-none-eabi-as -mcpu=arm7tdmi --defsym MODERN=1 -I sound -o build/modern-test/sound/songs/midi/se_balloon_red.o sound/songs/midi/se_balloon_red.s
arm-none-eabi-as -mcpu=arm7tdmi --defsym MODERN=1 -I sound -o build/modern-test/sound/songs/midi/se_balloon_yellow.o sound/songs/midi/se_balloon_yellow.s
arm-none-eabi-as -mcpu=arm7tdmi --defsym MODERN=1 -I sound -o build/modern-test/sound/songs/midi/se_bang.o sound/songs/midi/se_bang.s
arm-none-eabi-as -mcpu=arm7tdmi --defsym MODERN=1 -I sound -o build/modern-test/sound/songs/midi/se_berry_blender.o sound/songs/midi/se_berry_blender.s
arm-none-eabi-as -mcpu=arm7tdmi --defsym MODERN=1 -I sound -o build/modern-test/sound/songs/midi/se_bike_bell.o sound/songs/midi/se_bike_bell.s
arm-none-eabi-as -mcpu=arm7tdmi --defsym MODERN=1 -I sound -o build/modern-test/sound/songs/midi/se_bike_hop.o sound/songs/midi/se_bike_hop.s
arm-none-eabi-as -mcpu=arm7tdmi --defsym MODERN=1 -I sound -o build/modern-test/sound/songs/midi/se_boo.o sound/songs/midi/se_boo.s
arm-none-eabi-as -mcpu=arm7tdmi --defsym MODERN=1 -I sound -o build/modern-test/sound/songs/midi/se_breakable_door.o sound/songs/midi/se_breakable_door.s
arm-none-eabi-as -mcpu=arm7tdmi --defsym MODERN=1 -I sound -o build/modern-test/sound/songs/midi/se_bridge_walk.o sound/songs/midi/se_bridge_walk.s
arm-none-eabi-as -mcpu=arm7tdmi --defsym MODERN=1 -I sound -o build/modern-test/sound/songs/midi/se_card.o sound/songs/midi/se_card.s
arm-none-eabi-as -mcpu=arm7tdmi --defsym MODERN=1 -I sound -o build/modern-test/sound/songs/midi/se_click.o sound/songs/midi/se_click.s
arm-none-eabi-as -mcpu=arm7tdmi --defsym MODERN=1 -I sound -o build/modern-test/sound/songs/midi/se_contest_condition_lose.o sound/songs/midi/se_contest_condition_lose.s
arm-none-eabi-as -mcpu=arm7tdmi --defsym MODERN=1 -I sound -o build/modern-test/sound/songs/midi/se_contest_curtain_fall.o sound/songs/midi/se_contest_curtain_fall.s
arm-none-eabi-as -mcpu=arm7tdmi --defsym MODERN=1 -I sound -o build/modern-test/sound/songs/midi/se_contest_curtain_rise.o sound/songs/midi/se_contest_curtain_rise.s
arm-none-eabi-as -mcpu=arm7tdmi --defsym MODERN=1 -I sound -o build/modern-test/sound/songs/midi/se_contest_heart.o sound/songs/midi/se_contest_heart.s
arm-none-eabi-as -mcpu=arm7tdmi --defsym MODERN=1 -I sound -o build/modern-test/sound/songs/midi/se_contest_icon_change.o sound/songs/midi/se_contest_icon_change.s
arm-none-eabi-as -mcpu=arm7tdmi --defsym MODERN=1 -I sound -o build/modern-test/sound/songs/midi/se_contest_icon_clear.o sound/songs/midi/se_contest_icon_clear.s
arm-none-eabi-as -mcpu=arm7tdmi --defsym MODERN=1 -I sound -o build/modern-test/sound/songs/midi/se_contest_mons_turn.o sound/songs/midi/se_contest_mons_turn.s
arm-none-eabi-as -mcpu=arm7tdmi --defsym MODERN=1 -I sound -o build/modern-test/sound/songs/midi/se_contest_place.o sound/songs/midi/se_contest_place.s
arm-none-eabi-as -mcpu=arm7tdmi --defsym MODERN=1 -I sound -o build/modern-test/sound/songs/midi/se_dex_search.o sound/songs/midi/se_dex_search.s
arm-none-eabi-as -mcpu=arm7tdmi --defsym MODERN=1 -I sound -o build/modern-test/sound/songs/midi/se_ding_dong.o sound/songs/midi/se_ding_dong.s
arm-none-eabi-as -mcpu=arm7tdmi --defsym MODERN=1 -I sound -o build/modern-test/sound/songs/midi/se_door.o sound/songs/midi/se_door.s
arm-none-eabi-as -mcpu=arm7tdmi --defsym MODERN=1 -I sound -o build/modern-test/sound/songs/midi/se_downpour.o sound/songs/midi/se_downpour.s
arm-none-eabi-as -mcpu=arm7tdmi --defsym MODERN=1 -I sound -o build/modern-test/sound/songs/midi/se_downpour_stop.o sound/songs/midi/se_downpour_stop.s
arm-none-eabi-as -mcpu=arm7tdmi --defsym MODERN=1 -I sound -o build/modern-test/sound/songs/midi/se_e.o sound/songs/midi/se_e.s
arm-none-eabi-as -mcpu=arm7tdmi --defsym MODERN=1 -I sound -o build/modern-test/sound/songs/midi/se_effective.o sound/songs/midi/se_effective.s
arm-none-eabi-as -mcpu=arm7tdmi --defsym MODERN=1 -I sound -o build/modern-test/sound/songs/midi/se_egg_hatch.o sound/songs/midi/se_egg_hatch.s
arm-none-eabi-as -mcpu=arm7tdmi --defsym MODERN=1 -I sound -o build/modern-test/sound/songs/midi/se_elevator.o sound/songs/midi/se_elevator.s
arm-none-eabi-as -mcpu=arm7tdmi --defsym MODERN=1 -I sound -o build/modern-test/sound/songs/midi/se_escalator.o sound/songs/midi/se_escalator.s
arm-none-eabi-as -mcpu=arm7tdmi --defsym MODERN=1 -I sound -o build/modern-test/sound/songs/midi/se_exit.o sound/songs/midi/se_exit.s
arm-none-eabi-as -mcpu=arm7tdmi --defsym MODERN=1 -I sound -o build/modern-test/sound/songs/midi/se_exp.o sound/songs/midi/se_exp.s
arm-none-eabi-as -mcpu=arm7tdmi --defsym MODERN=1 -I sound -o build/modern-test/sound/songs/midi/se_exp_max.o sound/songs/midi/se_exp_max.s
arm-none-eabi-as -mcpu=arm7tdmi --defsym MODERN=1 -I sound -o build/modern-test/sound/songs/midi/se_failure.o sound/songs/midi/se_failure.s
arm-none-eabi-as -mcpu=arm7tdmi --defsym MODERN=1 -I sound -o build/modern-test/sound/songs/midi/se_faint.o sound/songs/midi/se_faint.s
arm-none-eabi-as -mcpu=arm7tdmi --defsym MODERN=1 -I sound -o build/modern-test/sound/songs/midi/se_fall.o sound/songs/midi/se_fall.s
arm-none-eabi-as -mcpu=arm7tdmi --defsym MODERN=1 -I sound -o build/modern-test/sound/songs/midi/se_field_poison.o sound/songs/midi/se_field_poison.s
arm-none-eabi-as -mcpu=arm7tdmi --defsym MODERN=1 -I sound -o build/modern-test/sound/songs/midi/se_flee.o sound/songs/midi/se_flee.s
arm-none-eabi-as -mcpu=arm7tdmi --defsym MODERN=1 -I sound -o build/modern-test/sound/songs/midi/se_fu_zaku.o sound/songs/midi/se_fu_zaku.s
arm-none-eabi-as -mcpu=arm7tdmi --defsym MODERN=1 -I sound -o build/modern-test/sound/songs/midi/se_glass_flute.o sound/songs/midi/se_glass_flute.s
arm-none-eabi-as -mcpu=arm7tdmi --defsym MODERN=1 -I sound -o build/modern-test/sound/songs/midi/se_i.o sound/songs/midi/se_i.s
arm-none-eabi-as -mcpu=arm7tdmi --defsym MODERN=1 -I sound -o build/modern-test/sound/songs/midi/se_ice_break.o sound/songs/midi/se_ice_break.s
arm-none-eabi-as -mcpu=arm7tdmi --defsym MODERN=1 -I sound -o build/modern-test/sound/songs/midi/se_ice_crack.o sound/songs/midi/se_ice_crack.s
arm-none-eabi-as -mcpu=arm7tdmi --defsym MODERN=1 -I sound -o build/modern-test/sound/songs/midi/se_ice_stairs.o sound/songs/midi/se_ice_stairs.s
arm-none-eabi-as -mcpu=arm7tdmi --defsym MODERN=1 -I sound -o build/modern-test/sound/songs/midi/se_intro_blast.o sound/songs/midi/se_intro_blast.s
arm-none-eabi-as -mcpu=arm7tdmi --defsym MODERN=1 -I sound -o build/modern-test/sound/songs/midi/se_itemfinder.o sound/songs/midi/se_itemfinder.s
arm-none-eabi-as -mcpu=arm7tdmi --defsym MODERN=1 -I sound -o build/modern-test/sound/songs/midi/se_lavaridge_fall_warp.o sound/songs/midi/se_lavaridge_fall_warp.s
arm-none-eabi-as -mcpu=arm7tdmi --defsym MODERN=1 -I sound -o build/modern-test/sound/songs/midi/se_ledge.o sound/songs/midi/se_ledge.s
arm-none-eabi-as -mcpu=arm7tdmi --defsym MODERN=1 -I sound -o build/modern-test/sound/songs/midi/se_low_health.o sound/songs/midi/se_low_health.s
arm-none-eabi-as -mcpu=arm7tdmi --defsym MODERN=1 -I sound -o build/modern-test/sound/songs/midi/se_m_bind.o sound/songs/midi/se_m_bind.s
arm-none-eabi-as -mcpu=arm7tdmi --defsym MODERN=1 -I sound -o build/modern-test/sound/songs/midi/se_m_comet_punch.o sound/songs/midi/se_m_comet_punch.s
arm-none-eabi-as -mcpu=arm7tdmi --defsym MODERN=1 -I sound -o build/modern-test/sound/songs/midi/se_m_cut.o sound/songs/midi/se_m_cut.s
arm-none-eabi-as -mcpu=arm7tdmi --defsym MODERN=1 -I sound -o build/modern-test/sound/songs/midi/se_m_double_slap.o sound/songs/midi/se_m_double_slap.s
arm-none-eabi-as -mcpu=arm7tdmi --defsym MODERN=1 -I sound -o build/modern-test/sound/songs/midi/se_m_fire_punch.o sound/songs/midi/se_m_fire_punch.s
arm-none-eabi-as -mcpu=arm7tdmi --defsym MODERN=1 -I sound -o build/modern-test/sound/songs/midi/se_m_fly.o sound/songs/midi/se_m_fly.s
arm-none-eabi-as -mcpu=arm7tdmi --defsym MODERN=1 -I sound -o build/modern-test/sound/songs/midi/se_m_gust.o sound/songs/midi/se_m_gust.s
arm-none-eabi-as -mcpu=arm7tdmi --defsym MODERN=1 -I sound -o build/modern-test/sound/songs/midi/se_m_gust2.o sound/songs/midi/se_m_gust2.s
arm-none-eabi-as -mcpu=arm7tdmi --defsym MODERN=1 -I sound -o build/modern-test/sound/songs/midi/se_m_headbutt.o sound/songs/midi/se_m_headbutt.s
arm-none-eabi-as -mcpu=arm7tdmi --defsym MODERN=1 -I sound -o build/modern-test/sound/songs/midi/se_m_horn_attack.o sound/songs/midi/se_m_horn_attack.s
arm-none-eabi-as -mcpu=arm7tdmi --defsym MODERN=1 -I sound -o build/modern-test/sound/songs/midi/se_m_jump_kick.o sound/songs/midi/se_m_jump_kick.s
arm-none-eabi-as -mcpu=arm7tdmi --defsym MODERN=1 -I sound -o build/modern-test/sound/songs/midi/se_m_leer.o sound/songs/midi/se_m_leer.s
arm-none-eabi-as -mcpu=arm7tdmi --defsym MODERN=1 -I sound -o build/modern-test/sound/songs/midi/se_m_mega_kick.o sound/songs/midi/se_m_mega_kick.s
arm-none-eabi-as -mcpu=arm7tdmi --defsym MODERN=1 -I sound -o build/modern-test/sound/songs/midi/se_m_mega_kick2.o sound/songs/midi/se_m_mega_kick2.s
arm-none-eabi-as -mcpu=arm7tdmi --defsym MODERN=1 -I sound -o build/modern-test/sound/songs/midi/se_m_pay_day.o sound/songs/midi/se_m_pay_day.s
arm-none-eabi-as -mcpu=arm7tdmi --defsym MODERN=1 -I sound -o build/modern-test/sound/songs/midi/se_m_razor_wind.o sound/songs/midi/se_m_razor_wind.s
arm-none-eabi-as -mcpu=arm7tdmi --defsym MODERN=1 -I sound -o build/modern-test/sound/songs/midi/se_m_razor_wind2.o sound/songs/midi/se_m_razor_wind2.s
arm-none-eabi-as -mcpu=arm7tdmi --defsym MODERN=1 -I sound -o build/modern-test/sound/songs/midi/se_m_sand_attack.o sound/songs/midi/se_m_sand_attack.s
arm-none-eabi-as -mcpu=arm7tdmi --defsym MODERN=1 -I sound -o build/modern-test/sound/songs/midi/se_m_scratch.o sound/songs/midi/se_m_scratch.s
arm-none-eabi-as -mcpu=arm7tdmi --defsym MODERN=1 -I sound -o build/modern-test/sound/songs/midi/se_m_swords_dance.o sound/songs/midi/se_m_swords_dance.s
arm-none-eabi-as -mcpu=arm7tdmi --defsym MODERN=1 -I sound -o build/modern-test/sound/songs/midi/se_m_tail_whip.o sound/songs/midi/se_m_tail_whip.s
arm-none-eabi-as -mcpu=arm7tdmi --defsym MODERN=1 -I sound -o build/modern-test/sound/songs/midi/se_m_take_down.o sound/songs/midi/se_m_take_down.s
arm-none-eabi-as -mcpu=arm7tdmi --defsym MODERN=1 -I sound -o build/modern-test/sound/songs/midi/se_m_vicegrip.o sound/songs/midi/se_m_vicegrip.s
arm-none-eabi-as -mcpu=arm7tdmi --defsym MODERN=1 -I sound -o build/modern-test/sound/songs/midi/se_m_wing_attack.o sound/songs/midi/se_m_wing_attack.s
arm-none-eabi-as -mcpu=arm7tdmi --defsym MODERN=1 -I sound -o build/modern-test/sound/songs/midi/se_mud_ball.o sound/songs/midi/se_mud_ball.s
arm-none-eabi-as -mcpu=arm7tdmi --defsym MODERN=1 -I sound -o build/modern-test/sound/songs/midi/se_mugshot.o sound/songs/midi/se_mugshot.s
arm-none-eabi-as -mcpu=arm7tdmi --defsym MODERN=1 -I sound -o build/modern-test/sound/songs/midi/se_n.o sound/songs/midi/se_n.s
arm-none-eabi-as -mcpu=arm7tdmi --defsym MODERN=1 -I sound -o build/modern-test/sound/songs/midi/se_not_effective.o sound/songs/midi/se_not_effective.s
arm-none-eabi-as -mcpu=arm7tdmi --defsym MODERN=1 -I sound -o build/modern-test/sound/songs/midi/se_note_a.o sound/songs/midi/se_note_a.s
arm-none-eabi-as -mcpu=arm7tdmi --defsym MODERN=1 -I sound -o build/modern-test/sound/songs/midi/se_note_b.o sound/songs/midi/se_note_b.s
arm-none-eabi-as -mcpu=arm7tdmi --defsym MODERN=1 -I sound -o build/modern-test/sound/songs/midi/se_note_c.o sound/songs/midi/se_note_c.s
arm-none-eabi-as -mcpu=arm7tdmi --defsym MODERN=1 -I sound -o build/modern-test/sound/songs/midi/se_note_c_high.o sound/songs/midi/se_note_c_high.s
arm-none-eabi-as -mcpu=arm7tdmi --defsym MODERN=1 -I sound -o build/modern-test/sound/songs/midi/se_note_d.o sound/songs/midi/se_note_d.s
arm-none-eabi-as -mcpu=arm7tdmi --defsym MODERN=1 -I sound -o build/modern-test/sound/songs/midi/se_note_e.o sound/songs/midi/se_note_e.s
arm-none-eabi-as -mcpu=arm7tdmi --defsym MODERN=1 -I sound -o build/modern-test/sound/songs/midi/se_note_f.o sound/songs/midi/se_note_f.s
arm-none-eabi-as -mcpu=arm7tdmi --defsym MODERN=1 -I sound -o build/modern-test/sound/songs/midi/se_note_g.o sound/songs/midi/se_note_g.s
arm-none-eabi-as -mcpu=arm7tdmi --defsym MODERN=1 -I sound -o build/modern-test/sound/songs/midi/se_o.o sound/songs/midi/se_o.s
arm-none-eabi-as -mcpu=arm7tdmi --defsym MODERN=1 -I sound -o build/modern-test/sound/songs/midi/se_orb.o sound/songs/midi/se_orb.s
arm-none-eabi-as -mcpu=arm7tdmi --defsym MODERN=1 -I sound -o build/modern-test/sound/songs/midi/se_pc_login.o sound/songs/midi/se_pc_login.s
arm-none-eabi-as -mcpu=arm7tdmi --defsym MODERN=1 -I sound -o build/modern-test/sound/songs/midi/se_pc_off.o sound/songs/midi/se_pc_off.s
arm-none-eabi-as -mcpu=arm7tdmi --defsym MODERN=1 -I sound -o build/modern-test/sound/songs/midi/se_pc_on.o sound/songs/midi/se_pc_on.s
arm-none-eabi-as -mcpu=arm7tdmi --defsym MODERN=1 -I sound -o build/modern-test/sound/songs/midi/se_pike_curtain_close.o sound/songs/midi/se_pike_curtain_close.s
arm-none-eabi-as -mcpu=arm7tdmi --defsym MODERN=1 -I sound -o build/modern-test/sound/songs/midi/se_pike_curtain_open.o sound/songs/midi/se_pike_curtain_open.s
arm-none-eabi-as -mcpu=arm7tdmi --defsym MODERN=1 -I sound -o build/modern-test/sound/songs/midi/se_pin.o sound/songs/midi/se_pin.s
arm-none-eabi-as -mcpu=arm7tdmi --defsym MODERN=1 -I sound -o build/modern-test/sound/songs/midi/se_pokenav_call.o sound/songs/midi/se_pokenav_call.s
arm-none-eabi-as -mcpu=arm7tdmi --defsym MODERN=1 -I sound -o build/modern-test/sound/songs/midi/se_pokenav_hang_up.o sound/songs/midi/se_pokenav_hang_up.s
arm-none-eabi-as -mcpu=arm7tdmi --defsym MODERN=1 -I sound -o build/modern-test/sound/songs/midi/se_pokenav_off.o sound/songs/midi/se_pokenav_off.s
arm-none-eabi-as -mcpu=arm7tdmi --defsym MODERN=1 -I sound -o build/modern-test/sound/songs/midi/se_pokenav_on.o sound/songs/midi/se_pokenav_on.s
arm-none-eabi-as -mcpu=arm7tdmi --defsym MODERN=1 -I sound -o build/modern-test/sound/songs/midi/se_puddle.o sound/songs/midi/se_puddle.s
arm-none-eabi-as -mcpu=arm7tdmi --defsym MODERN=1 -I sound -o build/modern-test/sound/songs/midi/se_rain.o sound/songs/midi/se_rain.s
arm-none-eabi-as -mcpu=arm7tdmi --defsym MODERN=1 -I sound -o build/modern-test/sound/songs/midi/se_rain_stop.o sound/songs/midi/se_rain_stop.s
arm-none-eabi-as -mcpu=arm7tdmi --defsym MODERN=1 -I sound -o build/modern-test/sound/songs/midi/se_repel.o sound/songs/midi/se_repel.s
arm-none-eabi-as -mcpu=arm7tdmi --defsym MODERN=1 -I sound -o build/modern-test/sound/songs/midi/se_rg_bag_cursor.o sound/songs/midi/se_rg_bag_cursor.s
arm-none-eabi-as -mcpu=arm7tdmi --defsym MODERN=1 -I sound -o build/modern-test/sound/songs/midi/se_rg_bag_pocket.o sound/songs/midi/se_rg_bag_pocket.s
arm-none-eabi-as -mcpu=arm7tdmi --defsym MODERN=1 -I sound -o build/modern-test/sound/songs/midi/se_rg_ball_click.o sound/songs/midi/se_rg_ball_click.s
arm-none-eabi-as -mcpu=arm7tdmi --defsym MODERN=1 -I sound -o build/modern-test/sound/songs/midi/se_rg_card_flip.o sound/songs/midi/se_rg_card_flip.s
arm-none-eabi-as -mcpu=arm7tdmi --defsym MODERN=1 -I sound -o build/modern-test/sound/songs/midi/se_rg_card_flipping.o sound/songs/midi/se_rg_card_flipping.s
arm-none-eabi-as -mcpu=arm7tdmi --defsym MODERN=1 -I sound -o build/modern-test/sound/songs/midi/se_rg_card_open.o sound/songs/midi/se_rg_card_open.s
arm-none-eabi-as -mcpu=arm7tdmi --defsym MODERN=1 -I sound -o build/modern-test/sound/songs/midi/se_rg_deoxys_move.o sound/songs/midi/se_rg_deoxys_move.s
arm-none-eabi-as -mcpu=arm7tdmi --defsym MODERN=1 -I sound -o build/modern-test/sound/songs/midi/se_rg_door.o sound/songs/midi/se_rg_door.s
arm-none-eabi-as -mcpu=arm7tdmi --defsym MODERN=1 -I sound -o build/modern-test/sound/songs/midi/se_rg_help_close.o sound/songs/midi/se_rg_help_close.s
arm-none-eabi-as -mcpu=arm7tdmi --defsym MODERN=1 -I sound -o build/modern-test/sound/songs/midi/se_rg_help_error.o sound/songs/midi/se_rg_help_error.s
arm-none-eabi-as -mcpu=arm7tdmi --defsym MODERN=1 -I sound -o build/modern-test/sound/songs/midi/se_rg_help_open.o sound/songs/midi/se_rg_help_open.s
arm-none-eabi-as -mcpu=arm7tdmi --defsym MODERN=1 -I sound -o build/modern-test/sound/songs/midi/se_rg_poke_jump_failure.o sound/songs/midi/se_rg_poke_jump_failure.s
arm-none-eabi-as -mcpu=arm7tdmi --defsym MODERN=1 -I sound -o build/modern-test/sound/songs/midi/se_rg_poke_jump_success.o sound/songs/midi/se_rg_poke_jump_success.s
arm-none-eabi-as -mcpu=arm7tdmi --defsym MODERN=1 -I sound -o build/modern-test/sound/songs/midi/se_rg_shop.o sound/songs/midi/se_rg_shop.s
arm-none-eabi-as -mcpu=arm7tdmi --defsym MODERN=1 -I sound -o build/modern-test/sound/songs/midi/se_rg_ss_anne_horn.o sound/songs/midi/se_rg_ss_anne_horn.s
arm-none-eabi-as -mcpu=arm7tdmi --defsym MODERN=1 -I sound -o build/modern-test/sound/songs/midi/se_rotating_gate.o sound/songs/midi/se_rotating_gate.s
arm-none-eabi-as -mcpu=arm7tdmi --defsym MODERN=1 -I sound -o build/modern-test/sound/songs/midi/se_roulette_ball.o sound/songs/midi/se_roulette_ball.s
arm-none-eabi-as -mcpu=arm7tdmi --defsym MODERN=1 -I sound -o build/modern-test/sound/songs/midi/se_roulette_ball2.o sound/songs/midi/se_roulette_ball2.s
arm-none-eabi-as -mcpu=arm7tdmi --defsym MODERN=1 -I sound -o build/modern-test/sound/songs/midi/se_save.o sound/songs/midi/se_save.s
arm-none-eabi-as -mcpu=arm7tdmi --defsym MODERN=1 -I sound -o build/modern-test/sound/songs/midi/se_select.o sound/songs/midi/se_select.s
arm-none-eabi-as -mcpu=arm7tdmi --defsym MODERN=1 -I sound -o build/modern-test/sound/songs/midi/se_shiny.o sound/songs/midi/se_shiny.s
arm-none-eabi-as -mcpu=arm7tdmi --defsym MODERN=1 -I sound -o build/modern-test/sound/songs/midi/se_ship.o sound/songs/midi/se_ship.s
arm-none-eabi-as -mcpu=arm7tdmi --defsym MODERN=1 -I sound -o build/modern-test/sound/songs/midi/se_shop.o sound/songs/midi/se_shop.s
arm-none-eabi-as -mcpu=arm7tdmi --defsym MODERN=1 -I sound -o build/modern-test/sound/songs/midi/se_sliding_door.o sound/songs/midi/se_sliding_door.s
arm-none-eabi-as -mcpu=arm7tdmi --defsym MODERN=1 -I sound -o build/modern-test/sound/songs/midi/se_success.o sound/songs/midi/se_success.s
arm-none-eabi-as -mcpu=arm7tdmi --defsym MODERN=1 -I sound -o build/modern-test/sound/songs/midi/se_sudowoodo_shake.o sound/songs/midi/se_sudowoodo_shake.s
arm-none-eabi-as -mcpu=arm7tdmi --defsym MODERN=1 -I sound -o build/modern-test/sound/songs/midi/se_super_effective.o sound/songs/midi/se_super_effective.s
arm-none-eabi-as -mcpu=arm7tdmi --defsym MODERN=1 -I sound -o build/modern-test/sound/songs/midi/se_switch.o sound/songs/midi/se_switch.s
arm-none-eabi-as -mcpu=arm7tdmi --defsym MODERN=1 -I sound -o build/modern-test/sound/songs/midi/se_taillow_wing_flap.o sound/songs/midi/se_taillow_wing_flap.s
arm-none-eabi-as -mcpu=arm7tdmi --defsym MODERN=1 -I sound -o build/modern-test/sound/songs/midi/se_thunder.o sound/songs/midi/se_thunder.s
arm-none-eabi-as -mcpu=arm7tdmi --defsym MODERN=1 -I sound -o build/modern-test/sound/songs/midi/se_thunder2.o sound/songs/midi/se_thunder2.s
arm-none-eabi-as -mcpu=arm7tdmi --defsym MODERN=1 -I sound -o build/modern-test/sound/songs/midi/se_thunderstorm.o sound/songs/midi/se_thunderstorm.s
arm-none-eabi-as -mcpu=arm7tdmi --defsym MODERN=1 -I sound -o build/modern-test/sound/songs/midi/se_thunderstorm_stop.o sound/songs/midi/se_thunderstorm_stop.s
arm-none-eabi-as -mcpu=arm7tdmi --defsym MODERN=1 -I sound -o build/modern-test/sound/songs/midi/se_truck_door.o sound/songs/midi/se_truck_door.s
arm-none-eabi-as -mcpu=arm7tdmi --defsym MODERN=1 -I sound -o build/modern-test/sound/songs/midi/se_truck_move.o sound/songs/midi/se_truck_move.s
arm-none-eabi-as -mcpu=arm7tdmi --defsym MODERN=1 -I sound -o build/modern-test/sound/songs/midi/se_truck_stop.o sound/songs/midi/se_truck_stop.s
arm-none-eabi-as -mcpu=arm7tdmi --defsym MODERN=1 -I sound -o build/modern-test/sound/songs/midi/se_truck_unload.o sound/songs/midi/se_truck_unload.s
arm-none-eabi-as -mcpu=arm7tdmi --defsym MODERN=1 -I sound -o build/modern-test/sound/songs/midi/se_u.o sound/songs/midi/se_u.s
arm-none-eabi-as -mcpu=arm7tdmi --defsym MODERN=1 -I sound -o build/modern-test/sound/songs/midi/se_unlock.o sound/songs/midi/se_unlock.s
arm-none-eabi-as -mcpu=arm7tdmi --defsym MODERN=1 -I sound -o build/modern-test/sound/songs/midi/se_use_item.o sound/songs/midi/se_use_item.s
arm-none-eabi-as -mcpu=arm7tdmi --defsym MODERN=1 -I sound -o build/modern-test/sound/songs/midi/se_vend.o sound/songs/midi/se_vend.s
arm-none-eabi-as -mcpu=arm7tdmi --defsym MODERN=1 -I sound -o build/modern-test/sound/songs/midi/se_warp_in.o sound/songs/midi/se_warp_in.s
arm-none-eabi-as -mcpu=arm7tdmi --defsym MODERN=1 -I sound -o build/modern-test/sound/songs/midi/se_warp_out.o sound/songs/midi/se_warp_out.s
/usr/lib/gcc/arm-none-eabi/14.2.1/cc1 -quiet <flags> -o build/modern-test/test/fpmath.o test/fpmath.c
/usr/lib/gcc/arm-none-eabi/14.2.1/cc1 -quiet <flags> -o build/modern-test/test/pokemon.o test/pokemon.c
/usr/lib/gcc/arm-none-eabi/14.2.1/cc1 -quiet <flags> -o build/modern-test/test/random.o test/random.c
/usr/lib/gcc/arm-none-eabi/14.2.1/cc1 -quiet <flags> -o build/modern-test/test/species.o test/species.c
/usr/lib/gcc/arm-none-eabi/14.2.1/cc1 -quiet <flags> -o build/modern-test/test/sprite.o test/sprite.c
/usr/lib/gcc/arm-none-eabi/14.2.1/cc1 -quiet <flags> -o build/modern-test/test/test_runner.o test/test_runner.c
/usr/lib/gcc/arm-none-eabi/14.2.1/cc1 -quiet <flags> -o build/modern-test/test/test_runner_args.o test/test_runner_args.c
/usr/lib/gcc/arm-none-eabi/14.2.1/cc1 -quiet <flags> -o build/modern-test/test/test_runner_battle.o test/test_runner_battle.c
/usr/lib/gcc/arm-none-eabi/14.2.1/cc1 -quiet <flags> -o build/modern-test/test/text.o test/text.c
/usr/lib/gcc/arm-none-eabi/14.2.1/cc1 -quiet <flags> -o build/modern-test/test/battle/battle_message.o test/battle/battle_message.c
/usr/lib/gcc/arm-none-eabi/14.2.1/cc1 -quiet <flags> -o build/modern-test/test/battle/crit_chance.o test/battle/crit_chance.c
/usr/lib/gcc/arm-none-eabi/14.2.1/cc1 -quiet <flags> -o build/modern-test/test/battle/damage_formula.o test/battle/damage_formula.c
/usr/lib/gcc/arm-none-eabi/14.2.1/cc1 -quiet <flags> -o build/modern-test/test/battle/exp.o test/battle/exp.c
/usr/lib/gcc/arm-none-eabi/14.2.1/cc1 -quiet <flags> -o build/modern-test/test/battle/move.o test/battle/move.c
/usr/lib/gcc/arm-none-eabi/14.2.1/cc1 -quiet <flags> -o build/modern-test/test/battle/test_runner_features.o test/battle/test_runner_features.c
/usr/lib/gcc/arm-none-eabi/14.2.1/cc1 -quiet <flags> -o build/modern-test/test/battle/trainer_control.o test/battle/trainer_control.c
/usr/lib/gcc/arm-none-eabi/14.2.1/cc1 -quiet <flags> -o build/modern-test/test/battle/ability/adaptability.o test/battle/ability/adaptability.c
/usr/lib/gcc/arm-none-eabi/14.2.1/cc1 -quiet <flags> -o build/modern-test/test/battle/ability/aerilate.o test/battle/ability/aerilate.c
/usr/lib/gcc/arm-none-eabi/14.2.1/cc1 -quiet <flags> -o build/modern-test/test/battle/ability/aftermath.o test/battle/ability/aftermath.c
/usr/lib/gcc/arm-none-eabi/14.2.1/cc1 -quiet <flags> -o build/modern-test/test/battle/ability/air_lock.o test/battle/ability/air_lock.c
/usr/lib/gcc/arm-none-eabi/14.2.1/cc1 -quiet <flags> -o build/modern-test/test/battle/ability/analytic.o test/battle/ability/analytic.c
/usr/lib/gcc/arm-none-eabi/14.2.1/cc1 -quiet <flags> -o build/modern-test/test/battle/ability/anger_point.o test/battle/ability/anger_point.c
/usr/lib/gcc/arm-none-eabi/14.2.1/cc1 -quiet <flags> -o build/modern-test/test/battle/ability/anger_shell.o test/battle/ability/anger_shell.c
/usr/lib/gcc/arm-none-eabi/14.2.1/cc1 -quiet <flags> -o build/modern-test/test/battle/ability/anticipation.o test/battle/ability/anticipation.c
/usr/lib/gcc/arm-none-eabi/14.2.1/cc1 -quiet <flags> -o build/modern-test/test/battle/ability/arena_trap.o test/battle/ability/arena_trap.c
/usr/lib/gcc/arm-none-eabi/14.2.1/cc1 -quiet <flags> -o build/modern-test/test/battle/ability/armor_tail.o test/battle/ability/armor_tail.c
/usr/lib/gcc/arm-none-eabi/14.2.1/cc1 -quiet <flags> -o build/modern-test/test/battle/ability/aroma_veil.o test/battle/ability/aroma_veil.c
/usr/lib/gcc/arm-none-eabi/14.2.1/cc1 -quiet <flags> -o build/modern-test/test/battle/ability/as_one.o test/battle/ability/as_one.c
/usr/lib/gcc/arm-none-eabi/14.2.1/cc1 -quiet <flags> -o build/modern-test/test/battle/ability/aura_break.o test/battle/ability/aura_break.c
/usr/lib/gcc/arm-none-eabi/14.2.1/cc1 -quiet <flags> -o build/modern-test/test/battle/ability/bad_dreams.o test/battle/ability/bad_dreams.c
/usr/lib/gcc/arm-none-eabi/14.2.1/cc1 -quiet <flags> -o build/modern-test/test/battle/ability/battle_bond.o test/battle/ability/battle_bond.c
/usr/lib/gcc/arm-none-eabi/14.2.1/cc1 -quiet <flags> -o build/modern-test/test/battle/ability/beads_of_ruin.o test/battle/ability/beads_of_ruin.c
/usr/lib/gcc/arm-none-eabi/14.2.1/cc1 -quiet <flags> -o build/modern-test/test/battle/ability/beast_boost.o test/battle/ability/beast_boost.c
/usr/lib/gcc/arm-none-eabi/14.2.1/cc1 -quiet <flags> -o build/modern-test/test/battle/ability/berserk.o test/battle/ability/berserk.c
/usr/lib/gcc/arm-none-eabi/14.2.1/cc1 -quiet <flags> -o build/modern-test/test/battle/ability/blaze.o test/battle/ability/blaze.c
/usr/lib/gcc/arm-none-eabi/14.2.1/cc1 -quiet <flags> -o build/modern-test/test/battle/ability/chilling_neigh.o test/battle/ability/chilling_neigh.c
/usr/lib/gcc/arm-none-eabi/14.2.1/cc1 -quiet <flags> -o build/modern-test/test/battle/ability/chlorophyll.o test/battle/ability/chlorophyll.c
/usr/lib/gcc/arm-none-eabi/14.2.1/cc1 -quiet <flags> -o build/modern-test/test/battle/ability/clear_body.o test/battle/ability/clear_body.c
/usr/lib/gcc/arm-none-eabi/14.2.1/cc1 -quiet <flags> -o build/modern-test/test/battle/ability/cloud_nine.o test/battle/ability/cloud_nine.c
/usr/lib/gcc/arm-none-eabi/14.2.1/cc1 -quiet <flags> -o build/modern-test/test/battle/ability/color_change.o test/battle/ability/color_change.c
/usr/lib/gcc/arm-none-eabi/14.2.1/cc1 -quiet <flags> -o build/modern-test/test/battle/ability/comatose.o test/battle/ability/comatose.c
/usr/lib/gcc/arm-none-eabi/14.2.1/cc1 -quiet <flags> -o build/modern-test/test/battle/ability/commander.o test/battle/ability/commander.c
/usr/lib/gcc/arm-none-eabi/14.2.1/cc1 -quiet <flags> -o build/modern-test/test/battle/ability/compound_eyes.o test/battle/ability/compound_eyes.c
/usr/lib/gcc/arm-none-eabi/14.2.1/cc1 -quiet <flags> -o build/modern-test/test/battle/ability/contrary.o test/battle/ability/contrary.c
/usr/lib/gcc/arm-none-eabi/14.2.1/cc1 -quiet <flags> -o build/modern-test/test/battle/ability/corrosion.o test/battle/ability/corrosion.c
/usr/lib/gcc/arm-none-eabi/14.2.1/cc1 -quiet <flags> -o build/modern-test/test/battle/ability/costar.o test/battle/ability/costar.c
/usr/lib/gcc/arm-none-eabi/14.2.1/cc1 -quiet <flags> -o build/modern-test/test/battle/ability/cotton_down.o test/battle/ability/cotton_down.c
/usr/lib/gcc/arm-none-eabi/14.2.1/cc1 -quiet <flags> -o build/modern-test/test/battle/ability/cud_chew.o test/battle/ability/cud_chew.c
/usr/lib/gcc/arm-none-eabi/14.2.1/cc1 -quiet <flags> -o build/modern-test/test/battle/ability/curious_medicine.o test/battle/ability/curious_medicine.c
/usr/lib/gcc/arm-none-eabi/14.2.1/cc1 -quiet <flags> -o build/modern-test/test/battle/ability/cursed_body.o test/battle/ability/cursed_body.c
/usr/lib/gcc/arm-none-eabi/14.2.1/cc1 -quiet <flags> -o build/modern-test/test/battle/ability/cute_charm.o test/battle/ability/cute_charm.c
/usr/lib/gcc/arm-none-eabi/14.2.1/cc1 -quiet <flags> -o build/modern-test/test/battle/ability/damp.o test/battle/ability/damp.c
/usr/lib/gcc/arm-none-eabi/14.2.1/cc1 -quiet <flags> -o build/modern-test/test/battle/ability/dancer.o test/battle/ability/dancer.c
/usr/lib/gcc/arm-none-eabi/14.2.1/cc1 -quiet <flags> -o build/modern-test/test/battle/ability/dauntless_shield.o test/battle/ability/dauntless_shield.c
/usr/lib/gcc/arm-none-eabi/14.2.1/cc1 -quiet <flags> -o build/modern-test/test/battle/ability/dazzling.o test/battle/ability/dazzling.c
/usr/lib/gcc/arm-none-eabi/14.2.1/cc1 -quiet <flags> -o build/modern-test/test/battle/ability/defeatist.o test/battle/ability/defeatist.c
/usr/lib/gcc/arm-none-eabi/14.2.1/cc1 -quiet <flags> -o build/modern-test/test/battle/ability/defiant.o test/battle/ability/defiant.c
/usr/lib/gcc/arm-none-eabi/14.2.1/cc1 -quiet <flags> -o build/modern-test/test/battle/ability/desolate_land.o test/battle/ability/desolate_land.c
/usr/lib/gcc/arm-none-eabi/14.2.1/cc1 -quiet <flags> -o build/modern-test/test/battle/ability/disguise.o test/battle/ability/disguise.c
/usr/lib/gcc/arm-none-eabi/14.2.1/cc1 -quiet <flags> -o build/modern-test/test/battle/ability/download.o test/battle/ability/download.c
/usr/lib/gcc/arm-none-eabi/14.2.1/cc1 -quiet <flags> -o build/modern-test/test/battle/ability/dragons_maw.o test/battle/ability/dragons_maw.c
/usr/lib/gcc/arm-none-eabi/14.2.1/cc1 -quiet <flags> -o build/modern-test/test/battle/ability/drizzle.o test/battle/ability/drizzle.c
/usr/lib/gcc/arm-none-eabi/14.2.1/cc1 -quiet <flags> -o build/modern-test/test/battle/ability/drought.o test/battle/ability/drought.c
/usr/lib/gcc/arm-none-eabi/14.2.1/cc1 -quiet <flags> -o build/modern-test/test/battle/ability/dry_skin.o test/battle/ability/dry_skin.c
/usr/lib/gcc/arm-none-eabi/14.2.1/cc1 -quiet <flags> -o build/modern-test/test/battle/ability/earth_eater.o test/battle/ability/earth_eater.c
/usr/lib/gcc/arm-none-eabi/14.2.1/cc1 -quiet <flags> -o build/modern-test/test/battle/ability/effect_spore.o test/battle/ability/effect_spore.c
/usr/lib/gcc/arm-none-eabi/14.2.1/cc1 -quiet <flags> -o build/modern-test/test/battle/ability/electromorphosis.o test/battle/ability/electromorphosis.c
/usr/lib/gcc/arm-none-eabi/14.2.1/cc1 -quiet <flags> -o build/modern-test/test/battle/ability/embody_aspect.o test/battle/ability/embody_aspect.c
/usr/lib/gcc/arm-none-eabi/14.2.1/cc1 -quiet <flags> -o build/modern-test/test/battle/ability/emergency_exit.o test/battle/ability/emergency_exit.c
/usr/lib/gcc/arm-none-eabi/14.2.1/cc1 -quiet <flags> -o build/modern-test/test/battle/ability/flame_body.o test/battle/ability/flame_body.c
/usr/lib/gcc/arm-none-eabi/14.2.1/cc1 -quiet <flags> -o build/modern-test/test/battle/ability/flower_gift.o test/battle/ability/flower_gift.c
/usr/lib/gcc/arm-none-eabi/14.2.1/cc1 -quiet <flags> -o build/modern-test/test/battle/ability/fluffy.o test/battle/ability/fluffy.c
/usr/lib/gcc/arm-none-eabi/14.2.1/cc1 -quiet <flags> -o build/modern-test/test/battle/ability/forecast.o test/battle/ability/forecast.c
/usr/lib/gcc/arm-none-eabi/14.2.1/cc1 -quiet <flags> -o build/modern-test/test/battle/ability/frisk.o test/battle/ability/frisk.c
/usr/lib/gcc/arm-none-eabi/14.2.1/cc1 -quiet <flags> -o build/modern-test/test/battle/ability/full_metal_body.o test/battle/ability/full_metal_body.c
/usr/lib/gcc/arm-none-eabi/14.2.1/cc1 -quiet <flags> -o build/modern-test/test/battle/ability/gale_wings.o test/battle/ability/gale_wings.c
/usr/lib/gcc/arm-none-eabi/14.2.1/cc1 -quiet <flags> -o build/modern-test/test/battle/ability/galvanize.o test/battle/ability/galvanize.c
/usr/lib/gcc/arm-none-eabi/14.2.1/cc1 -quiet <flags> -o build/modern-test/test/battle/ability/good_as_gold.o test/battle/ability/good_as_gold.c
/usr/lib/gcc/arm-none-eabi/14.2.1/cc1 -quiet <flags> -o build/modern-test/test/battle/ability/grim_neigh.o test/battle/ability/grim_neigh.c
/usr/lib/gcc/arm-none-eabi/14.2.1/cc1 -quiet <flags> -o build/modern-test/test/battle/ability/guard_dog.o test/battle/ability/guard_dog.c
/usr/lib/gcc/arm-none-eabi/14.2.1/cc1 -quiet <flags> -o build/modern-test/test/battle/ability/gulp_missile.o test/battle/ability/gulp_missile.c
/usr/lib/gcc/arm-none-eabi/14.2.1/cc1 -quiet <flags> -o build/modern-test/test/battle/ability/harvest.o test/battle/ability/harvest.c
/usr/lib/gcc/arm-none-eabi/14.2.1/cc1 -quiet <flags> -o build/modern-test/test/battle/ability/healer.o test/battle/ability/healer.c
/usr/lib/gcc/arm-none-eabi/14.2.1/cc1 -quiet <flags> -o build/modern-test/test/battle/ability/hospitality.o test/battle/ability/hospitality.c
/usr/lib/gcc/arm-none-eabi/14.2.1/cc1 -quiet <flags> -o build/modern-test/test/battle/ability/hunger_switch.o test/battle/ability/hunger_switch.c
/usr/lib/gcc/arm-none-eabi/14.2.1/cc1 -quiet <flags> -o build/modern-test/test/battle/ability/hydration.o test/battle/ability/hydration.c
/usr/lib/gcc/arm-none-eabi/14.2.1/cc1 -quiet <flags> -o build/modern-test/test/battle/ability/hyper_cutter.o test/battle/ability/hyper_cutter.c
/usr/lib/gcc/arm-none-eabi/14.2.1/cc1 -quiet <flags> -o build/modern-test/test/battle/ability/ice_body.o test/battle/ability/ice_body.c
/usr/lib/gcc/arm-none-eabi/14.2.1/cc1 -quiet <flags> -o build/modern-test/test/battle/ability/ice_face.o test/battle/ability/ice_face.c
/usr/lib/gcc/arm-none-eabi/14.2.1/cc1 -quiet <flags> -o build/modern-test/test/battle/ability/ice_scales.o test/battle/ability/ice_scales.c
/usr/lib/gcc/arm-none-eabi/14.2.1/cc1 -quiet <flags> -o build/modern-test/test/battle/ability/illusion.o test/battle/ability/illusion.c
/usr/lib/gcc/arm-none-eabi/14.2.1/cc1 -quiet <flags> -o build/modern-test/test/battle/ability/immunity.o test/battle/ability/immunity.c
/usr/lib/gcc/arm-none-eabi/14.2.1/cc1 -quiet <flags> -o build/modern-test/test/battle/ability/innards_out.o test/battle/ability/innards_out.c
/usr/lib/gcc/arm-none-eabi/14.2.1/cc1 -quiet <flags> -o build/modern-test/test/battle/ability/inner_focus.o test/battle/ability/inner_focus.c
/usr/lib/gcc/arm-none-eabi/14.2.1/cc1 -quiet <flags> -o build/modern-test/test/battle/ability/insomnia.o test/battle/ability/insomnia.c
/usr/lib/gcc/arm-none-eabi/14.2.1/cc1 -quiet <flags> -o build/modern-test/test/battle/ability/intimidate.o test/battle/ability/intimidate.c
/usr/lib/gcc/arm-none-eabi/14.2.1/cc1 -quiet <flags> -o build/modern-test/test/battle/ability/intrepid_sword.o test/battle/ability/intrepid_sword.c
/usr/lib/gcc/arm-none-eabi/14.2.1/cc1 -quiet <flags> -o build/modern-test/test/battle/ability/keen_eye.o test/battle/ability/keen_eye.c
/usr/lib/gcc/arm-none-eabi/14.2.1/cc1 -quiet <flags> -o build/modern-test/test/battle/ability/leaf_guard.o test/battle/ability/leaf_guard.c
/usr/lib/gcc/arm-none-eabi/14.2.1/cc1 -quiet <flags> -o build/modern-test/test/battle/ability/lightning_rod.o test/battle/ability/lightning_rod.c
/usr/lib/gcc/arm-none-eabi/14.2.1/cc1 -quiet <flags> -o build/modern-test/test/battle/ability/limber.o test/battle/ability/limber.c
/usr/lib/gcc/arm-none-eabi/14.2.1/cc1 -quiet <flags> -o build/modern-test/test/battle/ability/lingering_aroma.o test/battle/ability/lingering_aroma.c
/usr/lib/gcc/arm-none-eabi/14.2.1/cc1 -quiet <flags> -o build/modern-test/test/battle/ability/magic_bounce.o test/battle/ability/magic_bounce.c
/usr/lib/gcc/arm-none-eabi/14.2.1/cc1 -quiet <flags> -o build/modern-test/test/battle/ability/magic_guard.o test/battle/ability/magic_guard.c
/usr/lib/gcc/arm-none-eabi/14.2.1/cc1 -quiet <flags> -o build/modern-test/test/battle/ability/magician.o test/battle/ability/magician.c
/usr/lib/gcc/arm-none-eabi/14.2.1/cc1 -quiet <flags> -o build/modern-test/test/battle/ability/minds_eye.o test/battle/ability/minds_eye.c
/usr/lib/gcc/arm-none-eabi/14.2.1/cc1 -quiet <flags> -o build/modern-test/test/battle/ability/mirror_armor.o test/battle/ability/mirror_armor.c
/usr/lib/gcc/arm-none-eabi/14.2.1/cc1 -quiet <flags> -o build/modern-test/test/battle/ability/moxie.o test/battle/ability/moxie.c
/usr/lib/gcc/arm-none-eabi/14.2.1/cc1 -quiet <flags> -o build/modern-test/test/battle/ability/mummy.o test/battle/ability/mummy.c
/usr/lib/gcc/arm-none-eabi/14.2.1/cc1 -quiet <flags> -o build/modern-test/test/battle/ability/mycelium_might.o test/battle/ability/mycelium_might.c
/usr/lib/gcc/arm-none-eabi/14.2.1/cc1 -quiet <flags> -o build/modern-test/test/battle/ability/neuroforce.o test/battle/ability/neuroforce.c
/usr/lib/gcc/arm-none-eabi/14.2.1/cc1 -quiet <flags> -o build/modern-test/test/battle/ability/normalize.o test/battle/ability/normalize.c
/usr/lib/gcc/arm-none-eabi/14.2.1/cc1 -quiet <flags> -o build/modern-test/test/battle/ability/oblivious.o test/battle/ability/oblivious.c
/usr/lib/gcc/arm-none-eabi/14.2.1/cc1 -quiet <flags> -o build/modern-test/test/battle/ability/opportunist.o test/battle/ability/opportunist.c
/usr/lib/gcc/arm-none-eabi/14.2.1/cc1 -quiet <flags> -o build/modern-test/test/battle/ability/orichalcum_pulse.o test/battle/ability/orichalcum_pulse.c
/usr/lib/gcc/arm-none-eabi/14.2.1/cc1 -quiet <flags> -o build/modern-test/test/battle/ability/overcoat.o test/battle/ability/overcoat.c
/usr/lib/gcc/arm-none-eabi/14.2.1/cc1 -quiet <flags> -o build/modern-test/test/battle/ability/overgrow.o test/battle/ability/overgrow.c
/usr/lib/gcc/arm-none-eabi/14.2.1/cc1 -quiet <flags> -o build/modern-test/test/battle/ability/own_tempo.o test/battle/ability/own_tempo.c
/usr/lib/gcc/arm-none-eabi/14.2.1/cc1 -quiet <flags> -o build/modern-test/test/battle/ability/parental_bond.o test/battle/ability/parental_bond.c
/usr/lib/gcc/arm-none-eabi/14.2.1/cc1 -quiet <flags> -o build/modern-test/test/battle/ability/pastel_veil.o test/battle/ability/pastel_veil.c
/usr/lib/gcc/arm-none-eabi/14.2.1/cc1 -quiet <flags> -o build/modern-test/test/battle/ability/pickup.o test/battle/ability/pickup.c
/usr/lib/gcc/arm-none-eabi/14.2.1/cc1 -quiet <flags> -o build/modern-test/test/battle/ability/pixilate.o test/battle/ability/pixilate.c
/usr/lib/gcc/arm-none-eabi/14.2.1/cc1 -quiet <flags> -o build/modern-test/test/battle/ability/poison_heal.o test/battle/ability/poison_heal.c
/usr/lib/gcc/arm-none-eabi/14.2.1/cc1 -quiet <flags> -o build/modern-test/test/battle/ability/poison_point.o test/battle/ability/poison_point.c
/usr/lib/gcc/arm-none-eabi/14.2.1/cc1 -quiet <flags> -o build/modern-test/test/battle/ability/poison_puppeteer.o test/battle/ability/poison_puppeteer.c
/usr/lib/gcc/arm-none-eabi/14.2.1/cc1 -quiet <flags> -o build/modern-test/test/battle/ability/poison_touch.o test/battle/ability/poison_touch.c
/usr/lib/gcc/arm-none-eabi/14.2.1/cc1 -quiet <flags> -o build/modern-test/test/battle/ability/prankster.o test/battle/ability/prankster.c
/usr/lib/gcc/arm-none-eabi/14.2.1/cc1 -quiet <flags> -o build/modern-test/test/battle/ability/pressure.o test/battle/ability/pressure.c
/usr/lib/gcc/arm-none-eabi/14.2.1/cc1 -quiet <flags> -o build/modern-test/test/battle/ability/primordial_sea.o test/battle/ability/primordial_sea.c
/usr/lib/gcc/arm-none-eabi/14.2.1/cc1 -quiet <flags> -o build/modern-test/test/battle/ability/protean.o test/battle/ability/protean.c
/usr/lib/gcc/arm-none-eabi/14.2.1/cc1 -quiet <flags> -o build/modern-test/test/battle/ability/protosynthesis.o test/battle/ability/protosynthesis.c
/usr/lib/gcc/arm-none-eabi/14.2.1/cc1 -quiet <flags> -o build/modern-test/test/battle/ability/purifying_salt.o test/battle/ability/purifying_salt.c
/usr/lib/gcc/arm-none-eabi/14.2.1/cc1 -quiet <flags> -o build/modern-test/test/battle/ability/quark_drive.o test/battle/ability/quark_drive.c
/usr/lib/gcc/arm-none-eabi/14.2.1/cc1 -quiet <flags> -o build/modern-test/test/battle/ability/queenly_majesty.o test/battle/ability/queenly_majesty.c
/usr/lib/gcc/arm-none-eabi/14.2.1/cc1 -quiet <flags> -o build/modern-test/test/battle/ability/quick_draw.o test/battle/ability/quick_draw.c
/usr/lib/gcc/arm-none-eabi/14.2.1/cc1 -quiet <flags> -o build/modern-test/test/battle/ability/rain_dish.o test/battle/ability/rain_dish.c
/usr/lib/gcc/arm-none-eabi/14.2.1/cc1 -quiet <flags> -o build/modern-test/test/battle/ability/rattled.o test/battle/ability/rattled.c
/usr/lib/gcc/arm-none-eabi/14.2.1/cc1 -quiet <flags> -o build/modern-test/test/battle/ability/refrigerate.o test/battle/ability/refrigerate.c
/usr/lib/gcc/arm-none-eabi/14.2.1/cc1 -quiet <flags> -o build/modern-test/test/battle/ability/rivalry.o test/battle/ability/rivalry.c
/usr/lib/gcc/arm-none-eabi/14.2.1/cc1 -quiet <flags> -o build/modern-test/test/battle/ability/rocky_payload.o test/battle/ability/rocky_payload.c
/usr/lib/gcc/arm-none-eabi/14.2.1/cc1 -quiet <flags> -o build/modern-test/test/battle/ability/sand_force.o test/battle/ability/sand_force.c
/usr/lib/gcc/arm-none-eabi/14.2.1/cc1 -quiet <flags> -o build/modern-test/test/battle/ability/sand_veil.o test/battle/ability/sand_veil.c
/usr/lib/gcc/arm-none-eabi/14.2.1/cc1 -quiet <flags> -o build/modern-test/test/battle/ability/sand_rush.o test/battle/ability/sand_rush.c
/usr/lib/gcc/arm-none-eabi/14.2.1/cc1 -quiet <flags> -o build/modern-test/test/battle/ability/sap_sipper.o test/battle/ability/sap_sipper.c
/usr/lib/gcc/arm-none-eabi/14.2.1/cc1 -quiet <flags> -o build/modern-test/test/battle/ability/scrappy.o test/battle/ability/scrappy.c
/usr/lib/gcc/arm-none-eabi/14.2.1/cc1 -quiet <flags> -o build/modern-test/test/battle/ability/schooling.o test/battle/ability/schooling.c
/usr/lib/gcc/arm-none-eabi/14.2.1/cc1 -quiet <flags> -o build/modern-test/test/battle/ability/seed_sower.o test/battle/ability/seed_sower.c
/usr/lib/gcc/arm-none-eabi/14.2.1/cc1 -quiet <flags> -o build/modern-test/test/battle/ability/sharpness.o test/battle/ability/sharpness.c
/usr/lib/gcc/arm-none-eabi/14.2.1/cc1 -quiet <flags> -o build/modern-test/test/battle/ability/shed_skin.o test/battle/ability/shed_skin.c
/usr/lib/gcc/arm-none-eabi/14.2.1/cc1 -quiet <flags> -o build/modern-test/test/battle/ability/sheer_force.o test/battle/ability/sheer_force.c
/usr/lib/gcc/arm-none-eabi/14.2.1/cc1 -quiet <flags> -o build/modern-test/test/battle/ability/shield_dust.o test/battle/ability/shield_dust.c
/usr/lib/gcc/arm-none-eabi/14.2.1/cc1 -quiet <flags> -o build/modern-test/test/battle/ability/shields_down.o test/battle/ability/shields_down.c
/usr/lib/gcc/arm-none-eabi/14.2.1/cc1 -quiet <flags> -o build/modern-test/test/battle/ability/slush_rush.o test/battle/ability/slush_rush.c
/usr/lib/gcc/arm-none-eabi/14.2.1/cc1 -quiet <flags> -o build/modern-test/test/battle/ability/snow_cloak.o test/battle/ability/snow_cloak.c
/usr/lib/gcc/arm-none-eabi/14.2.1/cc1 -quiet <flags> -o build/modern-test/test/battle/ability/snow_warning.o test/battle/ability/snow_warning.c
/usr/lib/gcc/arm-none-eabi/14.2.1/cc1 -quiet <flags> -o build/modern-test/test/battle/ability/solar_power.o test/battle/ability/solar_power.c
/usr/lib/gcc/arm-none-eabi/14.2.1/cc1 -quiet <flags> -o build/modern-test/test/battle/ability/speed_boost.o test/battle/ability/speed_boost.c
/usr/lib/gcc/arm-none-eabi/14.2.1/cc1 -quiet <flags> -o build/modern-test/test/battle/ability/stalwart.o test/battle/ability/stalwart.c
/usr/lib/gcc/arm-none-eabi/14.2.1/cc1 -quiet <flags> -o build/modern-test/test/battle/ability/stamina.o test/battle/ability/stamina.c
/usr/lib/gcc/arm-none-eabi/14.2.1/cc1 -quiet <flags> -o build/modern-test/test/battle/ability/stance_change.o test/battle/ability/stance_change.c
/usr/lib/gcc/arm-none-eabi/14.2.1/cc1 -quiet <flags> -o build/modern-test/test/battle/ability/static.o test/battle/ability/static.c
/usr/lib/gcc/arm-none-eabi/14.2.1/cc1 -quiet <flags> -o build/modern-test/test/battle/ability/steam_engine.o test/battle/ability/steam_engine.c
/usr/lib/gcc/arm-none-eabi/14.2.1/cc1 -quiet <flags> -o build/modern-test/test/battle/ability/steelworker.o test/battle/ability/steelworker.c
/usr/lib/gcc/arm-none-eabi/14.2.1/cc1 -quiet <flags> -o build/modern-test/test/battle/ability/stench.o test/battle/ability/stench.c
/usr/lib/gcc/arm-none-eabi/14.2.1/cc1 -quiet <flags> -o build/modern-test/test/battle/ability/sticky_hold.o test/battle/ability/sticky_hold.c
/usr/lib/gcc/arm-none-eabi/14.2.1/cc1 -quiet <flags> -o build/modern-test/test/battle/ability/storm_drain.o test/battle/ability/storm_drain.c
/usr/lib/gcc/arm-none-eabi/14.2.1/cc1 -quiet <flags> -o build/modern-test/test/battle/ability/sturdy.o test/battle/ability/sturdy.c
/usr/lib/gcc/arm-none-eabi/14.2.1/cc1 -quiet <flags> -o build/modern-test/test/battle/ability/supersweet_syrup.o test/battle/ability/supersweet_syrup.c
/usr/lib/gcc/arm-none-eabi/14.2.1/cc1 -quiet <flags> -o build/modern-test/test/battle/ability/supreme_overlord.o test/battle/ability/supreme_overlord.c
/usr/lib/gcc/arm-none-eabi/14.2.1/cc1 -quiet <flags> -o build/modern-test/test/battle/ability/swarm.o test/battle/ability/swarm.c
/usr/lib/gcc/arm-none-eabi/14.2.1/cc1 -quiet <flags> -o build/modern-test/test/battle/ability/swift_swim.o test/battle/ability/swift_swim.c
/usr/lib/gcc/arm-none-eabi/14.2.1/cc1 -quiet <flags> -o build/modern-test/test/battle/ability/switch_in_abilities.o test/battle/ability/switch_in_abilities.c
/usr/lib/gcc/arm-none-eabi/14.2.1/cc1 -quiet <flags> -o build/modern-test/test/battle/ability/sword_of_ruin.o test/battle/ability/sword_of_ruin.c
/usr/lib/gcc/arm-none-eabi/14.2.1/cc1 -quiet <flags> -o build/modern-test/test/battle/ability/tablets_of_ruin.o test/battle/ability/tablets_of_ruin.c
/usr/lib/gcc/arm-none-eabi/14.2.1/cc1 -quiet <flags> -o build/modern-test/test/battle/ability/tangling_hair.o test/battle/ability/tangling_hair.c
/usr/lib/gcc/arm-none-eabi/14.2.1/cc1 -quiet <flags> -o build/modern-test/test/battle/ability/tera_shell.o test/battle/ability/tera_shell.c
/usr/lib/gcc/arm-none-eabi/14.2.1/cc1 -quiet <flags> -o build/modern-test/test/battle/ability/tera_shift.o test/battle/ability/tera_shift.c
/usr/lib/gcc/arm-none-eabi/14.2.1/cc1 -quiet <flags> -o build/modern-test/test/battle/ability/teraform_zero.o test/battle/ability/teraform_zero.c
/usr/lib/gcc/arm-none-eabi/14.2.1/cc1 -quiet <flags> -o build/modern-test/test/battle/ability/torrent.o test/battle/ability/torrent.c
/usr/lib/gcc/arm-none-eabi/14.2.1/cc1 -quiet <flags> -o build/modern-test/test/battle/ability/toxic_chain.o test/battle/ability/toxic_chain.c
/usr/lib/gcc/arm-none-eabi/14.2.1/cc1 -quiet <flags> -o build/modern-test/test/battle/ability/toxic_debris.o test/battle/ability/toxic_debris.c
/usr/lib/gcc/arm-none-eabi/14.2.1/cc1 -quiet <flags> -o build/modern-test/test/battle/ability/trace.o test/battle/ability/trace.c
/usr/lib/gcc/arm-none-eabi/14.2.1/cc1 -quiet <flags> -o build/modern-test/test/battle/ability/transistor.o test/battle/ability/transistor.c
/usr/lib/gcc/arm-none-eabi/14.2.1/cc1 -quiet <flags> -o build/modern-test/test/battle/ability/unnerve.o test/battle/ability/unnerve.c
/usr/lib/gcc/arm-none-eabi/14.2.1/cc1 -quiet <flags> -o build/modern-test/test/battle/ability/vessel_of_ruin.o test/battle/ability/vessel_of_ruin.c
/usr/lib/gcc/arm-none-eabi/14.2.1/cc1 -quiet <flags> -o build/modern-test/test/battle/ability/volt_absorb.o test/battle/ability/volt_absorb.c
/usr/lib/gcc/arm-none-eabi/14.2.1/cc1 -quiet <flags> -o build/modern-test/test/battle/ability/water_absorb.o test/battle/ability/water_absorb.c
/usr/lib/gcc/arm-none-eabi/14.2.1/cc1 -quiet <flags> -o build/modern-test/test/battle/ability/weak_armor.o test/battle/ability/weak_armor.c
/usr/lib/gcc/arm-none-eabi/14.2.1/cc1 -quiet <flags> -o build/modern-test/test/battle/ability/white_smoke.o test/battle/ability/white_smoke.c
/usr/lib/gcc/arm-none-eabi/14.2.1/cc1 -quiet <flags> -o build/modern-test/test/battle/ability/wind_power.o test/battle/ability/wind_power.c
/usr/lib/gcc/arm-none-eabi/14.2.1/cc1 -quiet <flags> -o build/modern-test/test/battle/ability/wind_rider.o test/battle/ability/wind_rider.c
/usr/lib/gcc/arm-none-eabi/14.2.1/cc1 -quiet <flags> -o build/modern-test/test/battle/ability/zen_mode.o test/battle/ability/zen_mode.c
/usr/lib/gcc/arm-none-eabi/14.2.1/cc1 -quiet <flags> -o build/modern-test/test/battle/ability/zero_to_hero.o test/battle/ability/zero_to_hero.c
/usr/lib/gcc/arm-none-eabi/14.2.1/cc1 -quiet <flags> -o build/modern-test/test/battle/ai/ai.o test/battle/ai/ai.c
/usr/lib/gcc/arm-none-eabi/14.2.1/cc1 -quiet <flags> -o build/modern-test/test/battle/ai/ai_calc_best_move_score.o test/battle/ai/ai_calc_best_move_score.c
/usr/lib/gcc/arm-none-eabi/14.2.1/cc1 -quiet <flags> -o build/modern-test/test/battle/ai/ai_check_viability.o test/battle/ai/ai_check_viability.c
/usr/lib/gcc/arm-none-eabi/14.2.1/cc1 -quiet <flags> -o build/modern-test/test/battle/ai/ai_choice.o test/battle/ai/ai_choice.c
/usr/lib/gcc/arm-none-eabi/14.2.1/cc1 -quiet <flags> -o build/modern-test/test/battle/ai/ai_double_ace.o test/battle/ai/ai_double_ace.c
/usr/lib/gcc/arm-none-eabi/14.2.1/cc1 -quiet <flags> -o build/modern-test/test/battle/ai/ai_flag_risky.o test/battle/ai/ai_flag_risky.c
/usr/lib/gcc/arm-none-eabi/14.2.1/cc1 -quiet <flags> -o build/modern-test/test/battle/ai/ai_flag_sequence_switching.o test/battle/ai/ai_flag_sequence_switching.c
/usr/lib/gcc/arm-none-eabi/14.2.1/cc1 -quiet <flags> -o build/modern-test/test/battle/ai/ai_powerful_status.o test/battle/ai/ai_powerful_status.c
/usr/lib/gcc/arm-none-eabi/14.2.1/cc1 -quiet <flags> -o build/modern-test/test/battle/ai/ai_switching.o test/battle/ai/ai_switching.c
/usr/lib/gcc/arm-none-eabi/14.2.1/cc1 -quiet <flags> -o build/modern-test/test/battle/ai/ai_trytofaint.o test/battle/ai/ai_trytofaint.c
/usr/lib/gcc/arm-none-eabi/14.2.1/cc1 -quiet <flags> -o build/modern-test/test/battle/form_change/battle_switch.o test/battle/form_change/battle_switch.c
/usr/lib/gcc/arm-none-eabi/14.2.1/cc1 -quiet <flags> -o build/modern-test/test/battle/form_change/begin_battle.o test/battle/form_change/begin_battle.c
/usr/lib/gcc/arm-none-eabi/14.2.1/cc1 -quiet <flags> -o build/modern-test/test/battle/form_change/faint.o test/battle/form_change/faint.c
/usr/lib/gcc/arm-none-eabi/14.2.1/cc1 -quiet <flags> -o build/modern-test/test/battle/form_change/mega_evolution.o test/battle/form_change/mega_evolution.c
/usr/lib/gcc/arm-none-eabi/14.2.1/cc1 -quiet <flags> -o build/modern-test/test/battle/form_change/primal_reversion.o test/battle/form_change/primal_reversion.c
/usr/lib/gcc/arm-none-eabi/14.2.1/cc1 -quiet <flags> -o build/modern-test/test/battle/form_change/status.o test/battle/form_change/status.c
/usr/lib/gcc/arm-none-eabi/14.2.1/cc1 -quiet <flags> -o build/modern-test/test/battle/form_change/ultra_burst.o test/battle/form_change/ultra_burst.c
/usr/lib/gcc/arm-none-eabi/14.2.1/cc1 -quiet <flags> -o build/modern-test/test/battle/gimmick/dynamax.o test/battle/gimmick/dynamax.c
/usr/lib/gcc/arm-none-eabi/14.2.1/cc1 -quiet <flags> -o build/modern-test/test/battle/gimmick/terastal.o test/battle/gimmick/terastal.c
/usr/lib/gcc/arm-none-eabi/14.2.1/cc1 -quiet <flags> -o build/modern-test/test/battle/gimmick/zmove.o test/battle/gimmick/zmove.c
/usr/lib/gcc/arm-none-eabi/14.2.1/cc1 -quiet <flags> -o build/modern-test/test/battle/hold_effect/ability_shield.o test/battle/hold_effect/ability_shield.c
/usr/lib/gcc/arm-none-eabi/14.2.1/cc1 -quiet <flags> -o build/modern-test/test/battle/hold_effect/air_balloon.o test/battle/hold_effect/air_balloon.c
/usr/lib/gcc/arm-none-eabi/14.2.1/cc1 -quiet <flags> -o build/modern-test/test/battle/hold_effect/attack_up.o test/battle/hold_effect/attack_up.c
/usr/lib/gcc/arm-none-eabi/14.2.1/cc1 -quiet <flags> -o build/modern-test/test/battle/hold_effect/berserk_gene.o test/battle/hold_effect/berserk_gene.c
/usr/lib/gcc/arm-none-eabi/14.2.1/cc1 -quiet <flags> -o build/modern-test/test/battle/hold_effect/blunder_policy.o test/battle/hold_effect/blunder_policy.c
/usr/lib/gcc/arm-none-eabi/14.2.1/cc1 -quiet <flags> -o build/modern-test/test/battle/hold_effect/booster_energy.o test/battle/hold_effect/booster_energy.c
/usr/lib/gcc/arm-none-eabi/14.2.1/cc1 -quiet <flags> -o build/modern-test/test/battle/hold_effect/clear_amulet.o test/battle/hold_effect/clear_amulet.c
/usr/lib/gcc/arm-none-eabi/14.2.1/cc1 -quiet <flags> -o build/modern-test/test/battle/hold_effect/covert_cloak.o test/battle/hold_effect/covert_cloak.c
/usr/lib/gcc/arm-none-eabi/14.2.1/cc1 -quiet <flags> -o build/modern-test/test/battle/hold_effect/critical_hit_up.o test/battle/hold_effect/critical_hit_up.c
/usr/lib/gcc/arm-none-eabi/14.2.1/cc1 -quiet <flags> -o build/modern-test/test/battle/hold_effect/cure_status.o test/battle/hold_effect/cure_status.c
/usr/lib/gcc/arm-none-eabi/14.2.1/cc1 -quiet <flags> -o build/modern-test/test/battle/hold_effect/custap_berry.o test/battle/hold_effect/custap_berry.c
/usr/lib/gcc/arm-none-eabi/14.2.1/cc1 -quiet <flags> -o build/modern-test/test/battle/hold_effect/defense_up.o test/battle/hold_effect/defense_up.c
/usr/lib/gcc/arm-none-eabi/14.2.1/cc1 -quiet <flags> -o build/modern-test/test/battle/hold_effect/eject_button.o test/battle/hold_effect/eject_button.c
/usr/lib/gcc/arm-none-eabi/14.2.1/cc1 -quiet <flags> -o build/modern-test/test/battle/hold_effect/eject_pack.o test/battle/hold_effect/eject_pack.c
/usr/lib/gcc/arm-none-eabi/14.2.1/cc1 -quiet <flags> -o build/modern-test/test/battle/hold_effect/enigma_berry.o test/battle/hold_effect/enigma_berry.c
/usr/lib/gcc/arm-none-eabi/14.2.1/cc1 -quiet <flags> -o build/modern-test/test/battle/hold_effect/gems.o test/battle/hold_effect/gems.c
/usr/lib/gcc/arm-none-eabi/14.2.1/cc1 -quiet <flags> -o build/modern-test/test/battle/hold_effect/jaboca_berry.o test/battle/hold_effect/jaboca_berry.c
/usr/lib/gcc/arm-none-eabi/14.2.1/cc1 -quiet <flags> -o build/modern-test/test/battle/hold_effect/kee_berry.o test/battle/hold_effect/kee_berry.c
/usr/lib/gcc/arm-none-eabi/14.2.1/cc1 -quiet <flags> -o build/modern-test/test/battle/hold_effect/leftovers.o test/battle/hold_effect/leftovers.c
/usr/lib/gcc/arm-none-eabi/14.2.1/cc1 -quiet <flags> -o build/modern-test/test/battle/hold_effect/maranga_berry.o test/battle/hold_effect/maranga_berry.c
/usr/lib/gcc/arm-none-eabi/14.2.1/cc1 -quiet <flags> -o build/modern-test/test/battle/hold_effect/metronome.o test/battle/hold_effect/metronome.c
/usr/lib/gcc/arm-none-eabi/14.2.1/cc1 -quiet <flags> -o build/modern-test/test/battle/hold_effect/micle_berry.o test/battle/hold_effect/micle_berry.c
/usr/lib/gcc/arm-none-eabi/14.2.1/cc1 -quiet <flags> -o build/modern-test/test/battle/hold_effect/mirror_herb.o test/battle/hold_effect/mirror_herb.c
/usr/lib/gcc/arm-none-eabi/14.2.1/cc1 -quiet <flags> -o build/modern-test/test/battle/hold_effect/ogerpon_mask.o test/battle/hold_effect/ogerpon_mask.c
/usr/lib/gcc/arm-none-eabi/14.2.1/cc1 -quiet <flags> -o build/modern-test/test/battle/hold_effect/protective_pads.o test/battle/hold_effect/protective_pads.c
/usr/lib/gcc/arm-none-eabi/14.2.1/cc1 -quiet <flags> -o build/modern-test/test/battle/hold_effect/quick_claw.o test/battle/hold_effect/quick_claw.c
/usr/lib/gcc/arm-none-eabi/14.2.1/cc1 -quiet <flags> -o build/modern-test/test/battle/hold_effect/random_stat_up.o test/battle/hold_effect/random_stat_up.c
/usr/lib/gcc/arm-none-eabi/14.2.1/cc1 -quiet <flags> -o build/modern-test/test/battle/hold_effect/red_card.o test/battle/hold_effect/red_card.c
/usr/lib/gcc/arm-none-eabi/14.2.1/cc1 -quiet <flags> -o build/modern-test/test/battle/hold_effect/restore_hp.o test/battle/hold_effect/restore_hp.c
/usr/lib/gcc/arm-none-eabi/14.2.1/cc1 -quiet <flags> -o build/modern-test/test/battle/hold_effect/restore_stats.o test/battle/hold_effect/restore_stats.c
/usr/lib/gcc/arm-none-eabi/14.2.1/cc1 -quiet <flags> -o build/modern-test/test/battle/hold_effect/room_service.o test/battle/hold_effect/room_service.c
/usr/lib/gcc/arm-none-eabi/14.2.1/cc1 -quiet <flags> -o build/modern-test/test/battle/hold_effect/rowap_berry.o test/battle/hold_effect/rowap_berry.c
/usr/lib/gcc/arm-none-eabi/14.2.1/cc1 -quiet <flags> -o build/modern-test/test/battle/hold_effect/safety_goggles.o test/battle/hold_effect/safety_goggles.c
/usr/lib/gcc/arm-none-eabi/14.2.1/cc1 -quiet <flags> -o build/modern-test/test/battle/hold_effect/special_attack_up.o test/battle/hold_effect/special_attack_up.c
/usr/lib/gcc/arm-none-eabi/14.2.1/cc1 -quiet <flags> -o build/modern-test/test/battle/hold_effect/special_defense_up.o test/battle/hold_effect/special_defense_up.c
/usr/lib/gcc/arm-none-eabi/14.2.1/cc1 -quiet <flags> -o build/modern-test/test/battle/hold_effect/speed_up.o test/battle/hold_effect/speed_up.c
/usr/lib/gcc/arm-none-eabi/14.2.1/cc1 -quiet <flags> -o build/modern-test/test/battle/hold_effect/utility_umbrella.o test/battle/hold_effect/utility_umbrella.c
/usr/lib/gcc/arm-none-eabi/14.2.1/cc1 -quiet <flags> -o build/modern-test/test/battle/item_effect/cure_status.o test/battle/item_effect/cure_status.c
/usr/lib/gcc/arm-none-eabi/14.2.1/cc1 -quiet <flags> -o build/modern-test/test/battle/item_effect/escape.o test/battle/item_effect/escape.c
/usr/lib/gcc/arm-none-eabi/14.2.1/cc1 -quiet <flags> -o build/modern-test/test/battle/item_effect/heal_and_cure_status.o test/battle/item_effect/heal_and_cure_status.c
/usr/lib/gcc/arm-none-eabi/14.2.1/cc1 -quiet <flags> -o build/modern-test/test/battle/item_effect/increase_stat.o test/battle/item_effect/increase_stat.c
/usr/lib/gcc/arm-none-eabi/14.2.1/cc1 -quiet <flags> -o build/modern-test/test/battle/item_effect/restore_hp.o test/battle/item_effect/restore_hp.c
/usr/lib/gcc/arm-none-eabi/14.2.1/cc1 -quiet <flags> -o build/modern-test/test/battle/item_effect/restore_pp.o test/battle/item_effect/restore_pp.c
/usr/lib/gcc/arm-none-eabi/14.2.1/cc1 -quiet <flags> -o build/modern-test/test/battle/item_effect/revive.o test/battle/item_effect/revive.c
/usr/lib/gcc/arm-none-eabi/14.2.1/cc1 -quiet <flags> -o build/modern-test/test/battle/item_effect/set_mist.o test/battle/item_effect/set_mist.c
/usr/lib/gcc/arm-none-eabi/14.2.1/cc1 -quiet <flags> -o build/modern-test/test/battle/item_effect/throw_ball.o test/battle/item_effect/throw_ball.c
/usr/lib/gcc/arm-none-eabi/14.2.1/cc1 -quiet <flags> -o build/modern-test/test/battle/move_animations/smack_down.o test/battle/move_animations/smack_down.c
/usr/lib/gcc/arm-none-eabi/14.2.1/cc1 -quiet <flags> -o build/modern-test/test/battle/move_effect/absorb.o test/battle/move_effect/absorb.c
/usr/lib/gcc/arm-none-eabi/14.2.1/cc1 -quiet <flags> -o build/modern-test/test/battle/move_effect/accuracy_down.o test/battle/move_effect/accuracy_down.c
/usr/lib/gcc/arm-none-eabi/14.2.1/cc1 -quiet <flags> -o build/modern-test/test/battle/move_effect/accuracy_down_2.o test/battle/move_effect/accuracy_down_2.c
/usr/lib/gcc/arm-none-eabi/14.2.1/cc1 -quiet <flags> -o build/modern-test/test/battle/move_effect/accuracy_up.o test/battle/move_effect/accuracy_up.c
/usr/lib/gcc/arm-none-eabi/14.2.1/cc1 -quiet <flags> -o build/modern-test/test/battle/move_effect/accuracy_up_2.o test/battle/move_effect/accuracy_up_2.c
/usr/lib/gcc/arm-none-eabi/14.2.1/cc1 -quiet <flags> -o build/modern-test/test/battle/move_effect/acrobatics.o test/battle/move_effect/acrobatics.c
/usr/lib/gcc/arm-none-eabi/14.2.1/cc1 -quiet <flags> -o build/modern-test/test/battle/move_effect/acupressure.o test/battle/move_effect/acupressure.c
/usr/lib/gcc/arm-none-eabi/14.2.1/cc1 -quiet <flags> -o build/modern-test/test/battle/move_effect/after_you.o test/battle/move_effect/after_you.c
/usr/lib/gcc/arm-none-eabi/14.2.1/cc1 -quiet <flags> -o build/modern-test/test/battle/move_effect/ally_switch.o test/battle/move_effect/ally_switch.c
/usr/lib/gcc/arm-none-eabi/14.2.1/cc1 -quiet <flags> -o build/modern-test/test/battle/move_effect/aqua_ring.o test/battle/move_effect/aqua_ring.c
/usr/lib/gcc/arm-none-eabi/14.2.1/cc1 -quiet <flags> -o build/modern-test/test/battle/move_effect/aromatic_mist.o test/battle/move_effect/aromatic_mist.c
/usr/lib/gcc/arm-none-eabi/14.2.1/cc1 -quiet <flags> -o build/modern-test/test/battle/move_effect/assist.o test/battle/move_effect/assist.c
/usr/lib/gcc/arm-none-eabi/14.2.1/cc1 -quiet <flags> -o build/modern-test/test/battle/move_effect/assurance.o test/battle/move_effect/assurance.c
/usr/lib/gcc/arm-none-eabi/14.2.1/cc1 -quiet <flags> -o build/modern-test/test/battle/move_effect/attack_accuracy_up.o test/battle/move_effect/attack_accuracy_up.c
/usr/lib/gcc/arm-none-eabi/14.2.1/cc1 -quiet <flags> -o build/modern-test/test/battle/move_effect/attack_down.o test/battle/move_effect/attack_down.c
/usr/lib/gcc/arm-none-eabi/14.2.1/cc1 -quiet <flags> -o build/modern-test/test/battle/move_effect/attack_down_2.o test/battle/move_effect/attack_down_2.c
/usr/lib/gcc/arm-none-eabi/14.2.1/cc1 -quiet <flags> -o build/modern-test/test/battle/move_effect/attack_spatk_up.o test/battle/move_effect/attack_spatk_up.c
/usr/lib/gcc/arm-none-eabi/14.2.1/cc1 -quiet <flags> -o build/modern-test/test/battle/move_effect/attack_up.o test/battle/move_effect/attack_up.c
/usr/lib/gcc/arm-none-eabi/14.2.1/cc1 -quiet <flags> -o build/modern-test/test/battle/move_effect/attack_up_2.o test/battle/move_effect/attack_up_2.c
/usr/lib/gcc/arm-none-eabi/14.2.1/cc1 -quiet <flags> -o build/modern-test/test/battle/move_effect/attack_up_user_ally.o test/battle/move_effect/attack_up_user_ally.c
/usr/lib/gcc/arm-none-eabi/14.2.1/cc1 -quiet <flags> -o build/modern-test/test/battle/move_effect/attract.o test/battle/move_effect/attract.c
/usr/lib/gcc/arm-none-eabi/14.2.1/cc1 -quiet <flags> -o build/modern-test/test/battle/move_effect/aura_wheel.o test/battle/move_effect/aura_wheel.c
/usr/lib/gcc/arm-none-eabi/14.2.1/cc1 -quiet <flags> -o build/modern-test/test/battle/move_effect/aurora_veil.o test/battle/move_effect/aurora_veil.c
/usr/lib/gcc/arm-none-eabi/14.2.1/cc1 -quiet <flags> -o build/modern-test/test/battle/move_effect/autotomize.o test/battle/move_effect/autotomize.c
/usr/lib/gcc/arm-none-eabi/14.2.1/cc1 -quiet <flags> -o build/modern-test/test/battle/move_effect/baddy_bad.o test/battle/move_effect/baddy_bad.c
/usr/lib/gcc/arm-none-eabi/14.2.1/cc1 -quiet <flags> -o build/modern-test/test/battle/move_effect/baton_pass.o test/battle/move_effect/baton_pass.c
/usr/lib/gcc/arm-none-eabi/14.2.1/cc1 -quiet <flags> -o build/modern-test/test/battle/move_effect/beak_blast.o test/battle/move_effect/beak_blast.c
/usr/lib/gcc/arm-none-eabi/14.2.1/cc1 -quiet <flags> -o build/modern-test/test/battle/move_effect/beat_up.o test/battle/move_effect/beat_up.c
/usr/lib/gcc/arm-none-eabi/14.2.1/cc1 -quiet <flags> -o build/modern-test/test/battle/move_effect/belch.o test/battle/move_effect/belch.c
/usr/lib/gcc/arm-none-eabi/14.2.1/cc1 -quiet <flags> -o build/modern-test/test/battle/move_effect/belly_drum.o test/battle/move_effect/belly_drum.c
/usr/lib/gcc/arm-none-eabi/14.2.1/cc1 -quiet <flags> -o build/modern-test/test/battle/move_effect/bestow.o test/battle/move_effect/bestow.c
/usr/lib/gcc/arm-none-eabi/14.2.1/cc1 -quiet <flags> -o build/modern-test/test/battle/move_effect/bide.o test/battle/move_effect/bide.c
/usr/lib/gcc/arm-none-eabi/14.2.1/cc1 -quiet <flags> -o build/modern-test/test/battle/move_effect/blizzard.o test/battle/move_effect/blizzard.c
/usr/lib/gcc/arm-none-eabi/14.2.1/cc1 -quiet <flags> -o build/modern-test/test/battle/move_effect/body_press.o test/battle/move_effect/body_press.c
/usr/lib/gcc/arm-none-eabi/14.2.1/cc1 -quiet <flags> -o build/modern-test/test/battle/move_effect/bolt_beak.o test/battle/move_effect/bolt_beak.c
/usr/lib/gcc/arm-none-eabi/14.2.1/cc1 -quiet <flags> -o build/modern-test/test/battle/move_effect/brick_break.o test/battle/move_effect/brick_break.c
/usr/lib/gcc/arm-none-eabi/14.2.1/cc1 -quiet <flags> -o build/modern-test/test/battle/move_effect/brine.o test/battle/move_effect/brine.c
/usr/lib/gcc/arm-none-eabi/14.2.1/cc1 -quiet <flags> -o build/modern-test/test/battle/move_effect/bulk_up.o test/battle/move_effect/bulk_up.c
/usr/lib/gcc/arm-none-eabi/14.2.1/cc1 -quiet <flags> -o build/modern-test/test/battle/move_effect/calm_mind.o test/battle/move_effect/calm_mind.c
/usr/lib/gcc/arm-none-eabi/14.2.1/cc1 -quiet <flags> -o build/modern-test/test/battle/move_effect/camouflage.o test/battle/move_effect/camouflage.c
/usr/lib/gcc/arm-none-eabi/14.2.1/cc1 -quiet <flags> -o build/modern-test/test/battle/move_effect/captivate.o test/battle/move_effect/captivate.c
/usr/lib/gcc/arm-none-eabi/14.2.1/cc1 -quiet <flags> -o build/modern-test/test/battle/move_effect/change_type_on_item.o test/battle/move_effect/change_type_on_item.c
/usr/lib/gcc/arm-none-eabi/14.2.1/cc1 -quiet <flags> -o build/modern-test/test/battle/move_effect/charge.o test/battle/move_effect/charge.c
/usr/lib/gcc/arm-none-eabi/14.2.1/cc1 -quiet <flags> -o build/modern-test/test/battle/move_effect/chilly_reception.o test/battle/move_effect/chilly_reception.c
/usr/lib/gcc/arm-none-eabi/14.2.1/cc1 -quiet <flags> -o build/modern-test/test/battle/move_effect/clangorous_soul.o test/battle/move_effect/clangorous_soul.c
/usr/lib/gcc/arm-none-eabi/14.2.1/cc1 -quiet <flags> -o build/modern-test/test/battle/move_effect/coaching.o test/battle/move_effect/coaching.c
/usr/lib/gcc/arm-none-eabi/14.2.1/cc1 -quiet <flags> -o build/modern-test/test/battle/move_effect/coil.o test/battle/move_effect/coil.c
/usr/lib/gcc/arm-none-eabi/14.2.1/cc1 -quiet <flags> -o build/modern-test/test/battle/move_effect/collision_course.o test/battle/move_effect/collision_course.c
/usr/lib/gcc/arm-none-eabi/14.2.1/cc1 -quiet <flags> -o build/modern-test/test/battle/move_effect/confuse.o test/battle/move_effect/confuse.c
/usr/lib/gcc/arm-none-eabi/14.2.1/cc1 -quiet <flags> -o build/modern-test/test/battle/move_effect/conversion.o test/battle/move_effect/conversion.c
/usr/lib/gcc/arm-none-eabi/14.2.1/cc1 -quiet <flags> -o build/modern-test/test/battle/move_effect/conversion_2.o test/battle/move_effect/conversion_2.c
/usr/lib/gcc/arm-none-eabi/14.2.1/cc1 -quiet <flags> -o build/modern-test/test/battle/move_effect/copycat.o test/battle/move_effect/copycat.c
/usr/lib/gcc/arm-none-eabi/14.2.1/cc1 -quiet <flags> -o build/modern-test/test/battle/move_effect/corrosive_gas.o test/battle/move_effect/corrosive_gas.c
/usr/lib/gcc/arm-none-eabi/14.2.1/cc1 -quiet <flags> -o build/modern-test/test/battle/move_effect/cosmic_power.o test/battle/move_effect/cosmic_power.c
/usr/lib/gcc/arm-none-eabi/14.2.1/cc1 -quiet <flags> -o build/modern-test/test/battle/move_effect/counter.o test/battle/move_effect/counter.c
/usr/lib/gcc/arm-none-eabi/14.2.1/cc1 -quiet <flags> -o build/modern-test/test/battle/move_effect/court_change.o test/battle/move_effect/court_change.c
/usr/lib/gcc/arm-none-eabi/14.2.1/cc1 -quiet <flags> -o build/modern-test/test/battle/move_effect/curse.o test/battle/move_effect/curse.c
/usr/lib/gcc/arm-none-eabi/14.2.1/cc1 -quiet <flags> -o build/modern-test/test/battle/move_effect/defense_down.o test/battle/move_effect/defense_down.c
/usr/lib/gcc/arm-none-eabi/14.2.1/cc1 -quiet <flags> -o build/modern-test/test/battle/move_effect/defense_up.o test/battle/move_effect/defense_up.c
/usr/lib/gcc/arm-none-eabi/14.2.1/cc1 -quiet <flags> -o build/modern-test/test/battle/move_effect/defog.o test/battle/move_effect/defog.c
/usr/lib/gcc/arm-none-eabi/14.2.1/cc1 -quiet <flags> -o build/modern-test/test/battle/move_effect/destiny_bond.o test/battle/move_effect/destiny_bond.c
/usr/lib/gcc/arm-none-eabi/14.2.1/cc1 -quiet <flags> -o build/modern-test/test/battle/move_effect/doodle.o test/battle/move_effect/doodle.c
/usr/lib/gcc/arm-none-eabi/14.2.1/cc1 -quiet <flags> -o build/modern-test/test/battle/move_effect/dragon_darts.o test/battle/move_effect/dragon_darts.c
/usr/lib/gcc/arm-none-eabi/14.2.1/cc1 -quiet <flags> -o build/modern-test/test/battle/move_effect/dream_eater.o test/battle/move_effect/dream_eater.c
/usr/lib/gcc/arm-none-eabi/14.2.1/cc1 -quiet <flags> -o build/modern-test/test/battle/move_effect/earthquake.o test/battle/move_effect/earthquake.c
/usr/lib/gcc/arm-none-eabi/14.2.1/cc1 -quiet <flags> -o build/modern-test/test/battle/move_effect/embargo.o test/battle/move_effect/embargo.c
/usr/lib/gcc/arm-none-eabi/14.2.1/cc1 -quiet <flags> -o build/modern-test/test/battle/move_effect/encore.o test/battle/move_effect/encore.c
/usr/lib/gcc/arm-none-eabi/14.2.1/cc1 -quiet <flags> -o build/modern-test/test/battle/move_effect/evasion_up.o test/battle/move_effect/evasion_up.c
/usr/lib/gcc/arm-none-eabi/14.2.1/cc1 -quiet <flags> -o build/modern-test/test/battle/move_effect/explosion.o test/battle/move_effect/explosion.c
/usr/lib/gcc/arm-none-eabi/14.2.1/cc1 -quiet <flags> -o build/modern-test/test/battle/move_effect/fail_if_not_arg_type.o test/battle/move_effect/fail_if_not_arg_type.c
/usr/lib/gcc/arm-none-eabi/14.2.1/cc1 -quiet <flags> -o build/modern-test/test/battle/move_effect/fickle_beam.o test/battle/move_effect/fickle_beam.c
/usr/lib/gcc/arm-none-eabi/14.2.1/cc1 -quiet <flags> -o build/modern-test/test/battle/move_effect/fillet_away.o test/battle/move_effect/fillet_away.c
/usr/lib/gcc/arm-none-eabi/14.2.1/cc1 -quiet <flags> -o build/modern-test/test/battle/move_effect/fixed_damage_arg.o test/battle/move_effect/fixed_damage_arg.c
/usr/lib/gcc/arm-none-eabi/14.2.1/cc1 -quiet <flags> -o build/modern-test/test/battle/move_effect/flame_burst.o test/battle/move_effect/flame_burst.c
/usr/lib/gcc/arm-none-eabi/14.2.1/cc1 -quiet <flags> -o build/modern-test/test/battle/move_effect/fling.o test/battle/move_effect/fling.c
/usr/lib/gcc/arm-none-eabi/14.2.1/cc1 -quiet <flags> -o build/modern-test/test/battle/move_effect/flower_shield.o test/battle/move_effect/flower_shield.c
/usr/lib/gcc/arm-none-eabi/14.2.1/cc1 -quiet <flags> -o build/modern-test/test/battle/move_effect/focus_punch.o test/battle/move_effect/focus_punch.c
/usr/lib/gcc/arm-none-eabi/14.2.1/cc1 -quiet <flags> -o build/modern-test/test/battle/move_effect/foul_play.o test/battle/move_effect/foul_play.c
/usr/lib/gcc/arm-none-eabi/14.2.1/cc1 -quiet <flags> -o build/modern-test/test/battle/move_effect/fury_cutter.o test/battle/move_effect/fury_cutter.c
/usr/lib/gcc/arm-none-eabi/14.2.1/cc1 -quiet <flags> -o build/modern-test/test/battle/move_effect/future_sight.o test/battle/move_effect/future_sight.c
/usr/lib/gcc/arm-none-eabi/14.2.1/cc1 -quiet <flags> -o build/modern-test/test/battle/move_effect/gastro_acid.o test/battle/move_effect/gastro_acid.c
/usr/lib/gcc/arm-none-eabi/14.2.1/cc1 -quiet <flags> -o build/modern-test/test/battle/move_effect/glaive_rush.o test/battle/move_effect/glaive_rush.c
/usr/lib/gcc/arm-none-eabi/14.2.1/cc1 -quiet <flags> -o build/modern-test/test/battle/move_effect/gravity.o test/battle/move_effect/gravity.c
/usr/lib/gcc/arm-none-eabi/14.2.1/cc1 -quiet <flags> -o build/modern-test/test/battle/move_effect/guard_split.o test/battle/move_effect/guard_split.c
/usr/lib/gcc/arm-none-eabi/14.2.1/cc1 -quiet <flags> -o build/modern-test/test/battle/move_effect/haze.o test/battle/move_effect/haze.c
/usr/lib/gcc/arm-none-eabi/14.2.1/cc1 -quiet <flags> -o build/modern-test/test/battle/move_effect/heal_bell.o test/battle/move_effect/heal_bell.c
/usr/lib/gcc/arm-none-eabi/14.2.1/cc1 -quiet <flags> -o build/modern-test/test/battle/move_effect/heal_pulse.o test/battle/move_effect/heal_pulse.c
/usr/lib/gcc/arm-none-eabi/14.2.1/cc1 -quiet <flags> -o build/modern-test/test/battle/move_effect/healing_wish.o test/battle/move_effect/healing_wish.c
/usr/lib/gcc/arm-none-eabi/14.2.1/cc1 -quiet <flags> -o build/modern-test/test/battle/move_effect/hidden_power.o test/battle/move_effect/hidden_power.c
/usr/lib/gcc/arm-none-eabi/14.2.1/cc1 -quiet <flags> -o build/modern-test/test/battle/move_effect/hit_escape.o test/battle/move_effect/hit_escape.c
/usr/lib/gcc/arm-none-eabi/14.2.1/cc1 -quiet <flags> -o build/modern-test/test/battle/move_effect/hit_set_remove_terrain.o test/battle/move_effect/hit_set_remove_terrain.c
/usr/lib/gcc/arm-none-eabi/14.2.1/cc1 -quiet <flags> -o build/modern-test/test/battle/move_effect/hit_switch_target.o test/battle/move_effect/hit_switch_target.c
/usr/lib/gcc/arm-none-eabi/14.2.1/cc1 -quiet <flags> -o build/modern-test/test/battle/move_effect/hydro_steam.o test/battle/move_effect/hydro_steam.c
/usr/lib/gcc/arm-none-eabi/14.2.1/cc1 -quiet <flags> -o build/modern-test/test/battle/move_effect/instruct.o test/battle/move_effect/instruct.c
/usr/lib/gcc/arm-none-eabi/14.2.1/cc1 -quiet <flags> -o build/modern-test/test/battle/move_effect/ion_deluge.o test/battle/move_effect/ion_deluge.c
/usr/lib/gcc/arm-none-eabi/14.2.1/cc1 -quiet <flags> -o build/modern-test/test/battle/move_effect/ivy_cudgel.o test/battle/move_effect/ivy_cudgel.c
/usr/lib/gcc/arm-none-eabi/14.2.1/cc1 -quiet <flags> -o build/modern-test/test/battle/move_effect/knock_off.o test/battle/move_effect/knock_off.c
/usr/lib/gcc/arm-none-eabi/14.2.1/cc1 -quiet <flags> -o build/modern-test/test/battle/move_effect/last_resort.o test/battle/move_effect/last_resort.c
/usr/lib/gcc/arm-none-eabi/14.2.1/cc1 -quiet <flags> -o build/modern-test/test/battle/move_effect/last_respects.o test/battle/move_effect/last_respects.c
/usr/lib/gcc/arm-none-eabi/14.2.1/cc1 -quiet <flags> -o build/modern-test/test/battle/move_effect/magic_coat.o test/battle/move_effect/magic_coat.c
/usr/lib/gcc/arm-none-eabi/14.2.1/cc1 -quiet <flags> -o build/modern-test/test/battle/move_effect/leech_seed.o test/battle/move_effect/leech_seed.c
/usr/lib/gcc/arm-none-eabi/14.2.1/cc1 -quiet <flags> -o build/modern-test/test/battle/move_effect/max_hp_50_recoil.o test/battle/move_effect/max_hp_50_recoil.c
/usr/lib/gcc/arm-none-eabi/14.2.1/cc1 -quiet <flags> -o build/modern-test/test/battle/move_effect/metronome.o test/battle/move_effect/metronome.c
/usr/lib/gcc/arm-none-eabi/14.2.1/cc1 -quiet <flags> -o build/modern-test/test/battle/move_effect/mind_blown.o test/battle/move_effect/mind_blown.c
/usr/lib/gcc/arm-none-eabi/14.2.1/cc1 -quiet <flags> -o build/modern-test/test/battle/move_effect/mirror_move.o test/battle/move_effect/mirror_move.c
/usr/lib/gcc/arm-none-eabi/14.2.1/cc1 -quiet <flags> -o build/modern-test/test/battle/move_effect/moonlight.o test/battle/move_effect/moonlight.c
/usr/lib/gcc/arm-none-eabi/14.2.1/cc1 -quiet <flags> -o build/modern-test/test/battle/move_effect/morning_sun.o test/battle/move_effect/morning_sun.c
/usr/lib/gcc/arm-none-eabi/14.2.1/cc1 -quiet <flags> -o build/modern-test/test/battle/move_effect/multi_hit.o test/battle/move_effect/multi_hit.c
/usr/lib/gcc/arm-none-eabi/14.2.1/cc1 -quiet <flags> -o build/modern-test/test/battle/move_effect/octolock.o test/battle/move_effect/octolock.c
/usr/lib/gcc/arm-none-eabi/14.2.1/cc1 -quiet <flags> -o build/modern-test/test/battle/move_effect/ohko.o test/battle/move_effect/ohko.c
/usr/lib/gcc/arm-none-eabi/14.2.1/cc1 -quiet <flags> -o build/modern-test/test/battle/move_effect/photon_geyser.o test/battle/move_effect/photon_geyser.c
/usr/lib/gcc/arm-none-eabi/14.2.1/cc1 -quiet <flags> -o build/modern-test/test/battle/move_effect/pledge.o test/battle/move_effect/pledge.c
/usr/lib/gcc/arm-none-eabi/14.2.1/cc1 -quiet <flags> -o build/modern-test/test/battle/move_effect/population_bomb.o test/battle/move_effect/population_bomb.c
/usr/lib/gcc/arm-none-eabi/14.2.1/cc1 -quiet <flags> -o build/modern-test/test/battle/move_effect/powder.o test/battle/move_effect/powder.c
/usr/lib/gcc/arm-none-eabi/14.2.1/cc1 -quiet <flags> -o build/modern-test/test/battle/move_effect/power_based_on_target_hp.o test/battle/move_effect/power_based_on_target_hp.c
/usr/lib/gcc/arm-none-eabi/14.2.1/cc1 -quiet <flags> -o build/modern-test/test/battle/move_effect/power_based_on_user_hp.o test/battle/move_effect/power_based_on_user_hp.c
/usr/lib/gcc/arm-none-eabi/14.2.1/cc1 -quiet <flags> -o build/modern-test/test/battle/move_effect/power_split.o test/battle/move_effect/power_split.c
/usr/lib/gcc/arm-none-eabi/14.2.1/cc1 -quiet <flags> -o build/modern-test/test/battle/move_effect/protect.o test/battle/move_effect/protect.c
/usr/lib/gcc/arm-none-eabi/14.2.1/cc1 -quiet <flags> -o build/modern-test/test/battle/move_effect/pursuit.o test/battle/move_effect/pursuit.c
/usr/lib/gcc/arm-none-eabi/14.2.1/cc1 -quiet <flags> -o build/modern-test/test/battle/move_effect/quash.o test/battle/move_effect/quash.c
/usr/lib/gcc/arm-none-eabi/14.2.1/cc1 -quiet <flags> -o build/modern-test/test/battle/move_effect/rage_fist.o test/battle/move_effect/rage_fist.c
/usr/lib/gcc/arm-none-eabi/14.2.1/cc1 -quiet <flags> -o build/modern-test/test/battle/move_effect/raging_bull.o test/battle/move_effect/raging_bull.c
/usr/lib/gcc/arm-none-eabi/14.2.1/cc1 -quiet <flags> -o build/modern-test/test/battle/move_effect/recoil_if_miss.o test/battle/move_effect/recoil_if_miss.c
/usr/lib/gcc/arm-none-eabi/14.2.1/cc1 -quiet <flags> -o build/modern-test/test/battle/move_effect/reflect.o test/battle/move_effect/reflect.c
/usr/lib/gcc/arm-none-eabi/14.2.1/cc1 -quiet <flags> -o build/modern-test/test/battle/move_effect/reflect_type.o test/battle/move_effect/reflect_type.c
/usr/lib/gcc/arm-none-eabi/14.2.1/cc1 -quiet <flags> -o build/modern-test/test/battle/move_effect/refresh.o test/battle/move_effect/refresh.c
/usr/lib/gcc/arm-none-eabi/14.2.1/cc1 -quiet <flags> -o build/modern-test/test/battle/move_effect/relic_song.o test/battle/move_effect/relic_song.c
/usr/lib/gcc/arm-none-eabi/14.2.1/cc1 -quiet <flags> -o build/modern-test/test/battle/move_effect/retaliate.o test/battle/move_effect/retaliate.c
/usr/lib/gcc/arm-none-eabi/14.2.1/cc1 -quiet <flags> -o build/modern-test/test/battle/move_effect/revival_blessing.o test/battle/move_effect/revival_blessing.c
/usr/lib/gcc/arm-none-eabi/14.2.1/cc1 -quiet <flags> -o build/modern-test/test/battle/move_effect/revelation_dance.o test/battle/move_effect/revelation_dance.c
/usr/lib/gcc/arm-none-eabi/14.2.1/cc1 -quiet <flags> -o build/modern-test/test/battle/move_effect/roar.o test/battle/move_effect/roar.c
/usr/lib/gcc/arm-none-eabi/14.2.1/cc1 -quiet <flags> -o build/modern-test/test/battle/move_effect/role_play.o test/battle/move_effect/role_play.c
/usr/lib/gcc/arm-none-eabi/14.2.1/cc1 -quiet <flags> -o build/modern-test/test/battle/move_effect/roost.o test/battle/move_effect/roost.c
/usr/lib/gcc/arm-none-eabi/14.2.1/cc1 -quiet <flags> -o build/modern-test/test/battle/move_effect/round.o test/battle/move_effect/round.c
/usr/lib/gcc/arm-none-eabi/14.2.1/cc1 -quiet <flags> -o build/modern-test/test/battle/move_effect/salt_cure.o test/battle/move_effect/salt_cure.c
/usr/lib/gcc/arm-none-eabi/14.2.1/cc1 -quiet <flags> -o build/modern-test/test/battle/move_effect/semi_invulnerable.o test/battle/move_effect/semi_invulnerable.c
/usr/lib/gcc/arm-none-eabi/14.2.1/cc1 -quiet <flags> -o build/modern-test/test/battle/move_effect/shed_tail.o test/battle/move_effect/shed_tail.c
/usr/lib/gcc/arm-none-eabi/14.2.1/cc1 -quiet <flags> -o build/modern-test/test/battle/move_effect/shell_side_arm.o test/battle/move_effect/shell_side_arm.c
/usr/lib/gcc/arm-none-eabi/14.2.1/cc1 -quiet <flags> -o build/modern-test/test/battle/move_effect/shell_trap.o test/battle/move_effect/shell_trap.c
/usr/lib/gcc/arm-none-eabi/14.2.1/cc1 -quiet <flags> -o build/modern-test/test/battle/move_effect/simple_beam.o test/battle/move_effect/simple_beam.c
/usr/lib/gcc/arm-none-eabi/14.2.1/cc1 -quiet <flags> -o build/modern-test/test/battle/move_effect/skill_swap.o test/battle/move_effect/skill_swap.c
/usr/lib/gcc/arm-none-eabi/14.2.1/cc1 -quiet <flags> -o build/modern-test/test/battle/move_effect/sleep.o test/battle/move_effect/sleep.c
/usr/lib/gcc/arm-none-eabi/14.2.1/cc1 -quiet <flags> -o build/modern-test/test/battle/move_effect/sleep_talk.o test/battle/move_effect/sleep_talk.c
/usr/lib/gcc/arm-none-eabi/14.2.1/cc1 -quiet <flags> -o build/modern-test/test/battle/move_effect/smack_down.o test/battle/move_effect/smack_down.c
/usr/lib/gcc/arm-none-eabi/14.2.1/cc1 -quiet <flags> -o build/modern-test/test/battle/move_effect/smelling_salts.o test/battle/move_effect/smelling_salts.c
/usr/lib/gcc/arm-none-eabi/14.2.1/cc1 -quiet <flags> -o build/modern-test/test/battle/move_effect/sparkling_aria.o test/battle/move_effect/sparkling_aria.c
/usr/lib/gcc/arm-none-eabi/14.2.1/cc1 -quiet <flags> -o build/modern-test/test/battle/move_effect/special_attack_down.o test/battle/move_effect/special_attack_down.c
/usr/lib/gcc/arm-none-eabi/14.2.1/cc1 -quiet <flags> -o build/modern-test/test/battle/move_effect/special_attack_up_3.o test/battle/move_effect/special_attack_up_3.c
/usr/lib/gcc/arm-none-eabi/14.2.1/cc1 -quiet <flags> -o build/modern-test/test/battle/move_effect/spicy_extract.o test/battle/move_effect/spicy_extract.c
/usr/lib/gcc/arm-none-eabi/14.2.1/cc1 -quiet <flags> -o build/modern-test/test/battle/move_effect/spikes.o test/battle/move_effect/spikes.c
/usr/lib/gcc/arm-none-eabi/14.2.1/cc1 -quiet <flags> -o build/modern-test/test/battle/move_effect/spit_up.o test/battle/move_effect/spit_up.c
/usr/lib/gcc/arm-none-eabi/14.2.1/cc1 -quiet <flags> -o build/modern-test/test/battle/move_effect/stealth_rock.o test/battle/move_effect/stealth_rock.c
/usr/lib/gcc/arm-none-eabi/14.2.1/cc1 -quiet <flags> -o build/modern-test/test/battle/move_effect/sticky_web.o test/battle/move_effect/sticky_web.c
/usr/lib/gcc/arm-none-eabi/14.2.1/cc1 -quiet <flags> -o build/modern-test/test/battle/move_effect/stockpile.o test/battle/move_effect/stockpile.c
/usr/lib/gcc/arm-none-eabi/14.2.1/cc1 -quiet <flags> -o build/modern-test/test/battle/move_effect/stomping_tantrum.o test/battle/move_effect/stomping_tantrum.c
/usr/lib/gcc/arm-none-eabi/14.2.1/cc1 -quiet <flags> -o build/modern-test/test/battle/move_effect/strength_sap.o test/battle/move_effect/strength_sap.c
/usr/lib/gcc/arm-none-eabi/14.2.1/cc1 -quiet <flags> -o build/modern-test/test/battle/move_effect/stuff_cheeks.o test/battle/move_effect/stuff_cheeks.c
/usr/lib/gcc/arm-none-eabi/14.2.1/cc1 -quiet <flags> -o build/modern-test/test/battle/move_effect/substitute.o test/battle/move_effect/substitute.c
/usr/lib/gcc/arm-none-eabi/14.2.1/cc1 -quiet <flags> -o build/modern-test/test/battle/move_effect/super_effective_on_arg.o test/battle/move_effect/super_effective_on_arg.c
/usr/lib/gcc/arm-none-eabi/14.2.1/cc1 -quiet <flags> -o build/modern-test/test/battle/move_effect/swallow.o test/battle/move_effect/swallow.c
/usr/lib/gcc/arm-none-eabi/14.2.1/cc1 -quiet <flags> -o build/modern-test/test/battle/move_effect/synthesis.o test/battle/move_effect/synthesis.c
/usr/lib/gcc/arm-none-eabi/14.2.1/cc1 -quiet <flags> -o build/modern-test/test/battle/move_effect/tailwind.o test/battle/move_effect/tailwind.c
/usr/lib/gcc/arm-none-eabi/14.2.1/cc1 -quiet <flags> -o build/modern-test/test/battle/move_effect/take_heart.o test/battle/move_effect/take_heart.c
/usr/lib/gcc/arm-none-eabi/14.2.1/cc1 -quiet <flags> -o build/modern-test/test/battle/move_effect/tar_shot.o test/battle/move_effect/tar_shot.c
/usr/lib/gcc/arm-none-eabi/14.2.1/cc1 -quiet <flags> -o build/modern-test/test/battle/move_effect/teatime.o test/battle/move_effect/teatime.c
/usr/lib/gcc/arm-none-eabi/14.2.1/cc1 -quiet <flags> -o build/modern-test/test/battle/move_effect/telekinesis.o test/battle/move_effect/telekinesis.c
/usr/lib/gcc/arm-none-eabi/14.2.1/cc1 -quiet <flags> -o build/modern-test/test/battle/move_effect/teleport.o test/battle/move_effect/teleport.c
/usr/lib/gcc/arm-none-eabi/14.2.1/cc1 -quiet <flags> -o build/modern-test/test/battle/move_effect/tera_blast.o test/battle/move_effect/tera_blast.c
/usr/lib/gcc/arm-none-eabi/14.2.1/cc1 -quiet <flags> -o build/modern-test/test/battle/move_effect/tera_starstorm.o test/battle/move_effect/tera_starstorm.c
/usr/lib/gcc/arm-none-eabi/14.2.1/cc1 -quiet <flags> -o build/modern-test/test/battle/move_effect/thousand_arrows.o test/battle/move_effect/thousand_arrows.c
/usr/lib/gcc/arm-none-eabi/14.2.1/cc1 -quiet <flags> -o build/modern-test/test/battle/move_effect/thunder.o test/battle/move_effect/thunder.c
/usr/lib/gcc/arm-none-eabi/14.2.1/cc1 -quiet <flags> -o build/modern-test/test/battle/move_effect/tidy_up.o test/battle/move_effect/tidy_up.c
/usr/lib/gcc/arm-none-eabi/14.2.1/cc1 -quiet <flags> -o build/modern-test/test/battle/move_effect/torment.o test/battle/move_effect/torment.c
/usr/lib/gcc/arm-none-eabi/14.2.1/cc1 -quiet <flags> -o build/modern-test/test/battle/move_effect/toxic.o test/battle/move_effect/toxic.c
/usr/lib/gcc/arm-none-eabi/14.2.1/cc1 -quiet <flags> -o build/modern-test/test/battle/move_effect/toxic_spikes.o test/battle/move_effect/toxic_spikes.c
/usr/lib/gcc/arm-none-eabi/14.2.1/cc1 -quiet <flags> -o build/modern-test/test/battle/move_effect/triple_kick.o test/battle/move_effect/triple_kick.c
/usr/lib/gcc/arm-none-eabi/14.2.1/cc1 -quiet <flags> -o build/modern-test/test/battle/move_effect/two_turns_attack.o test/battle/move_effect/two_turns_attack.c
/usr/lib/gcc/arm-none-eabi/14.2.1/cc1 -quiet <flags> -o build/modern-test/test/battle/move_effect/upper_hand.o test/battle/move_effect/upper_hand.c
/usr/lib/gcc/arm-none-eabi/14.2.1/cc1 -quiet <flags> -o build/modern-test/test/battle/move_effect/uproar.o test/battle/move_effect/uproar.c
/usr/lib/gcc/arm-none-eabi/14.2.1/cc1 -quiet <flags> -o build/modern-test/test/battle/move_effect/wake_up_slap.o test/battle/move_effect/wake_up_slap.c
/usr/lib/gcc/arm-none-eabi/14.2.1/cc1 -quiet <flags> -o build/modern-test/test/battle/move_effect/weather_ball.o test/battle/move_effect/weather_ball.c
/usr/lib/gcc/arm-none-eabi/14.2.1/cc1 -quiet <flags> -o build/modern-test/test/battle/move_effect/worry_seed.o test/battle/move_effect/worry_seed.c
/usr/lib/gcc/arm-none-eabi/14.2.1/cc1 -quiet <flags> -o build/modern-test/test/battle/move_effect_secondary/bug_bite.o test/battle/move_effect_secondary/bug_bite.c
/usr/lib/gcc/arm-none-eabi/14.2.1/cc1 -quiet <flags> -o build/modern-test/test/battle/move_effect_secondary/burn.o test/battle/move_effect_secondary/burn.c
/usr/lib/gcc/arm-none-eabi/14.2.1/cc1 -quiet <flags> -o build/modern-test/test/battle/move_effect_secondary/confusion.o test/battle/move_effect_secondary/confusion.c
/usr/lib/gcc/arm-none-eabi/14.2.1/cc1 -quiet <flags> -o build/modern-test/test/battle/move_effect_secondary/def_minus_1.o test/battle/move_effect_secondary/def_minus_1.c
/usr/lib/gcc/arm-none-eabi/14.2.1/cc1 -quiet <flags> -o build/modern-test/test/battle/move_effect_secondary/dire_claw.o test/battle/move_effect_secondary/dire_claw.c
/usr/lib/gcc/arm-none-eabi/14.2.1/cc1 -quiet <flags> -o build/modern-test/test/battle/move_effect_secondary/double_power_on_arg_status.o test/battle/move_effect_secondary/double_power_on_arg_status.c
/usr/lib/gcc/arm-none-eabi/14.2.1/cc1 -quiet <flags> -o build/modern-test/test/battle/move_effect_secondary/flinch.o test/battle/move_effect_secondary/flinch.c
/usr/lib/gcc/arm-none-eabi/14.2.1/cc1 -quiet <flags> -o build/modern-test/test/battle/move_effect_secondary/freeze.o test/battle/move_effect_secondary/freeze.c
/usr/lib/gcc/arm-none-eabi/14.2.1/cc1 -quiet <flags> -o build/modern-test/test/battle/move_effect_secondary/haze.o test/battle/move_effect_secondary/haze.c
/usr/lib/gcc/arm-none-eabi/14.2.1/cc1 -quiet <flags> -o build/modern-test/test/battle/move_effect_secondary/ion_deluge.o test/battle/move_effect_secondary/ion_deluge.c
/usr/lib/gcc/arm-none-eabi/14.2.1/cc1 -quiet <flags> -o build/modern-test/test/battle/move_effect_secondary/leech_seed.o test/battle/move_effect_secondary/leech_seed.c
/usr/lib/gcc/arm-none-eabi/14.2.1/cc1 -quiet <flags> -o build/modern-test/test/battle/move_effect_secondary/light_screen.o test/battle/move_effect_secondary/light_screen.c
/usr/lib/gcc/arm-none-eabi/14.2.1/cc1 -quiet <flags> -o build/modern-test/test/battle/move_effect_secondary/order_up.o test/battle/move_effect_secondary/order_up.c
/usr/lib/gcc/arm-none-eabi/14.2.1/cc1 -quiet <flags> -o build/modern-test/test/battle/move_effect_secondary/paralysis.o test/battle/move_effect_secondary/paralysis.c
/usr/lib/gcc/arm-none-eabi/14.2.1/cc1 -quiet <flags> -o build/modern-test/test/battle/move_effect_secondary/pay_day.o test/battle/move_effect_secondary/pay_day.c
/usr/lib/gcc/arm-none-eabi/14.2.1/cc1 -quiet <flags> -o build/modern-test/test/battle/move_effect_secondary/poison.o test/battle/move_effect_secondary/poison.c
/usr/lib/gcc/arm-none-eabi/14.2.1/cc1 -quiet <flags> -o build/modern-test/test/battle/move_effect_secondary/psychic_noise.o test/battle/move_effect_secondary/psychic_noise.c
/usr/lib/gcc/arm-none-eabi/14.2.1/cc1 -quiet <flags> -o build/modern-test/test/battle/move_effect_secondary/rapid_spin.o test/battle/move_effect_secondary/rapid_spin.c
/usr/lib/gcc/arm-none-eabi/14.2.1/cc1 -quiet <flags> -o build/modern-test/test/battle/move_effect_secondary/reflect.o test/battle/move_effect_secondary/reflect.c
/usr/lib/gcc/arm-none-eabi/14.2.1/cc1 -quiet <flags> -o build/modern-test/test/battle/move_effect_secondary/sp_atk_minus_2.o test/battle/move_effect_secondary/sp_atk_minus_2.c
/usr/lib/gcc/arm-none-eabi/14.2.1/cc1 -quiet <flags> -o build/modern-test/test/battle/move_effect_secondary/spd_minus_2.o test/battle/move_effect_secondary/spd_minus_2.c
/usr/lib/gcc/arm-none-eabi/14.2.1/cc1 -quiet <flags> -o build/modern-test/test/battle/move_effect_secondary/spikes.o test/battle/move_effect_secondary/spikes.c
/usr/lib/gcc/arm-none-eabi/14.2.1/cc1 -quiet <flags> -o build/modern-test/test/battle/move_effect_secondary/steal_item.o test/battle/move_effect_secondary/steal_item.c
/usr/lib/gcc/arm-none-eabi/14.2.1/cc1 -quiet <flags> -o build/modern-test/test/battle/move_effect_secondary/stealth_rock.o test/battle/move_effect_secondary/stealth_rock.c
/usr/lib/gcc/arm-none-eabi/14.2.1/cc1 -quiet <flags> -o build/modern-test/test/battle/move_effect_secondary/syrup_bomb.o test/battle/move_effect_secondary/syrup_bomb.c
/usr/lib/gcc/arm-none-eabi/14.2.1/cc1 -quiet <flags> -o build/modern-test/test/battle/move_effect_secondary/thrash.o test/battle/move_effect_secondary/thrash.c
/usr/lib/gcc/arm-none-eabi/14.2.1/cc1 -quiet <flags> -o build/modern-test/test/battle/move_effect_secondary/throat_chop.o test/battle/move_effect_secondary/throat_chop.c
/usr/lib/gcc/arm-none-eabi/14.2.1/cc1 -quiet <flags> -o build/modern-test/test/battle/move_effect_secondary/trap_both.o test/battle/move_effect_secondary/trap_both.c
/usr/lib/gcc/arm-none-eabi/14.2.1/cc1 -quiet <flags> -o build/modern-test/test/battle/move_effect_secondary/tri_attack.o test/battle/move_effect_secondary/tri_attack.c
/usr/lib/gcc/arm-none-eabi/14.2.1/cc1 -quiet <flags> -o build/modern-test/test/battle/move_effects_combined/axe_kick.o test/battle/move_effects_combined/axe_kick.c
/usr/lib/gcc/arm-none-eabi/14.2.1/cc1 -quiet <flags> -o build/modern-test/test/battle/move_effects_combined/barb_barrage.o test/battle/move_effects_combined/barb_barrage.c
/usr/lib/gcc/arm-none-eabi/14.2.1/cc1 -quiet <flags> -o build/modern-test/test/battle/move_effects_combined/flinch_status.o test/battle/move_effects_combined/flinch_status.c
/usr/lib/gcc/arm-none-eabi/14.2.1/cc1 -quiet <flags> -o build/modern-test/test/battle/move_effects_combined/hurricane.o test/battle/move_effects_combined/hurricane.c
/usr/lib/gcc/arm-none-eabi/14.2.1/cc1 -quiet <flags> -o build/modern-test/test/battle/move_effects_combined/infernal_parade.o test/battle/move_effects_combined/infernal_parade.c
/usr/lib/gcc/arm-none-eabi/14.2.1/cc1 -quiet <flags> -o build/modern-test/test/battle/move_effects_combined/make_it_rain.o test/battle/move_effects_combined/make_it_rain.c
/usr/lib/gcc/arm-none-eabi/14.2.1/cc1 -quiet <flags> -o build/modern-test/test/battle/move_effects_combined/triple_arrows.o test/battle/move_effects_combined/triple_arrows.c
/usr/lib/gcc/arm-none-eabi/14.2.1/cc1 -quiet <flags> -o build/modern-test/test/battle/move_flags/cant_use_twice.o test/battle/move_flags/cant_use_twice.c
/usr/lib/gcc/arm-none-eabi/14.2.1/cc1 -quiet <flags> -o build/modern-test/test/battle/move_flags/damages_airborne_double_damage.o test/battle/move_flags/damages_airborne_double_damage.c
/usr/lib/gcc/arm-none-eabi/14.2.1/cc1 -quiet <flags> -o build/modern-test/test/battle/move_flags/damages_underground.o test/battle/move_flags/damages_underground.c
/usr/lib/gcc/arm-none-eabi/14.2.1/cc1 -quiet <flags> -o build/modern-test/test/battle/move_flags/damages_underwater.o test/battle/move_flags/damages_underwater.c
/usr/lib/gcc/arm-none-eabi/14.2.1/cc1 -quiet <flags> -o build/modern-test/test/battle/move_flags/ignores_target_ability.o test/battle/move_flags/ignores_target_ability.c
/usr/lib/gcc/arm-none-eabi/14.2.1/cc1 -quiet <flags> -o build/modern-test/test/battle/move_flags/minimize_double_damage.o test/battle/move_flags/minimize_double_damage.c
/usr/lib/gcc/arm-none-eabi/14.2.1/cc1 -quiet <flags> -o build/modern-test/test/battle/move_flags/powder.o test/battle/move_flags/powder.c
/usr/lib/gcc/arm-none-eabi/14.2.1/cc1 -quiet <flags> -o build/modern-test/test/battle/move_flags/recoil.o test/battle/move_flags/recoil.c
/usr/lib/gcc/arm-none-eabi/14.2.1/cc1 -quiet <flags> -o build/modern-test/test/battle/move_flags/strike_count.o test/battle/move_flags/strike_count.c
/usr/lib/gcc/arm-none-eabi/14.2.1/cc1 -quiet <flags> -o build/modern-test/test/battle/status1/bad_poison.o test/battle/status1/bad_poison.c
/usr/lib/gcc/arm-none-eabi/14.2.1/cc1 -quiet <flags> -o build/modern-test/test/battle/status1/burn.o test/battle/status1/burn.c
/usr/lib/gcc/arm-none-eabi/14.2.1/cc1 -quiet <flags> -o build/modern-test/test/battle/status1/freeze.o test/battle/status1/freeze.c
/usr/lib/gcc/arm-none-eabi/14.2.1/cc1 -quiet <flags> -o build/modern-test/test/battle/status1/frostbite.o test/battle/status1/frostbite.c
/usr/lib/gcc/arm-none-eabi/14.2.1/cc1 -quiet <flags> -o build/modern-test/test/battle/status1/paralysis.o test/battle/status1/paralysis.c
/usr/lib/gcc/arm-none-eabi/14.2.1/cc1 -quiet <flags> -o build/modern-test/test/battle/status1/poison.o test/battle/status1/poison.c
/usr/lib/gcc/arm-none-eabi/14.2.1/cc1 -quiet <flags> -o build/modern-test/test/battle/status1/sleep.o test/battle/status1/sleep.c
/usr/lib/gcc/arm-none-eabi/14.2.1/cc1 -quiet <flags> -o build/modern-test/test/battle/status2/confusion.o test/battle/status2/confusion.c
/usr/lib/gcc/arm-none-eabi/14.2.1/cc1 -quiet <flags> -o build/modern-test/test/battle/terrain/electric.o test/battle/terrain/electric.c
/usr/lib/gcc/arm-none-eabi/14.2.1/cc1 -quiet <flags> -o build/modern-test/test/battle/terrain/grassy.o test/battle/terrain/grassy.c
/usr/lib/gcc/arm-none-eabi/14.2.1/cc1 -quiet <flags> -o build/modern-test/test/battle/terrain/misty.o test/battle/terrain/misty.c
/usr/lib/gcc/arm-none-eabi/14.2.1/cc1 -quiet <flags> -o build/modern-test/test/battle/terrain/psychic.o test/battle/terrain/psychic.c
/usr/lib/gcc/arm-none-eabi/14.2.1/cc1 -quiet <flags> -o build/modern-test/test/battle/terrain/starting_terrain.o test/battle/terrain/starting_terrain.c
/usr/lib/gcc/arm-none-eabi/14.2.1/cc1 -quiet <flags> -o build/modern-test/test/battle/weather/hail.o test/battle/weather/hail.c
/usr/lib/gcc/arm-none-eabi/14.2.1/cc1 -quiet <flags> -o build/modern-test/test/battle/weather/rain.o test/battle/weather/rain.c
/usr/lib/gcc/arm-none-eabi/14.2.1/cc1 -quiet <flags> -o build/modern-test/test/battle/weather/sandstorm.o test/battle/weather/sandstorm.c
/usr/lib/gcc/arm-none-eabi/14.2.1/cc1 -quiet <flags> -o build/modern-test/test/battle/weather/snow.o test/battle/weather/snow.c
/usr/lib/gcc/arm-none-eabi/14.2.1/cc1 -quiet <flags> -o build/modern-test/test/battle/weather/sunlight.o test/battle/weather/sunlight.c
cd build/modern-test && arm-none-eabi-ld -T ld_script_test.ld -o ../../pokeemerald-test.elf <objects> <test-objects> <lib>
tools/gbafix/gbafix pokeemerald-test.elf -t"POKEMON EMER" -cBPEE -m01 -r0 -d0 --silent
tools/patchelf/patchelf pokeemerald-test.elf gTestRunnerArgv "\0"
tools/patchelf/patchelf pokeemerald-test-headless.elf gTestRunnerHeadless '\x01' gTestRunnerSkipIsFail "\x00"
tools/mgba-rom-test-hydra/mgba-rom-test-hydra tools/mgba/mgba-rom-test arm-none-eabi-objcopy pokeemerald-test-headless.elf
[2] uq4_12_multiply multiplies 4.12 numbers: [32mPASS[0m
[1] uq4_12_subtract subtracts 4.12 numbers: [32mPASS[0m
[3] uq4_12_divide divides 4.12 numbers: [32mPASS[0m
[1] Hyper Training increases stats without affecting IVs: [32mPASS[0m
[3] canhypertrain/hypertrain affect MON_DATA_HYPER_TRAINED_* and recalculate stats: [32mPASS[0m
[1] givemon [vars]: [32mPASS[0m
[3] createmon [simple]: [32mPASS[0m
[3] RandomElement generates an element: [32mPASS[0m
[1] RandomUniformExcept generates lo..hi: [32mPASS[0m
[1] RandomUniform mul-based faster than mod-based (run-time): [32mPASS[0m
mulBenchmark: 78 ticks, modBenchmark: 323 ticks
[0] uq4_12_add adds 4.12 numbers: [32mPASS[0m
[0] Shininess independent from PID and OTID: [32mPASS[0m
[1] BuildOamBuffer faster with max sprites (equal y/subpriority): [32mPASS[0m
newBuildOamBuffer: 418 ticks, oldBuildOamBuffer: 511 ticks
[0] givemon [all]: [32mPASS[0m
[0] RandomUniform generates lo..hi: [32mPASS[0m
[0] RandomUniform mul-based faster than mod-based (compile-time): [32mPASS[0m
mulBenchmark: 10 ticks, modBenchmark: 27 ticks
[0] BuildOamBuffer faster with no sprites: [32mPASS[0m
newBuildOamBuffer: 63 ticks, oldBuildOamBuffer: 337 ticks
[2] Status1 round-trips through BoxPokemon: [32mPASS[0m
[2] checkteratype/setteratype work: [32mPASS[0m
[2] RandomWeighted generates 0..n-1: [32mPASS[0m
[2] Thumb and C SFC32 implementations produce the same results: [32mPASS[0m
[7] Terastallization type is reset to the default types when setting Tera Type back to TYPE_NONE: [32mPASS[0m
[6] Terastallization type can be set to any type except TYPE_NONE: [32mPASS[0m
[2] BuildOamBuffer faster with max sprites (random y/subpriority): [32mPASS[0m
newBuildOamBuffer: 822 ticks, oldBuildOamBuffer: 2749 ticks
[6] givemon [simple]: [32mPASS[0m
[7] givemon [moves]: [32mPASS[0m
[6] Shuffle randomizes the array [Shuffle32]: [32mPASS[0m
[6] RandomWeighted generates distribution in proportion to the weights: [32mPASS[0m
[7] Shuffle randomizes the array [Shuffle64]: [32mPASS[0m
[7] RandomElement generates a uniform distribution: [32mPASS[0m
[1] Move names fit on Move Relearner Screen: [32mPASS[0m
[0] Move names fit on TMs & HMs Bag Screen: [32mPASS[0m
[2] Move descriptions fit on Pokemon Summary Screen: [32mPASS[0m
[5] Terastallization type defaults to primary or secondary type: [32mPASS[0m
[3] Form species ID tables are shared between all forms: [32mPASS[0m
[5] togglegigantamaxfactor fails for Melmetal: [32mPASS[0m
[3] BuildOamBuffer faster on already-sorted max sprites: [32mPASS[0m
newBuildOamBuffer: 432 ticks, oldBuildOamBuffer: 496 ticks
[5] Shuffle randomizes the array [Shuffle16]: [32mPASS[0m
[5] RandomUniformExcept generates uniform distribution: [32mPASS[0m
[1] Item names fit on Shop Screen: [32mPASS[0m
[5] Form change targets have the appropriate species flags: [32mPASS[0m
[2] Item descriptions fit on Bag and Shop Screen: Approaches the foe unawares� This attack never misses� (640/640): [31mFAIL[0m
[3] Item names fit on Bag Screen (list): [32mPASS[0m
[0] Item names fit on Pokemon Summary Screen: [32mPASS[0m
[6] No species has two evolutions that use the evolution tracker: [32mPASS[0m
[5] Move names fit on Pokemon Summary Screen: [32mPASS[0m
[6] Move names fit on Battle Screen: [32mPASS[0m
[5] Item names fit on PC Storage (list): [32mPASS[0m
[6] Item plural names fit on PC storage (left box): [32mPASS[0m
[4] Nature independent from Hidden Nature: [32mPASS[0m
[4] hasgigantamaxfactor/togglegigantamaxfactor affect MON_DATA_GIGANTAMAX_FACTOR: [32mPASS[0m
[4] Shuffle randomizes the array [Shuffle8]: [32mPASS[0m
[4] RandomUniform generates uniform distribution: [32mPASS[0m
[7] Every species has a description: [32mPASS[0m
[4] Form change tables contain only forms in the form species ID table: [32mPASS[0m
[4] BuildOamBuffer faster with mix of sprites: [32mPASS[0m
newBuildOamBuffer: 250 ticks, oldBuildOamBuffer: 1004 ticks
[7] Move names fit on Contest Screen: [32mPASS[0m
[4] Item plural names fit on Bag Screen (left box): [32mPASS[0m
[7] Item names fit on Pokemon Storage System: [32mPASS[0m
[1] Species names fit on Contest Screen: [32mPASS[0m
[3] Species names fit on Battle Screen HP box: [32mPASS[0m
[2] Species names fit on Contest Screen - Rankings: [32mPASS[0m
[0] Species names fit on Pokemon Storage System: [32mPASS[0m
[2] Species names fit on Battle Screen HP box for vanilla mons with the default font: [32mPASS[0m
[5] Species names fit on Pokemon Summary Screen: [32mPASS[0m
[6] Species names fit on Pokedex Screen: [32mPASS[0m
[4] Species names fit on Party Screen: [32mPASS[0m
[7] Species names fit on Pokedex Screen - Cries: [32mPASS[0m
[3] Species names fit on Battle Dome Screen: [32mPASS[0m
[1] Species names fit on PokeNav Ribbon List Screen: [32mPASS[0m
[0] Species names fit on PokeNav Ribbon Screen: [32mPASS[0m
[0] Type names fit on Pokedex Search Screen: [32mPASS[0m
[2] Battle Message: Send-in message depends on foe HP: [32mPASS[0m
[2] Crit Chance: Focus Energy increases critical hit ratio by two: [33mASSUMPTION_FAIL[0m
[5] Species names fit on Naming Screen: [32mPASS[0m
[5] Ability names fit on Ability Pop-Up: [32mPASS[0m
[0] Crit Chance: User effected by Laser Focus causes moves to result in a critical hit: [32mPASS[0m
[6] Species names fit on PokeNav Condition Screen: [32mPASS[0m
[0] Crit Chance: Super Luck increases the critical hit ratio by one stage: [33mASSUMPTION_FAIL[0m
[0] Crit Chance: Dragon Cheer increases critical hit ratio by two on Dragon types: [33mASSUMPTION_FAIL[0m
[6] Ability descriptions fit on Pokemon Summary Screen: [32mPASS[0m
[2] Pokemon gain exp after catching a Pokemon: [32mPASS[0m
[5] Crit Chance: Battle Armor and Shell Armor block critical hits: [32mPASS[0m
[5] Crit Chance: High crit rate, Super Luck and Scope Lens cause the move to result in a critical hit: [33mASSUMPTION_FAIL[0m
[5] Crit Chance: Dire Hit increases a battler's critical hit chance by 2 stages: [33mASSUMPTION_FAIL[0m
[2] Exp Share(held) gives Experience to mons which did not participate in battle: [32mPASS[0m
[4] Species names fit on Hall of Fame: [32mPASS[0m
[4] Ability names fit on Pokemon Summary Screen: [32mPASS[0m
[6] Crit Chance: Flag ignoresTargetAbility ignores Battle Armor and Shell Armor: [32mPASS[0m
[6] Crit Chance: Signature items Leek and Lucky Punch increase the critical hit ratio by 2 stages: [33mASSUMPTION_FAIL[0m
[6] Critical hits occur at a 1/24 rate: [33mASSUMPTION_FAIL[0m
[7] Species names fit on PokeNav Condition Search Screen: [32mPASS[0m
[7] Type names fit on Battle Screen: [32mPASS[0m
[5] Damage calculation matches Gen5+ (Marshadow vs Mawile) 1/16: [31mFAIL[0m
[5] TODO: Aerilate boosts power of affected moves by 20% (Gen7+): [33mTO_DO[0m
[5] TODO: Analytic increases the power of moves by 30% if it's the last one that uses its move: [33mTO_DO[0m
[2] Turn order is determined by Speed if priority ties: [32mPASS[0m
[4] Crit Chance: Side effected by Lucky Chant blocks critical hits: [32mPASS[0m
[4] Crit Chance: High crit rate increases the critical hit ratio by one stage: [33mASSUMPTION_FAIL[0m
[4] Crit Chance: Dragon Cheer increases critical hit ratio by one on non Dragon types: [33mASSUMPTION_FAIL[0m
[3] Species dex entries fit on Pokedex Screen: [32mPASS[0m
[3] TODO: Battle Message: Switch-out message changes based on conditions: [33mTO_DO[0m
[3] Crit Chance: Focus Energy increases the user's critical hit ratio by two stage: [33mASSUMPTION_FAIL[0m
[5] Anger Point does not trigger when a substitute takes the hit (Gen5+): [32mPASS[0m
[5] TODO: Anticipation treats Self-Destruct and Explosion like all other Normal types (Gen5+): [33mTO_DO[0m
[5] TODO: Anticipation counts Counter, Metal Burst or Mirror Coat as attacking moves of their types (Gen5+): [33mTO_DO[0m
[5] TODO: Anticipation treats dynamic move types as their base type (Normal): [33mTO_DO[0m
[5] TODO: Arena Trap doesn't prevent switch outs via moves that switch out: [33mTO_DO[0m
[5] TODO: Aroma Veil protects the Pokémon's side from Torment: [33mTO_DO[0m
[5] TODO: Aura Break inverts Fairy Aura's effect: [33mTO_DO[0m
[3] Crit Chance: Dragon Cheer fails in a single battle: [32mPASS[0m
[4] Higher leveled Pokemon give more exp: [32mPASS[0m
[5] Battle Bond does not transform species other than Greninja: [32mPASS[0m
[3] Damage calculation matches Gen5+ 1/16: [31mFAIL[0m
[6] Critical hits ignore negative stat stages: [32mPASS[0m
[6] CreateNPCTrainerPartyForTrainer generates different personalities for different mons: [32mPASS[0m
[0] Large exp gains are supported: [32mPASS[0m
[3] (TERA) Terastallizing into a different type with Adaptability gives 2.0x STAB: [32mPASS[0m
[0] Turn order is determined by priority: [32mPASS[0m
[6] (TERA) Terastallizing into the same type with Adaptability gives 2.25x STAB: [32mPASS[0m
[6] TODO: Analytic takes into account modifications to speeed an priority (Gen 5-8): [33mTO_DO[0m
[3] Aftermath damages the attacker by 1/4th of its max HP if fainted by a contact move: [32mPASS[0m
[7] Crit Chance: Mold Breaker, Teravolt and Turboblaze ignore Battle Armor and Shell Armor: [32mPASS[0m
[3] Anger Point does not trigger when already at maximum Attack stage: [32mPASS[0m
[3] TODO: Anticipation causes notifies if an opponent has a One-hit KO move: [33mTO_DO[0m
[3] TODO: Anticipation doesn't consider Gravity into their effectiveness (Gen5+): [33mTO_DO[0m
[3] TODO: Anticipation considers Aura Wheel as an ordinary Electric-type move: [33mTO_DO[0m
[3] TODO: Arena Trap prevents grounded adjacent opponents from switching out: [33mTO_DO[0m
[3] TODO: Arena Trap doesn't prevent switch outs from Ghost-type Pokémon (Gen6+): [33mTO_DO[0m
[3] TODO: Aroma Veil protects the Pokémon's side from Infatuation: [33mTO_DO[0m
[7] A spread move will do correct damage to the second mon if the first target faints from first hit of the spread move: [31mFAIL[0m
[3] Bad Dreams faints both sleeping Pokemon on player side: [32mPASS[0m
[4] Accuracy controls the proportion of misses: [32mPASS[0m
[4] TODO: Anger Point triggers when a substitute takes the hit (Gen4): [33mTO_DO[0m
[4] TODO: Anticipation causes notifies if an opponent has a Self-Destruct or Explosion (Gen4): [33mTO_DO[0m
[4] TODO: Anticipation doesn't trigger from Counter, Metal Burst or Mirror Coat (Gen4): [33mTO_DO[0m
[4] TODO: Anticipation considers Inverse Battle types: [33mTO_DO[0m
[4] TODO: Arena Trap doesn't prevent switch outs if the Pokémon is switched in the same turn the opponent decided to switch out: [33mTO_DO[0m
[4] TODO: Aroma Veil protects the Pokémon's side from Taunt: [33mTO_DO[0m
[4] TODO: Aroma Veil does not protect the Pokémon's side from Imprison: [33mTO_DO[0m
[5] Beast Boost boosts the most proficient stat when knocking out a target: [32mPASS[0m
[7] Lucky Egg boosts gained exp points by 50%: [32mPASS[0m
[3] Beads of Ruin's message displays correctly after all battlers fainted - Player: [32mPASS[0m
[5] Clear Body, Full Metal Body, and White Smoke don't prevent Speed reduction from paralysis 1/3: [31mERROR[0m
[4] Bad Dreams faints both sleeping Pokemon on opponent side: [32mPASS[0m
[3] Berserk activates after all hits from a multi-hit move: [32mPASS[0m
[3] TODO: Chlorophyll doesn't double speed if Cloud Nine/Air Lock is on the field: [33mTO_DO[0m
[6] Anger Shell activates only if the target had more than 50% of its HP: [32mPASS[0m
[6] TODO: Aura Break inverts Dark Aura's effect: [33mTO_DO[0m
[3] Clear Body, Full Metal Body, and White Smoke prevent intimidate 1/3: [31mERROR[0m
[5] Cloud Nine/Air Lock prevent basic weather effects, but without them disappearing - Sandstorm: [32mPASS[0m
[5] TODO: Cloud Nine/Air Lock prevent basic weather effects, but without them disappearing - Fog: [33mTO_DO[0m
[4] Beads of Ruin's message displays correctly after all battlers fainted - Opponent: [32mPASS[0m
[5] Color Change does not change the type when hit by a move that's the same type as itself: [32mPASS[0m
[7] AdditionalEffect.chance controls the proportion of secondary effects: [32mPASS[0m
[4] Blaze boosts Fire-type moves in a pinch: [32mPASS[0m
[5] Color Change changes the type to Electric when a Pokemon is hit by a forseen attack under the effect of Electrify: [33mKNOWN_FAILING[0m
[7] Moves do not fail if an alive partner is the target: [32mPASS[0m
 team is too nervous to eat Berries! (455/455)
[6] Battle Bond transforms player's Greninja - Singles: [32mPASS[0m
[7] Moves that target the field are not going to fail if one mon fainted by the previous move: [32mPASS[0m
[5] Commander Tatsugiri avoids moves targetted towards it: [32mPASS[0m
[7] ModifyPersonalityForNature can set any nature: [32mPASS[0m
[7] TODO: Adaptability does not affect Stellar-type moves: [33mTO_DO[0m
[7] TODO: Aerilate boosts power of affected moves by 30% (Gen6): [33mTO_DO[0m
[7] TODO: Analytic does not take into account modifications to speeed an priority (Gen 8): [33mTO_DO[0m
[3] Clear Body, Full Metal Body, and White Smoke don't prevent Attack reduction from burn: [32mPASS[0m
[5] Commander cannot affect a Dondozo that was previously affected by Commander until it faints and revived: [32mPASS[0m
[7] Anger Shell lowers Def/Sp.Def by 1 and raises Atk/Sp.Atk/Spd by 1: [32mPASS[0m
[7] TODO: Anticipation considers Scrappy and Normalize into their effectiveness (Gen4): [33mTO_DO[0m
[7] TODO: Anticipation considers Synchronoise as an ordinary Psychic-type move: [33mTO_DO[0m
[7] TODO: Anticipation treats Hidden Power as Normal Type (Gen4-5): [33mTO_DO[0m
[7] TODO: Arena Trap doesn't prevent switch outs via Shed Shell, but not via Teleport: [33mTO_DO[0m
[7] TODO: Aroma Veil protects the Pokémon's side from Encore: [33mTO_DO[0m
[7] TODO: Aura Break ignores Mold Breaker abilities: [33mTO_DO[0m
[3] Color Change changes the type when a Pokemon is hit by Doom Desire: [32mPASS[0m
[6] Clear Body, Full Metal Body, and White Smoke prevent Sticky Web effect on switchin: [32mPASS[0m
[3] Commander increases all stats by 2 stages once it is triggered: [32mPASS[0m
[5] Commander Tatsugiri takes no damage from multi-target damaging moves: [32mPASS[0m
[6] Clear Body, Full Metal Body, and White Smoke don't prevent receiving negative stat changes from Baton Pass 1/3: [31mFAIL[0m
[6] TODO: Cloud Nine/Air Lock prevent basic weather effects, but without them disappearing - Sun: [33mTO_DO[0m
[6] TODO: Cloud Nine/Air Lock prevent basic weather effects, but without them disappearing - Primal Sun: [33mTO_DO[0m
[6] Color Change does not change the type of a dual-type Pokemon when hit by a move that shares its primary type: [32mPASS[0m
[3] Commander Tatsugiri still avoids moves even when the attacker has No Guard: [32mPASS[0m
[5] Commander Tatsugiri is still affected by Haze while controlling Dondozo: [32mPASS[0m
[7] Battle Bond transforms opponent's Greninja - Singles: [32mPASS[0m
[6] Color Change changes the type to Normal when a Pokemon is hit by a forseen attack under the effect of Normalize: [32mPASS[0m
[0] Turn order is determined randomly if priority and Speed tie [singles]: [32mPASS[0m
[0] Slash's critical hits occur at a 1/8 rate: [33mASSUMPTION_FAIL[0m
[0] Moves fail if they target the partner but they faint before the move could have been used: [32mPASS[0m
[3] Commander Tatsugiri is not damaged by a double target move if Dondozo faints: [32mPASS[0m
[5] Compound Eyes raises accuracy: [32mPASS[0m
[6] Commander Tatsugiri will still take residual damage from a field effect while inside Dondozo: [32mPASS[0m
 Pok�mon got trapped with vines! (664/664)
 Pok�mon got caught in a vortex of water! (666/666)
[7] Clear Body, Full Metal Body, and White Smoke don't prevent stat stage reduction from moves used by the user: [32mPASS[0m
 Pok�mon were surrounded by fire! (668/668)
[5] Sticky Web raises Speed by 1 for Contrary mon on switch-in: [32mPASS[0m
 Pok�mon became surrounded by rocks! (670/670)
[0] Moves fail if they target into a pokemon that was fainted by the previous move: [32mPASS[0m
[5] Corrosion does not effect poison type damaging moves if the target is immune to it: [32mPASS[0m
[6] Commander prevents Whirlwind from working against Dondozo or Tatsugiri while it's active: [32mPASS[0m
[7] Clear Body, Full Metal Body, and White Smoke don't prevent Topsy-Turvy 1/3: [31mFAIL[0m
[7] TODO: Cloud Nine/Air Lock prevent basic weather effects, but without them disappearing - Rain: [33mTO_DO[0m
[7] TODO: Cloud Nine/Air Lock prevent basic weather effects, but without them disappearing - Primal Rain: [33mTO_DO[0m
[0] Forced abilities activate on switch-in: [32mPASS[0m
[0] Trainer Class Balls apply to the entire party: [31mFAIL[0m
[2] Turn order is determined randomly if priority and Speed tie [doubles] 1/1 (24/24): [31mFAIL[0m
[1] Battle strings fit on the battle message window: [32mPASS[0m
[7] Color Change does not change the type of a dual-type Pokemon when hit by a move that shares its secondary type: [32mPASS[0m
[3] Commander Tatsugiri is still affected by Perish Song while controlling Dondozo: [32mPASS[0m
[6] Commander doesn't prevent Transform from working on a Commander Tatsugiri: [32mPASS[0m
[0] Aerilate turns a Normal-type move into Flying-type move: [32mPASS[0m
[0] TODO: Aerilate overrides Electrify (Gen6-7): [33mTO_DO[0m
[0] TODO: Analytic takes into account the turn order of what fainted Pokémon would've moved: [33mTO_DO[0m
[5] Corrosion cannot bypass moves that prevent poisoning such as Safeguard: [32mPASS[0m
[1] Crit Chance: If the target is poisoned the ability Merciless causes a move to result in a critical hit: [32mPASS[0m
[1] Crit Chance: Scope Lens increases the critical hit ratio by one stage: [33mASSUMPTION_FAIL[0m
[2] Critical hits deal 50% more damage: [32mPASS[0m
[5] Cotton Down drops speed by one of opposing battler if hit by a damaging move: [32mPASS[0m
[1] Crit Chance: Dragon Cheer fails if critical hit stage was already increased by Focus Energy: [32mPASS[0m
[0] Anger Shell activates after all hits from a multi-hit move: [32mPASS[0m
[0] TODO: Anticipation doesn't consider Scrappy and Normalize into their effectiveness (Gen5+): [33mTO_DO[0m
[0] TODO: Anticipation considers Freeze-Dry as an ordinary Ice-type move: [33mTO_DO[0m
[0] TODO: Anticipation treats Hidden Power as its dynamic type (Gen6+): [33mTO_DO[0m
[0] TODO: Arena Trap doesn't prevent switch outs via Run Away: [33mTO_DO[0m
[0] TODO: Aroma Veil protects the Pokémon's side from Disable: [33mTO_DO[0m
[6] Commander Attacker is kept (Dondozo Left Slot): [32mPASS[0m
[5] Cursed Body triggers 30% of the time: [32mPASS[0m
[1] Damage calculation matches Gen5+ (Muscle Band, crit) 1/16: [31mFAIL[0m
[3] Commander Tatsugiri does not get hit by Dragon Darts when commanding Dondozo: [32mPASS[0m
[7] Comatose prevents status-inducing moves: [32mPASS[0m
[2] Critical hits do not ignore positive stat stages: [32mPASS[0m
[2] CreateNPCTrainerPartyForTrainer generates customized Pokémon: [32mPASS[0m
[0] Bad Dreams causes the sleeping enemy Pokemon to lose 1/8 of hp: [32mPASS[0m
[6] Compound Eyes does not affect OHKO moves: [32mPASS[0m
[5] Dancer can copy Teeter Dance and confuse both opposing targets: [32mPASS[0m
[4] Clear Body, Full Metal Body, and White Smoke prevent stat stage reduction from moves: [32mPASS[0m
[4] TODO: Costar's message displays correctly after all battlers fainted - Opponent: [33mTO_DO[0m
[3] Contrary lowers a stat after using a move which would normally raise it: Swords Dance: [32mPASS[0m
[2] Adaptability increases same-type attack bonus from x1.5 to x2: [32mPASS[0m
[2] TODO: Aerilate overrides Ion Deluge (Gen6-7): [33mTO_DO[0m
[7] Commander Attacker is kept (Dondozo Right Slot): [32mPASS[0m
[5] Dancer-called attacks have their type updated: [32mPASS[0m
[5] Dauntless Shield raises Defense by one stage only once per battle: [33mASSUMPTION_FAIL[0m
[6] Corrosion can poison or badly poison a Pokemon regardless of its typing: [32mPASS[0m
[2] Anger Point raises Attack stage to maximum after receiving a critical hit: [32mPASS[0m
[2] TODO: Anticipation causes notifies if an opponent has a super-effective move: [33mTO_DO[0m
[2] TODO: Anticipation considers Gravity into their effectiveness (Gen4): [33mTO_DO[0m
[2] TODO: Anticipation considers Flying Press as an ordinary Fighting-type move: [33mTO_DO[0m
[2] TODO: Anticipation does not consider ate-abilities: [33mTO_DO[0m
[2] TODO: Arena Trap prevents switch outs from Ghost-type Pokémon (Gen3-5): [33mTO_DO[0m
[2] TODO: Aroma Veil protects the Pokémon's side from Heal Block: [33mTO_DO[0m
[3] Corrosion can poison or badly poison a Steel type with a status poison effect: [32mPASS[0m
[7] Contrary raises Attack when Intimidated in a single battle: [32mPASS[0m
[2] Bad Dreams activates for both sleeping pokemon on the player side: [32mPASS[0m
[6] Corrosion cannot bypass abilities that prevent poisoning such as Immunity: [32mPASS[0m
[4] Curious Medicine resets ally's stat stages upon entering battle: [32mPASS[0m
[3] Corrosion's effect is lost if the move used by the Pokémon with the ability is reflected by Magic Coat: [32mPASS[0m
[7] Contrary raises a stat after using a move which would normally lower it: Growl 2/2: [31mFAIL[0m
[6] Cotton Down drops speed by one for each multi hit: [32mPASS[0m
[0] Berserk activates only if the target had more than 50% of its hp: [32mPASS[0m
[2] Beads of Ruin reduces Sp. Def if opposing mon's ability doesn't match: [32mPASS[0m
[1] Aerilate can not turn certain moves into Flying type moves: [32mPASS[0m
[1] TODO: Anticipation does not consider Strong Winds on type matchups: [33mTO_DO[0m
[1] TODO: Arena Trap doesn't prevent switch outs via Smoke Ball: [33mTO_DO[0m
[1] TODO: Aroma Veil protects the Pokémon's side from Cursed Body: [33mTO_DO[0m
[4] Damp prevents damage from Aftermath: [32mPASS[0m
[3] Cud Chew will activate Oran Berry effect again on the next turn: [32mPASS[0m
[2] Berserk raises Sp.Atk by 1: [32mPASS[0m
[2] TODO: Chlorophyll doubles speed if it's sunny: [33mTO_DO[0m
[2] TODO: Chlorophyll doesn't double speed if they have an Utility Umbrella: [33mTO_DO[0m
[1] Bad Dreams does not activate if only the partner Pokemon is sleeping: [32mPASS[0m
[4] Dancer can copy Teeter Dance: [32mPASS[0m
[7] Corrosion can poison Poison- and Steel-type targets if it uses Fling while holding a Toxic Orb or a Poison Barb: [32mPASS[0m
[6] Cute Charm inflicts infatuation on contact: [32mPASS[0m
[6] Dancer can copy a dance move immediately after it was used and allow the user of Dancer to still use its move: [32mPASS[0m
[4] Dancer still triggers if another dancer flinches: [32mPASS[0m
[4] Dauntless Shield raises Defense by one stage: [33mASSUMPTION_FAIL[0m
[7] Costar copies an ally's stat stages upon entering battle: [32mPASS[0m
[0] Clear Body, Full Metal Body, and White Smoke don't prevent Spectral Thief from resetting positive stat changes: [32mPASS[0m
[0] TODO: Cloud Nine/Air Lock prevent basic weather effects, but without them disappearing - Hail: [33mTO_DO[0m
[0] TODO: Cloud Nine/Air Lock prevent basic weather effects, but without them disappearing - Strong Winds: [33mTO_DO[0m
[5] Defiant sharply raises opponent's Attack after Intimidate: [32mPASS[0m
[0] Color Change changes the user to Electric type if hit by a move while the opponent is under the effect of Electrify: [32mPASS[0m
[6] Dancer triggers from slowest to fastest: [32mPASS[0m
[5] Disguised Mimikyu takes damage from secondary damage without breaking the disguise: [32mPASS[0m
[7] Cotton Down drops speed by one of all other battlers on the field: [32mPASS[0m
[3] Damp prevents explosion-like moves from enemies in a double battle: [32mPASS[0m
[2] Clear Body, Full Metal Body, and White Smoke don't prevent Speed reduction from Iron Ball: [32mPASS[0m
[2] TODO: Cloud Nine/Air Lock prevent basic weather effects, but without them disappearing - Snow: [33mTO_DO[0m
[0] Comatose may be suppressed if pokemon transformed into a pokemon with Comatose ability and was under the effects of Gastro Acid 1/4: [31mFAIL[0m
[7] Cute Charm cannot infatuate same gender: [32mPASS[0m
[6] Dancer doesn't trigger on a snatched move: [32mPASS[0m
[6] Dauntless Shield activates when it's no longer effected by Neutralizing Gas: [33mASSUMPTION_FAIL[0m
[2] Color Change changes the type of a Pokemon being hit by a move if the type of the move and the Pokemon are different: [32mPASS[0m
[5] Download raises Attack if player has lower Def than Sp. Def: [32mPASS[0m
[5] TODO: Drought sets up permanent sun (Gen3-5): [33mTO_DO[0m
[3] Dancer doesn't call a move that didn't execute due to Powder: [32mPASS[0m
[1] Battle Bond transforms player's Greninja when fainting its Ally: [32mPASS[0m
[6] Defiant activates after Sticky Web lowers Speed: [32mPASS[0m
[2] Color Change changes the type when a Pokemon is hit by Future Sight: [31mERROR[0m
[5] Dry Skin heals 25% when hit by water type moves: [32mPASS[0m
[0] Commander Tatsugiri does not attack if Dondozo faints the same turn it's switched in: [32mPASS[0m
[3] Defeatist halves Special Attack when HP <= 50%: [32mPASS[0m
[5] Earth Eater does not activate if protected: [32mPASS[0m
[6] Defiant doesn't activate after Sticky Web lowers Speed if Court Changed: [32mPASS[0m
[2] Commander will activate once Dondozo switches in: [32mPASS[0m
[7] Damp prevents explosion-like moves from self: [32mPASS[0m
[3] Defiant is activated by Cotton Down for non-ally pokemon: [32mPASS[0m
[6] Defiant activates before White Herb: [32mPASS[0m
[4] Defiant sharply raises player's Attack after Intimidate: [32mPASS[0m
[3] Desolate Land blocks damaging Water-type moves and prints the message only once with moves hitting multiple targets: [31mFAIL[0m
[2] Commander Tatsugiri will still take poison damage if while inside Dondozo: [32mPASS[0m
[6] Disguised Mimikyu takes damage from Rocky Helmet without breaking the disguise: [32mPASS[0m
[4] Disguised Mimikyu's Air Balloon will pop upon changing to its busted form: [32mPASS[0m
[3] Disguised Mimikyu takes no damage from a confusion hit and changes to its busted form: [32mPASS[0m
[4] Disguised Mimikyu blocks a move after getting Gastro Acid Batton Passed: [31mFAIL[0m
[2] Commander prevents Red Card from working while Commander is active: [32mPASS[0m
[7] Dazzling, Queenly Majesty and Armor Tail protect the user from priority moves: [32mPASS[0m
[3] Disguised Mimikyu's types revert back to Ghost/Fairy when Disguise is broken: [32mPASS[0m
[6] Download raises Sp.Attack if enemy has lower Sp. Def than Def: [32mPASS[0m
[7] Defiant activates for each stat that is lowered: [32mPASS[0m
[0] Contrary raises Attack when Intimidated in a double battle: [32mPASS[0m
[4] Drizzle summons rain: [32mPASS[0m
[6] Dry Skin causes 1/8th Max HP damage in Sun: [32mPASS[0m
[7] Desolate Land does not block a move if pokemon is asleep and uses a Water-type move: [32mPASS[0m
[0] If a Poison- or Steel-type Pokémon with Corrosion holds a Toxic Orb, it will badly poison itself: [32mPASS[0m
[2] Commander doesn't prevent Imposter from working on a Commander Tatsugiri: [32mPASS[0m
[6] Dry Skin does not activate if protected: [32mPASS[0m
[7] Disguised Mimikyu takes damage from Rough Skin without breaking the disguise: [32mPASS[0m
[6] Earth Eater activates on status moves: [32mPASS[0m
[4] Dry Skin increases damage taken from Fire-type moves by 25%: [32mPASS[0m
[0] Corrosion allows the Pokémon with the ability to poison a Steel or Poison-type opponent by using Magic Coat: [32mPASS[0m
[2] Commander Tatsugiri does not get hit by Dragon Darts when a commanded Dondozo faints: [32mPASS[0m
[3] Dragon's Maw increases Dragon-type move damage: [32mPASS[0m
[0] Cotton Down correctly gets blocked by stat reduction preventing abilities: [32mPASS[0m
[6] Electromorphosis sets up Charge when hit by any move: [32mPASS[0m
[3] Emergency Exit switches out when taking 50% max-hp damage: [32mPASS[0m
[7] Download doesn't activate if target hasn't been sent out yet 2/2: [31mFAIL[0m
[7] TODO: Dry Skin doesn't get damaged in Sun if Cloud Nine/Air Lock is on the field: [33mTO_DO[0m
[6] Emergency Exit does not switch out when going below 50% max-HP but healed via held item back above the threshold: [32mPASS[0m
[2] Contrary raises stats after using a move which would normally lower them: Overheat: [32mPASS[0m
[7] Dry Skin is only triggered once on multi strike moves: [32mPASS[0m
[3] Flame Body triggers 30% of the time: [32mPASS[0m
[0] Cute Charm triggers 30% of the time: [32mPASS[0m
[6] Flower Gift transforms Cherrim back to normal when weather changes: [32mPASS[0m
[0] Dancer doesn't trigger if the original user flinches: [32mPASS[0m
[7] Effect Spore only inflicts status on contact: [32mPASS[0m
[2] Contrary lowers a stat after using a move which would normally raise it: Belly Drum: [32mPASS[0m
[7] Embody Aspect activates when it's no longer effected by Neutralizing Gas: [32mPASS[0m
[0] Dancer triggers on Instructed dance moves: [32mPASS[0m
[2] If a Poison- or Steel-type Pokémon with Corrosion poisons a target with Synchronize, Synchronize will not poison Poison- or Steel-type Pokémon: [32mPASS[0m
[2] TODO: Costar's message displays correctly after all battlers fainted - Player: [33mTO_DO[0m
[7] Emergency Exit switches out when going below 50% max-HP but healing via held item is not enough to go back above the threshold: [32mPASS[0m
[3] Forecast transforms Castform in weather from an opponent's move: [32mPASS[0m
[6] Flower Gift increases the Sp. Def of Cherrim and its allies by 1.5x: [32mPASS[0m
[2] Cud Chew will activate Kee Berry effect again on the next turn: [32mPASS[0m
[7] Flower Gift transforms Cherrim back to normal when its ability is suppressed: [32mPASS[0m
[3] Forecast transforms Castform when weather changes: [32mPASS[0m
[3] Frisk triggers in a Single Battle: [32mPASS[0m
[7] Flower Gift transforms Cherrim back when it switches out: [32mPASS[0m
[0] Dazzling, Queenly Majesty and Armor Tail protect users partner from priority moves: [32mPASS[0m
[3] Galvanize turns a normal type move into Electric: [32mPASS[0m
[3] TODO: Galvanize boosts power of affected moves by 20% (Gen7+): [33mTO_DO[0m
[3] Good as Gold doesn't protect from moves that target the field: [32mPASS[0m
[7] Fluffy halves damage taken from moves that make direct contact: [32mPASS[0m
[2] Damp prevents explosion-like moves from enemies: [32mPASS[0m
[3] (Gulp Missile) If base Cramorant hits target with Surf it transforms into Gulping form if max HP is over 1/2: [32mPASS[0m
[3] (Gulp Missile) Power Herb does not prevent Cramaront from transforming: [32mPASS[0m
[2] Dancer-called move doesn't update move to be Instructed: [32mPASS[0m
[0] Defiant doesn't activate if the pokemon lowers it's own stats: [32mPASS[0m
[0] TODO: Drought sets up sun for 5 turns (Gen6+): [33mTO_DO[0m
[3] Harvest always restores a Berry in Sunlight: [32mPASS[0m
[0] Dry Skin heals 1/8th Max HP in Rain: [32mPASS[0m
[3] Harvest doesn't restore a Berry when transfered to another Pokémon: [32mPASS[0m
[6] Forecast transforms all Castforms present in weather: [32mPASS[0m
[2] Defeatist halves Attack when HP <= 50%: [32mPASS[0m
[7] Forecast transforms Castform in weather from an ability: [32mPASS[0m
[3] Healer cures status condition before burn or poison damage is dealt: [33mKNOWN_FAILING[0m
[6] Forecast transforms Castform back when it uses a move that forces it to switch out: [32mPASS[0m
[6] Gale Wings only grants priority at full HP: [33mASSUMPTION_FAIL[0m
[2] Defiant correctly activates after Sticky Web lowers Speed if Court Changed: [32mPASS[0m
[0] Dry Skin prevents Absorb Bulb and Luminous Moss from activating: [32mPASS[0m
[2] Desolate Land blocks damaging Water-type moves: [31mFAIL[0m
[6] Good as Gold protects from status moves: [32mPASS[0m
[3] Intimidate can not further lower opponents Atk stat if it is at minimum stages: [32mPASS[0m
[3] Intrepid Sword raises Attack by one stage only once per battle: [33mASSUMPTION_FAIL[0m
[3] Keen Eye, Gen9+ Illuminate & Minds Eye are ignored by Mold Breaker abilities: [33mASSUMPTION_FAIL[0m
[3] TODO: Parental Bond tests: [33mTO_DO[0m
[2] Disguised Mimikyu will lose 1/8 of its max HP upon changing to its busted form: [31mFAIL[0m
[7] Forecast transforms Castform when Cloud Nine ability user leaves the field: [32mPASS[0m
[3] Pastel Veil prevents Toxic bad poison on partner: [32mPASS[0m
[2] Disguised Mimikyu is ignored by Mold Breaker: [32mPASS[0m
[3] Pickup doesn't grant another Pokémon's popped Air Balloon: [32mPASS[0m
[0] Embody Aspect raises a stat depending on the users form by one stage: [32mPASS[0m
[7] Galvanize can not turn certain moves into Electric type moves: [32mPASS[0m
[3] Pickup restores an item that has been Flinged: [32mPASS[0m
[3] TODO: Pixilate boosts power of affected moves by 30% (Gen6): [33mTO_DO[0m
[6] Grim Neigh does not trigger if Pokemon faint to indirect damage or damage from other Pokemon: [32mPASS[0m
[7] (Gulp Missile) If base Cramorant is under water it transforms into one of its forms: [32mPASS[0m
[2] Download raises Sp.Attack if enemies have lower total Sp. Def than Def: [32mPASS[0m
[2] TODO: Dry Skin doesn't heal in Rain if Cloud Nine/Air Lock is on the field: [33mTO_DO[0m
[0] Flower Gift transforms Cherrim back when it uses a move that forces it to switch out: [32mPASS[0m
[3] Poison Heal heals from Toxic Poison damage are constant: [32mPASS[0m
[6] (Gulp Missile) triggers even if the user is fainted by opposing mon: [32mPASS[0m
[2] Earth Eater heals 25% when hit by ground type moves: [32mPASS[0m
[0] Fluffy doubles damage taken from fire type moves: [32mPASS[0m
[3] Poison Puppeteer confuses target if it was (badly) poisoned by a status move: [32mPASS[0m
[6] Harvest restores a Berry consumed by Fling: [32mPASS[0m
[6] TODO: Harvest only works once per turn: [33mTO_DO[0m
[7] (Gulp Missile) Transformed Cramorant Gulping lowers defense but is prevented by stat reduction preventing abilities 3/3: [31mFAIL[0m
[3] Prankster increases the priority of moves by 1: [32mPASS[0m
[0] Forecast transforms Castform in primal weather 1/2: [31mFAIL[0m
[6] Harvest doesn't restore a Berry when eaten by Bug Bite/Pluck: [32mPASS[0m
[3] Prankster-affected moves that are bounced back by Magic Bounce can affect Dark-type Pokémon: [32mPASS[0m
[7] Harvest doesn't restore a Berry that's collected via Pickup: [32mPASS[0m
[6] Hunger Switch switches Morpeko's forms at the end of the turn: [32mPASS[0m
[3] Pressure's effect applies to Spikes, Stealth Rock and Toxic Spikes: [32mPASS[0m
[7] Harvest can only restore the newest berry consumed that was transferred from another Pokémon instead of its original Berry: [32mPASS[0m
[6] Hyper Cutter doesn't prevent Topsy-Turvy: [32mPASS[0m
[0] Forecast transforms Castform back to normal under Cloud Nine/Air Lock: [32mPASS[0m
[0] Gale Wings only grants priority to Flying-type moves: [33mASSUMPTION_FAIL[0m
[0] Good as Gold doesn't protect the user from it's own moves: [32mPASS[0m
[3] Protosynthesis ability pop up activates only once during the duration of sunny day: [32mPASS[0m
[6] Ice Body doesn't recover HP if Cloud Nine/Air Lock is on the field: [32mPASS[0m
[7] Hospitality user restores 25% of ally's health: [32mPASS[0m
[7] Hyper Cutter prevents Attack stage reduction from moves: [32mPASS[0m
[3] Protosynthesis doesn't activate for a transformed battler: [32mPASS[0m
[0] Grim Neigh does not increase damage done by the same move that causes another Pokemon to faint: [33mKNOWN_FAILING[0m
[7] Hyper Cutter doesn't prevent Spectral Thief from resetting positive Attack stage changes: [32mPASS[0m
[3] Purifying Salt user can't be poisoned by Toxic Spikes: [32mPASS[0m
[7] Ice Face blocks physical moves, changing Eiscue into its Noice Face form: [32mPASS[0m
[0] (Gulp Missile) Transformed Cramorant Gulping lowers defense and still triggers other effects after: [32mPASS[0m
[6] Ice Face is not restored if hail or snow and Eiscue are already out: [32mPASS[0m
[3] Quark Drive ability pop up activates only once during the duration of electric terrain: [32mPASS[0m
[0] Harvest doesn't restore a Berry when destroyed by Incinerate: [32mPASS[0m
[6] Innards Out does not damage Magic Guard Pokemon: [32mPASS[0m
[3] Quark Drive boosts Special Defense 4th in case of a stat tie: [32mPASS[0m
[6] Insomnia prevents sleep: [32mPASS[0m
[0] Hospitality user restores 25% of ally's health on switch-in: [32mPASS[0m
[3] Rain Dish doesn't recover HP if Cloud Nine/Air Lock is on the field: [32mPASS[0m
[7] Ice Face is restored if Noice Face Eiscue is sent in while hail or snow is active: [32mPASS[0m
[3] Refrigerate turns a Normal-type move into a Ice-type move: [32mPASS[0m
[3] TODO: Refrigerate overrides Electrify (Gen6-7): [33mTO_DO[0m
[3] TODO: Sand Force prevents damage from sandstorm: [33mTO_DO[0m
[3] TODO: Sand Force increases move power if Cloud Nine/Air Lock is on the field: [33mTO_DO[0m
[3] TODO: Sand Rush doesn't double speed if Cloud Nine/Air Lock is on the field: [33mTO_DO[0m
[3] TODO: Sand Veil doesn't prevent Sandstorm damage if Cloud Nine/Air Lock is on the field: [33mTO_DO[0m
[0] Hydration cures non-volatile Status conditions if it is raining: [32mPASS[0m
[7] Immunity prevents Toxic bad poison: [32mPASS[0m
[7] Inner Focus prevents intimidate: [33mASSUMPTION_FAIL[0m
[3] Sap Sipper blocks multi-hit grass type moves: [32mPASS[0m
[0] Hyper Cutter doesn't prevent Attack reduction from burn: [32mPASS[0m
[7] Insomnia prevents yawn: [32mPASS[0m
[6] Intimidate (opponent) lowers player's attack after KO: [32mPASS[0m
[0] Hyper Cutter doesn't prevent receiving negative Attack stage changes from Baton Pass: [31mFAIL[0m
[3] Scrappy doesn't bypass a Ghost-type's Wonder Guard: [32mPASS[0m
[0] Ice Face does not block special moves, Eiscue stays in Ice Face form: [32mPASS[0m
[3] Sheer Force doesn't boost Present: [32mPASS[0m
[7] Intimidate doesn't activate on an empty field in a double battle: [32mPASS[0m
[6] Intimidate activates when it's no longer affected by Neutralizing Gas - switching moves: [32mPASS[0m
[6] Keen Eye & Gen9+ Illuminate don't prevent Spectral Thief from resetting positive accuracy stage changes: [33mASSUMPTION_FAIL[0m
[6] TODO: Leaf Guard doesn't prevent status conditions from Flame Orb and Toxic Orb if Cloud Nine/Air Lock is on the field: [33mTO_DO[0m
[3] Sheer Force doesn't boost Dragon Energy: [32mPASS[0m
[0] Ice Face is not restored if Eiscue changes into Noice Face form while there's already hail or snow: [32mPASS[0m
[6] Lightning Rod absorbs Electric-type moves and increases the Sp. Attack [Gen5+]: [32mPASS[0m
[7] Intimidate activates on an empty slot: [32mPASS[0m
[0] Immunity prevents Toxic Spikes poison: [32mPASS[0m
[3] Sheer Force doesn't boost Aura Wheel: [32mPASS[0m
[6] Magic Bounce bounces back powder moves: [32mPASS[0m
[0] Inner Focus prevents flinching: [32mPASS[0m
[6] Magic Bounce bounced back status moves can not be bounced back by Magic Bounce: [32mPASS[0m
[0] Insomnia prevents rest: [32mPASS[0m
[0] Intimidate and Eject Button force the opponent to Attack: [31mFAIL[0m
[6] Mind's Eye doesn't bypass a Ghost-type's Wonder Guard: [32mPASS[0m
[1] Mold Breaker, Teravolt, and Turboblaze ignore Clear Body and White Smoke, but not Full Metal Body: [32mPASS[0m
[6] Mirror Armor doesn't lower the stat of the attacking Pokemon if it is already at -6: [32mPASS[0m
[7] Intimidate activates when it's no longer affected by Neutralizing Gas - opponent caused switches: [32mPASS[0m
[0] Intimidate activates immediately after the mon was switched in as long as one opposing mon is alive: [32mPASS[0m
[1] Ice Face is restored if hail or snow begins while Noice Face Eiscue is out 1/2: [31mERROR[0m
[0] Intimidate activates when it's no longer affected by Neutralizing Gas - fainted: [32mPASS[0m
[0] Keen Eye, Gen9+ Illuminate & Minds Eye prevent accuracy stage reduction from moves: [33mASSUMPTION_FAIL[0m
[0] Mirror Armor doesn't lower the stats of an attacking Pokemon with the Clear Body ability: [32mPASS[0m
[7] Leaf Guard prevents non-volatile status conditions in sun: [32mPASS[0m
[6] Moxie/Chilling Neigh does not trigger when already at maximum Attack stage: [32mPASS[0m
[7] Magic Guard prevents recoil damage to the user: [32mPASS[0m
[0] Mirror Armor lowers Speed of the partner Pokemon after Court Change was used by the opponent after it set up Sticky Web: [33mKNOWN_FAILING[0m
[6] Mycelium Might causes the user to move last in the priority bracket if it uses a status move: [32mPASS[0m
[1] Ice Scales halves the damage from special moves: [32mPASS[0m
[1] Intrepid Sword raises Attack by one stage: [33mASSUMPTION_FAIL[0m
[1] Keen Eye, Gen9+ Illuminate & Minds Eye ignore target's evasion stat: [33mASSUMPTION_FAIL[0m
[0] Moxie/Chilling Neigh does not increase damage done by the same move that causes another Pokemon to faint: [33mKNOWN_FAILING[0m
[1] Mirror Armor lowers the Attack of Pokemon with Intimidate: [32mPASS[0m
[6] Mycelium Might vs Stall action order depends on speed: [32mPASS[0m
[6] TODO: Normalize-affected moves become Electric-type under Ion Deluge's effect: [33mTO_DO[0m
[6] TODO: Normalize doesn't affect Terrain Pulse's type: [33mTO_DO[0m
[6] Oblivious prevents Intimidate: [33mASSUMPTION_FAIL[0m
[0] Mycelium Might will respect the speed if both battlers have the ability: [32mPASS[0m
[1] Mirror Armor reflects Tangling Hair speed drop: [32mPASS[0m
[6] Opportunist copies foe stat increase gained via Swagger and Flatter: [32mPASS[0m
[6] Opportunist copies the increase not the stages: [32mPASS[0m
[6] Overcoat blocks powder and spore moves: [32mPASS[0m
[6] Own Tempo prevents Intimidate but no other stat down changes: [33mASSUMPTION_FAIL[0m
[0] Neuroforce increases the strength of super-effective moves by 25%: [32mPASS[0m
[1] Mummy/Lingering Aroma replace the attacker's ability on contact: [32mPASS[0m
[1] TODO: Normalize tuns a move into a Normal-type move: [33mTO_DO[0m
[1] TODO: Normalize makes Flying Press do Normal/Flying damage: [33mTO_DO[0m
[1] TODO: Normalize doesn't affect Weather Ball's type: [33mTO_DO[0m
[6] Own Tempo cures confusion if it's obtained via Skill Swap: [32mPASS[0m
[1] Oblivious prevents Infatuation: [32mPASS[0m
[7] AI doesn't use accuracy-lowering moves if it knows that the foe has Mind's Eye: [32mPASS[0m
[7] TODO: Normalize affects status moves: [33mTO_DO[0m
[7] TODO: Normalize doesn't affect Hidden Power's type: [33mTO_DO[0m
[7] TODO: Normalize doesn't affect damaging Z-Move types: [33mTO_DO[0m
[1] Opportunist does not accumulate opposing mon's stat changes: [32mPASS[0m
[6] Parental Bond-converted moves only hit once on Lightning Rod/Storm Drain mons: [32mPASS[0m
[1] Opportunist doesn't copy ally stat increases: [32mPASS[0m
[7] Opportunist only copies foe's positive stat changes in a turn: [32mPASS[0m
[6] Parental Bond Snore strikes twice while asleep: [31mFAIL[0m
[6] Pastel Veil prevents Poison Sting poison: [32mPASS[0m
[1] Opportunist and Mirror Herb stack stat increases: [32mPASS[0m
[1] TODO: Overcoat blocks damage from sandstorm: [33mTO_DO[0m
[7] Opportunist copies the stat increase from the incoming mon: [32mPASS[0m
[7] TODO: Overcoat blocks damage from hail: [33mTO_DO[0m
[1] Own Tempo is ignored by Mold Breaker: [33mKNOWN_FAILING[0m
[6] Pastel Veil cures partner's poison on initial switch in: [32mPASS[0m
[7] Own Tempo prevents confusion from moves by the opponent: [32mPASS[0m
[0] Opportunist raises Attack only once when partner has Intimidate against Contrary foe in a double battle: [32mPASS[0m
[7] Own Tempo prevents confusion from items: [32mPASS[0m
[1] Parental Bond does not convert a move with three or more strikes to a two-strike move: [32mPASS[0m
[6] Pickup doesn't grant an used item if holder is replaced: [32mPASS[0m
[0] Own Tempo prevents confusion from moves by the user: [32mPASS[0m
[0] Parental Bond converts Tackle into a two-strike move: [32mPASS[0m
[7] Parental Bond has no affect on multi hit moves and they still hit twice 35% of the time: [32mPASS[0m
[6] Pickup grants a random item used by another Pokémon: [32mPASS[0m
[1] Parental Bond has no affect on multi hit moves and they still hit four times 15% of the time: [32mPASS[0m
[7] Pastel Veil prevents Poison Sting poison on partner: [32mPASS[0m
[1] Pastel Veil does not cure Mold Breaker poison on partner: [32mPASS[0m
[1] Pickup grants an item used by itself in wild battles (Gen 9): [33mASSUMPTION_FAIL[0m
[6] Poison Touch only applies when using contact moves: [32mPASS[0m
[0] Parental Bond has no affect on multi hit moves and they still hit thrice 35% of the time: [32mPASS[0m
[7] Pastel Veil cures partner's poison on switch in: [32mPASS[0m
[1] Pickup doesn't grant an item if the user eats it with Bug Bite/Pluck: [32mPASS[0m
[1] TODO: Pixilate can not turn certain moves into Fairy type moves: [33mTO_DO[0m
[1] TODO: Pixilate doesn't override Electrify (Gen8+): [33mTO_DO[0m
[6] Prankster is blocked by Quick Guard in Gen5+: [32mPASS[0m
[6] TODO: Prankster increases the priority of Extreme Evoboost by 1: [33mTO_DO[0m
[7] Pickup doesn't grant an item if it destroyed the item with Incinerate: [32mPASS[0m
[0] Pastel Veil immediately cures Mold Breaker poison: [33mKNOWN_FAILING[0m
[6] Primordial Sea blocks damaging Fire-type moves and prints the message only once with moves hitting multiple targets: [31mFAIL[0m
[1] Poison Puppeteer confuses target if it was poisoned by a damaging move: [32mPASS[0m
[0] Pickup grants an item used by another Pokémon: [32mPASS[0m
[6] Protosynthesis boosts Defense 2nd in case of a stat tie: [32mPASS[0m
[0] Pickup doesn't grant an item if it knocked off that item: [32mPASS[0m
[7] Pickup doesn't trigger more than once per turn: [32mPASS[0m
[7] TODO: Pixilate overrides Electrify (Gen6-7): [33mTO_DO[0m
[1] Poison Touch applies between multi-hit move hits: [32mPASS[0m
[1] Prankster-affected moves called via Assist don't affect Dark-type Pokémon: [31mFAIL[0m
[0] Pixilate turns a Normal-type move into a Fairy-type move: [32mPASS[0m
[0] TODO: Pixilate overrides Ion Deluge (Gen6-7): [33mTO_DO[0m
[6] Purifying Salt halves damage from Ghost-type moves: [32mPASS[0m
[1] Prankster-affected moves which are reflected by Magic Coat can affect Dark-type Pokémon, unless the Pokémon that bounced the move also has Prankster 1/2: [31mFAIL[0m
[7] Poison Point inflicts poison on contact: [32mPASS[0m
[1] Protosynthesis boosts the highest stat: [32mPASS[0m
[6] Quark Drive boosts Attack 1st in case of a stat tie: [32mPASS[0m
[0] Poison Point triggers 30% of the time: [32mPASS[0m
[7] Prankster-affected moves affect Ally Dark-type Pokémon: [32mPASS[0m
[1] Protosynthesis activates in Sun before Booster Energy: [32mPASS[0m
[0] Prankster-affected moves can still be bounced back by Dark-types using Magic Coat: [32mPASS[0m
[6] Quick Draw has a 30% chance of going first: [32mPASS[0m
[7] Prankster-affected moves that target all Pokémon are successful regardless of the presence of Dark-type Pokémon: [32mPASS[0m
[0] Pressure's effect stacks with multiple Pokémon: [32mPASS[0m
[0] Protean changes the type of the user only once per switch in: [33mASSUMPTION_FAIL[0m
[7] Pressure causes opponent's moves to use up 1 additional PP: [32mPASS[0m
[0] Protosynthesis boosts Special Defense 4th in case of a stat tie: [32mPASS[0m
[7] Primordial Sea does not block a move if pokemon is asleep and uses a Fire-type move: [32mPASS[0m
[5] Effect Spore causes sleep 11% of the time: [32mPASS[0m
[5] TODO: Flower Gift doesn't transform Cherrim if Cloud Nine/Air Lock is on the field: [33mTO_DO[0m
[0] Purifying Salt makes Rest fail: [32mPASS[0m
[7] Protosynthesis boosts Special Attack 3rd in case of a stat tie: [32mPASS[0m
[6] Rivalry increases power by x1.25 towards Pokémon of the same gender: [32mPASS[0m
[1] Purifying Salt grants immunity to status effects: [32mPASS[0m
[1] TODO: Refrigerate boosts power of affected moves by 30% (Gen6): [33mTO_DO[0m
[6] Sap Sipper negates damage from Grass-type moves: [32mPASS[0m
[7] Purifying Salt halves damage from dynamic Ghost-type moves: [32mPASS[0m
[5] Flower Gift increases the attack of Cherrim and its allies by 1.5x: [32mPASS[0m
[7] Quark Drive boosts Defense 2nd in case of a stat tie: [32mPASS[0m
[1] Rivalry doesn't modify power if the target is genderless: [32mPASS[0m
[6] Schooling switches Level 20+ Wishiwashi's form when HP is over 25-percent before the first turn: [32mPASS[0m
[7] Quick Draw does not activate 70% of the time: [32mPASS[0m
[0] Quark Drive boosts either Attack or Special Attack, not both: [32mPASS[0m
[0] TODO: Refrigerate boosts power of affected moves by 20% (Gen7+): [33mTO_DO[0m
[0] Rivalry doesn't modify power if the attacker is genderless: [33mASSUMPTION_FAIL[0m
[1] Sap Sipper does not increase Attack if already maxed: [32mPASS[0m
[0] Sap Sipper increases Attack by one stage when hit by a Grass-type move: [32mPASS[0m
[0] Scrappy prevents intimidate: [33mASSUMPTION_FAIL[0m
[6] Sheer Force doesn't boost Round: [32mPASS[0m
[1] Scrappy allows to hit Ghost-type Pokémon with Normal- and Fighting-type moves: [32mPASS[0m
[4] Effect Spore causes paralysis 10% of the time: [32mPASS[0m
[7] Rivalry decreases power by x0.75 towards Pokémon of different gender: [32mPASS[0m
[6] Sheer Force doesn't boost Double Shock: [32mPASS[0m
[4] Flower Gift transforms Cherrim in harsh sunlight: [32mPASS[0m
[5] Forecast transforms Castform in weather from a partner's move: [32mPASS[0m
[1] Sheer Force doesn't boost Water Spout: [32mPASS[0m
[7] Sap Sipper negates effects from Grass-type moves: [32mPASS[0m
[5] Forecast transforms Castform back when it switches out: [32mPASS[0m
[6] Sheer Force doesn't boost Comeuppance: [32mPASS[0m
[1] Sheer Force doesn't boost Electro Ball: [32mPASS[0m
[7] Schooling switches Level 20+ Wishiwashi's form when HP is healed above 25-percent: [32mPASS[0m
[4] Flower Gift transforms Cherrim back to normal under Cloud Nine/Air Lock: [32mPASS[0m
[1] Sheer Force doesn't boost Synchronoise: [32mPASS[0m
[7] Sheer Force doesn't boost Eruption: [32mPASS[0m
[5] Frisk triggers for opponent in a Double Battle after switching-in after fainting: [32mPASS[0m
[5] TODO: (DYNAMAX) Galvanize turns Max Strike into Max Lightning when not used by Gigantamax Pikachu/Toxtricity: [33mTO_DO[0m
[6] Shield Dust does not block primary effects: [32mPASS[0m
[7] Sheer Force doesn't boost Gyro Ball: [32mPASS[0m
[6] Shield Dust does or does not block Sparkling Aria depending on number of targets hit: [33mKNOWN_FAILING[0m
[7] Sheer Force doesn't boost Steel Roller: [32mPASS[0m
[4] Forecast transforms Castform in weather from its own move: [32mPASS[0m
[6] Minior Meteor transforms into Minior Core on switch-in if it has 1/2 or less health: [32mPASS[0m
[6] TODO: Slush Rush doubles speed from snow: [33mTO_DO[0m
[4] Forecast transforms Castform back to normal when its ability is suppressed: [32mPASS[0m
[7] Sheer Force doesn't boost Comeuppance: [32mPASS[0m
[5] Grim Neigh raises Sp. Attack by one stage after directly causing a Pokemon to faint: [32mPASS[0m
[5] (Gulp Missile) Cramorant in Gorging paralyzes the target if hit by a damaging move: [32mPASS[0m
[6] Snow Cloak increases evasion during hail: [32mPASS[0m
[6] TODO: Solar Power doesn't cause the Pokémon to lose 1/8 max HP if Cloud Nine/Air Lock is on the field: [33mTO_DO[0m
[7] Shield Dust does not block self-targeting effects, primary or secondary 2/4: [31mFAIL[0m
[7] Shield Dust blocks Sparkling Aria in singles: [33mKNOWN_FAILING[0m
[4] Frisk triggers for player in a Double Battle after switching-in after fainting: [32mPASS[0m
[4] TODO: Galvanize boosts power of affected moves by 30% (Gen6): [33mTO_DO[0m
[5] Harvest restores a Berry even after being switched out and back in: [32mPASS[0m
[7] Shield Dust does not prevent ability stat changes: [32mPASS[0m
[5] Harvest restores a Berry consumed by Natural Gift: [32mPASS[0m
[4] Good as Gold protects from partner's status moves: [32mPASS[0m
[6] Stamina raises Defense by 1 when hit by a move: [32mPASS[0m
[4] (Gulp Missile) If base Cramorant hits target with Surf it transforms into Gorging form if max HP is under 1/2: [32mPASS[0m
[7] Minior Core transforms into Minior Meteor on switch-in if it more then 1/2 health: [32mPASS[0m
[7] TODO: Slush Rush doesn't double speed if Cloud Nine/Air Lock is on the field: [33mTO_DO[0m
[7] TODO: Snow Cloak doesn't prevent hail damage if Cloud Nine/Air Lock is on the field: [33mTO_DO[0m
[5] Harvest doesn't restore a Berry when knocked off by Knock Off: [32mPASS[0m
[6] Stance Change changes Aegislash from Blade to Shield when using King's Shield: [32mPASS[0m
[4] (Gulp Missile) Transformed Cramorant deal 1/4 of damage opposing mon if hit by a damaging move, Gulping also lowers defense: [32mPASS[0m
[7] Snow Warning summons hail: [32mPASS[0m
[7] TODO: Solar Power doesn't increases a Sp. Attack if Cloud Nine/Air Lock is on the field: [33mTO_DO[0m
[5] Hospitality does not trigger if there is no ally on the field: [32mPASS[0m
[7] Speed Boost gradually boosts Speed: [32mPASS[0m
[6] Static triggers 30% of the time: [32mPASS[0m
[5] Hyper Cutter prevents intimidate: [32mPASS[0m
[4] Harvest doesn't always restore a Berry if Cloud Nine/Air Lock is on the field: [32mPASS[0m
[6] Stench only triggers if target takes damage: [32mPASS[0m
[5] Hyper Cutter doesn't prevent Attack stage reduction from moves used by the user: [32mPASS[0m
[4] Harvest can restore a Berry that was transferred from another Pokémon: [32mPASS[0m
[4] TODO: Healer has a 30% chance of curing each of its ally's status conditions independently: [33mTO_DO[0m
[6] Stench doesn't trigger if partner uses a move: [32mPASS[0m
[6] Storm Drain absorbs Water-type moves and increases the Sp. Attack [Gen5+]: [32mPASS[0m
[5] Ice Body recovers 1/16th of Max HP in hail.: [32mPASS[0m
[4] Hospitality ignores Substitute: [32mPASS[0m
[4] TODO: Hydration doesn't cure status conditions if Cloud Nine/Air Lock is on the field: [33mTO_DO[0m
[7] Stamina activates correctly for every battler with the ability when hit by a multi target move: [32mPASS[0m
[7] TODO: Stance Change doesn't change Aegislash to Shield if King's Shield is called by a different move - Me First: [33mTO_DO[0m
[6] Sturdy prevents OHKOs: [32mPASS[0m
[4] Hyper Cutter is ignored by Mold Breaker: [32mPASS[0m
[5] Ice Face doesn't transform Eiscue if Cloud Nine/Air Lock is on the field: [32mPASS[0m
[6] Supersweet Syrup can not further lower opponents evasion if it is at minimum stages: [31mERROR[0m
[5] Immunity prevents Poison Sting poison: [32mPASS[0m
[7] Steam Engine raises speed when hit by a Fire or Water move: [32mPASS[0m
[4] Ice Body prevents damage from hail: [32mPASS[0m
[5] Innards Out does not trigger after Gastro Acid has been used: [32mPASS[0m
[6] Supreme Overlord's message displays correctly after all battlers fainted - Player: [32mPASS[0m
[7] Stench does not stack with King's Rock: [32mPASS[0m
[5] Inner Focus is ignored by Mold Breaker: [32mPASS[0m
[4] Ice Face form change persists after switching out: [32mPASS[0m
[6] Supreme Overlord's message displays correctly after all battlers fainted - Opponent: [32mPASS[0m
[6] TODO: Swift Swim doesn't double speed if they have an Utility Umbrella: [33mTO_DO[0m
[7] Storm Drain forces single-target Water-type moves to target the Pokémon with this Ability.: [32mPASS[0m
[2] Effect Spore causes poison 9% of the time: [32mPASS[0m
[7] Sturdy does not prevent non-OHKOs: [32mPASS[0m
[5] Intimidate (opponent) lowers player's attack after switch out: [32mPASS[0m
[4] Illusion can only imitate Normal Form terapagos: [32mPASS[0m
[2] Flame Body inflicts burn on contact: [32mPASS[0m
[2] TODO: Flower Gift does not transform Cherrim back to normal when suppressed if Cherrim is Dynamaxed: [33mTO_DO[0m
[5] Intimidate activates when it's no longer effected by Neutralizing Gas - switching out: [32mPASS[0m
[5] Intrepid Sword and Dauntless Shield both can be Skill Swapped and active their effects on the Skill Swap user: [33mASSUMPTION_FAIL[0m
[5] Keen Eye, Gen9+ Illuminate & Minds Eye don't prevent receiving negative Attack stage changes from Baton Pass: [33mASSUMPTION_FAIL[0m
[6] Switch-in abilities trigger in Speed Order after post-KO switch - Single Battle: [32mPASS[0m
[2] Fluffy does not alter damage of fire-type moves that make direct contact: [32mPASS[0m
[5] Leaf Guard prevents status conditions from Flame Orb and Toxic Orb: [32mPASS[0m
[6] Sword of Ruin's message displays correctly after all battlers fainted - Player: [32mPASS[0m
[5] Magic Bounce bounces back status moves: [32mPASS[0m
[7] Supreme Overlord boosts Attack by an additive 10% per fainted mon on its side upon switch in: [32mPASS[0m
[2] Forecast transforms Castform back to normal when weather expires: [32mPASS[0m
[4] Innards Out deal dmg on fainting equal to the amount of dmg inflicted on the Innards Out mon: [32mPASS[0m
[6] Tablets of Ruin's message displays correctly after all battlers fainted - Player: [32mPASS[0m
[7] Swarm boosts Bug-type moves in a pinch: [32mPASS[0m
[2] Forecast transforms Castform back to normal when Sandstorm is active: [32mPASS[0m
[5] Magic Bounce bounces back moves hitting foes field: [32mPASS[0m
[6] Tangling Hair Speed stat drop triggers defiant and keeps original attacker/target: [32mPASS[0m
[5] Mirror Armor triggers even if the attacking Pokemon also has Mirror Armor ability: [32mPASS[0m
[4] Intimidate is not going to trigger if a mon switches out through u-turn and the opposing field is empty: [32mPASS[0m
[4] Intrepid Sword activates when it's no longer effected by Neutralizing Gas: [33mASSUMPTION_FAIL[0m
[4] Keen Eye, Gen9+ Illuminate & Minds Eye don't prevent Topsy-Turvy: [33mASSUMPTION_FAIL[0m
[4] TODO: Leaf Guard doesn't prevent non-volatile status conditions if Cloud Nine/Air Lock is on the field: [33mTO_DO[0m
[4] TODO: Leaf Guard doesn't prevent Rest if Cloud Nine/Air Lock is on the field: [33mTO_DO[0m
[2] Forecast transforms Castform on switch-in: [32mPASS[0m
[6] Tera Shell only makes the first hit of a double battle turn not very effective: [32mPASS[0m
[5] Mirror Armor raises the stat of an attacking Pokemon with Contrary: [32mPASS[0m
[4] Limber prevents paralysis: [32mPASS[0m
[2] Frisk does not trigger when pokemon hold no items: [32mPASS[0m
[2] Gale Wings doesn't increase priority of Flying-type Natural Gift, Judgment, Hidden Power, or Tera Blast: [33mASSUMPTION_FAIL[0m
[6] Tera Shift can't be suppressed by Neutralizing Gas: [32mPASS[0m
[0] Multi-target moves hit correct battlers after Seed Sower is triggered: [32mPASS[0m
[4] Magic Bounce bounces back moves hitting both foes at two foes: [32mPASS[0m
[6] Teraform Zero cannot be swapped: [32mPASS[0m
[0] Stalwart ignores redirection from Follow-Me: [32mPASS[0m
[0] Stamina activates for every hit of a multi hit move: [32mPASS[0m
[4] Mind's Eye allows to hit Ghost-type Pokémon with Normal- and Fighting-type moves: [32mPASS[0m
[2] Guard Dog raises Attack when intimidated: [32mPASS[0m
[6] Toxic Chain inflicts bad poison when attacking: [32mPASS[0m
[0] Stamina is not activated by users own Substitute: [32mPASS[0m
[4] Mirror Armor doesn't lower the stats of an attacking Pokemon behind Substitute: [33mKNOWN_FAILING[0m
[0] Stance Change doesn't change Aegislash to Shield if King's Shield is called by a different move - Sleep Talk: [33mKNOWN_FAILING[0m
[2] Harvest has a 50% chance to restore a Berry at the end of the turn: [32mPASS[0m
[6] Each hit of a Multi Hit move activates Toxic Debris: [32mPASS[0m
[5] Moxie/Chilling Neigh does not trigger if Pokemon faint to indirect damage or damage from other Pokemon: [32mPASS[0m
[0] Static inflicts paralysis on contact: [32mPASS[0m
[6] Trace copies opponents ability on switch-in: [32mPASS[0m
[2] Harvest order is affected by speed: [32mPASS[0m
[6] Trace copies opponent's Intimidate and triggers it immediately: [32mPASS[0m
[0] Stench has a 10% chance to flinch: [32mPASS[0m
[0] Sticky Hold prevents item theft: [32mPASS[0m
[0] Sturdy prevents OHKO moves: [32mPASS[0m
[6] Transistor boosts Electric type moves by 1.5 in Gen8 and 1.3 in Gen9+: [32mPASS[0m
[7] Switch-in abilities trigger in Speed Order after post-KO switch - Double Battle: [32mPASS[0m
[4] Moxie/Chilling Neigh raises Attack by one stage after directly causing a Pokemon to faint: [32mPASS[0m
[6] Vessel of Ruin reduces Sp. Atk if opposing mon's ability doesn't match: [32mPASS[0m
[0] Supersweet Syrup lowers evasion once per battle by one stage: [32mPASS[0m
[7] Tablets of Ruin's message displays correctly after all battlers fainted - Opponent: [32mPASS[0m
[6] Vessel of Ruin's message displays correctly after all battlers fainted - Opponent: [32mPASS[0m
[4] Mummy and Lingering Aroma don't replace each other: [32mPASS[0m
[4] TODO: Normalize-affected moves become Electric-type under Electrify's effect: [33mTO_DO[0m
[4] TODO: Normalize doesn't affect Judgment/Techno Blast/Multi-Attack's type: [33mTO_DO[0m
[6] Volt Absorb does not activate if protected: [32mPASS[0m
[7] Tera Shell makes all moves against Terapagos not very effective when at full HP: [32mPASS[0m
[4] Oblivious prevents Taunt: [32mPASS[0m
[4] Opportunist doesn't copy foe stat increases gained via Opportunist: [32mPASS[0m
[6] Volt Absorb does not stop Electric Typed Explosion from damaging other pokemon: [32mPASS[0m
[7] Teraform Zero clears weather and terrain upon activation: [32mPASS[0m
[6] Water Absorb activates on status moves: [32mPASS[0m
[6] Weak Armor does not trigger when brought in by Dragon Tail and taking Stealth Rock damage: [33mASSUMPTION_FAIL[0m
[6] Weak Armor still lowers Defense if Speed can't go any higher: [33mASSUMPTION_FAIL[0m
[7] Teraform Zero cannot be copied: [32mPASS[0m
[4] Opportunist copies the stat of each pokemon that were raised at the same time: [32mPASS[0m
[4] TODO: Orichalcum Pulse boosts the Pokémon's Attack by 33% in sun, even if it's holding an Utility Umbrella: [33mTO_DO[0m
[7] Toxic Chain inflicts bad poison on any hit of a multi-hit move: [32mPASS[0m
[4] Overgrow boosts Grass-type moves in a pinch: [32mPASS[0m
[6] Wind Power sets up Charge for opponent when hit by a wind move: [32mPASS[0m
[5] Mummy doesn't replace abilities that can't be suppressed: [32mPASS[0m
[6] Wind Rider raises Attack by one stage if it sets up Tailwind: [32mPASS[0m
[4] Parental Bond does not convert multi-target moves into a two-strike move in Double Battles, even if it only damages one: [32mPASS[0m
[7] Toxic Chain makes Lum/Pecha Berry trigger before being knocked off: [32mPASS[0m
[5] Pastel Veil prevents Toxic Spikes poison on partner: [32mPASS[0m
[6] Wind Rider raises Attack by one stage if Tailwind is setup by its partner: [32mPASS[0m
[7] Toxic Debris activates if user faints after physical hit: [32mPASS[0m
[6] Wind Rider absorbs Wind moves and raises Attack by one stage: [32mPASS[0m
[5] Pickup doesn't grant an item after its holder faints: [32mPASS[0m
[2] Healer cures adjacent ally's status condition 30% of the time: [32mPASS[0m
[7] Trace copies opponents ability on switch-in even if opponent switched in at the same time: [32mPASS[0m
[6] Zero to Hero transforms Palafin when it switches out: [32mPASS[0m
[0] Supreme Overlord's boost caps at a 1.5x multipler: [32mPASS[0m
[0] TODO: Swift Swim doubles speed if it's raining: [33mTO_DO[0m
[2] Leaf Guard prevents Rest during sun: [32mPASS[0m
[5] Pickup triggers based on Speed order: [32mPASS[0m
[5] TODO: (DYNAMAX) Pixilate doesn't turn Max Strike into Max Starfall when used by Gigantamax Alcremie, instead becoming G-Max Finale: [33mTO_DO[0m
[5] Poison Heal activates before Toxic Orb: [32mPASS[0m
[6] Zero to Hero can't be suppressed by Neutralizing Gas: [32mPASS[0m
[2] Lightning Rod forces single-target Electric-type moves to target the Pokémon with this Ability.: [32mPASS[0m
[7] Trace respects the turn order: [32mPASS[0m
[7] TODO: Unnerve prevents opposing Pokémon from eating their own berries: [33mTO_DO[0m
[7] TODO: Unnerve doesn't prevent opposing Pokémon from using Natural Gift: [33mTO_DO[0m
[1] Sheer Force only boosts the damage of moves it's supposed to boost 1 41/141: [31mFAIL[0m
[0] Switch-in abilities trigger in Speed Order at the battle's start - Single Battle: [32mPASS[0m
[2] Magic Bounce cannot bounce back powder moves against Grass Types: [32mPASS[0m
[5] Poison Touch has a 30% chance to poison when attacking with contact moves: [32mPASS[0m
[5] TODO: Prankster increases the priority of status Z-Moves by 1: [33mTO_DO[0m
[6] Transform doesn't apply the heroic transformation message when copying Palafin: [32mPASS[0m
[4] Parental Bond has no affect on multi hit moves and they still hit five times 15% of the time: [32mPASS[0m
[1] AI_FLAG_SMART_SWITCHING: AI will switch out if it has been infatuated: [32mPASS[0m
[5] Primordial Sea blocks damaging Fire-type moves: [31mFAIL[0m
[2] Magician does not get self-damage recoil after stealing Life Orb: [31mFAIL[0m
[7] Vessel of Ruin's message displays correctly after all battlers fainted - Player: [32mPASS[0m
[0] Sword of Ruin reduces Defense if opposing mon's ability doesn't match: [32mPASS[0m
[4] Pastel Veil prevents Toxic Spikes poison: [32mPASS[0m
[7] Volt Absorb heals 25% when hit by electric type moves: [32mPASS[0m
[5] Protosynthesis boosts Attack 1st in case of a stat tie: [32mPASS[0m
[6] Zero to Hero's message displays correctly after all battlers fainted - Opponent: [32mPASS[0m
[4] Pickup doesn't grant an item not used that turn: [32mPASS[0m
[0] Sword of Ruin's message displays correctly after all battlers fainted - Opponent: [32mPASS[0m
[7] Volt Absorb activates on status moves: [32mPASS[0m
[4] Pickup restores an item that was used by Natural Gift: [32mPASS[0m
[4] TODO: (DYNAMAX) Pixilate turns Max Strike into Max Starfall when not used by Gigantamax Alcremie: [33mTO_DO[0m
[7] Volt Absorb prevents Cell Battery from activating: [32mPASS[0m
[5] Protosynthesis doesn't activate if Cloud Nine/Air Lock is on the field: [32mPASS[0m
[1] AI_FLAG_SMART_SWITCHING: AI will switch out if it has been Yawn'd with more than 1/3 HP remaining (Doubles): [32mPASS[0m
[4] Poison Heal does not heal or cause damage when under Heal Block: [32mPASS[0m
[0] Tangling Hair drops opposing mon's speed if ability user got hit by a contact move: [32mPASS[0m
[7] Water Absorb is only triggered once on multi strike moves: [32mPASS[0m
[7] Weak Armor still lowers boosts Speed if Defense can't go any lower: [33mASSUMPTION_FAIL[0m
[7] Weak Armor doesn't interrupt multi hit moves if Defense can't go any lower: [33mASSUMPTION_FAIL[0m
[6] AI prefers Water Gun over Bubble if it knows that foe has Contrary: [32mPASS[0m
[5] Quark Drive activates on Electric Terrain even if not grounded: [32mPASS[0m
[4] Poison Puppeteer does not trigger if poison is Toxic Spikes induced: [32mPASS[0m
[0] Tera Shell only makes the first hit against Terapagos from a multi-target move not very effective: [32mPASS[0m
[4] Prankster-affected moves don't affect Dark-type Pokémon after they switch-in: [31mFAIL[0m
[2] Mirror Armor lowers a stat of the attacking pokemon: [32mPASS[0m
[5] Quark Drive doesn't activate for a transformed battler: [32mPASS[0m
[5] Rattled boosts speed by 1 when affected by Intimidate: [33mASSUMPTION_FAIL[0m
[5] TODO: Refrigerate can not turn certain moves into Ice type moves: [33mTO_DO[0m
[5] TODO: Refrigerate overrides Ion Deluge (Gen6-7): [33mTO_DO[0m
[5] TODO: Sand Force increases the power of Rock-, Ground- and Steel-type moves by 30% in sandstorm: [33mTO_DO[0m
[5] TODO: Sand Rush doubles speed from sandstorm: [33mTO_DO[0m
[1] AI_FLAG_SMART_SWITCHING: AI will switch out if opponent uses two-turn move and it has a switchin that wins 1v1: [32mPASS[0m
[6] AI prefers a weaker move over a one with a downside effect if both require the same number of hits to ko 2/2: [31mINVALID[0m
[2] Mycelium Might ignores opposing abilities: [32mPASS[0m
[2] TODO: Normalize boosts power of both affected and originally Normal-type moves by 20% (Gen7+): [33mTO_DO[0m
[2] TODO: Normalize still makes Freeze-Dry do super effective damage to Water-type Pokémon: [33mTO_DO[0m
[2] TODO: Normalize doesn't affect Natural Gift's type: [33mTO_DO[0m
[4] Moves called via Prankster-affected After you affect Dark-type Pokémon: [32mPASS[0m
[4] TODO: Prankster-affected moves called via Nature Power don't affect Dark-type Pokémon: [33mTO_DO[0m
[0] Teraform Zero can be supressed: [32mPASS[0m
[2] Oblivious prevents Captivate: [32mPASS[0m
[4] Pressure's effect doesn't apply to Sticky Web: [32mPASS[0m
[1] AI_FLAG_SMART_SWITCHING: AI will switch out if Encore'd into neutral move with good switchin 50% of the time: [33mKNOWN_FAILING[0m
[5] Sand Veil increases evasion during sandstorm: [32mPASS[0m
[2] Opportunist copies each stat increase individually from ability and move: [32mPASS[0m
[4] Protosynthesis activates on switch-in: [32mPASS[0m
[7] Wind Power activates correctly for every battler with the ability when hit by a 2/3 target move: [32mPASS[0m
[0] Teraform Zero shouldn't cause Neutralizing Gas to show it's popup when trying to activate: [33mKNOWN_FAILING[0m
[1] Xerneas changes into Active Form upon battle start: [32mPASS[0m
[5] Seed Sower sets up Grassy Terrain when hit by an attack: [32mPASS[0m
[4] Protosynthesis activates even if the Pokémon is holding an Utility Umbrella: [32mPASS[0m
[6] AI won't use Solar Beam if there is no Sun up or the user is not holding Power Herb: [32mPASS[0m
[7] Wind Rider doesn't raise Attack if opponent sets up Tailwind: [32mPASS[0m
[2] Opportunist copies the stat increase of each opposing mon: [32mPASS[0m
[2] TODO: Orichalcum Pulse sets up sun for 5 turns: [33mTO_DO[0m
[2] TODO: Overcoat blocks Effect Spore's effect: [33mTO_DO[0m
[1] Zamazenta's Iron Head becomes Behemoth Bash upon form change: [32mPASS[0m
[0] Toxic Chain can inflict bad poison on both foes: [32mPASS[0m
[4] Quark Drive boosts the highest stat: [32mPASS[0m
[2] Own Tempo cures confusion obtained from an opponent with Mold Breaker: [33mKNOWN_FAILING[0m
[5] Sheer Force doesn't boost Magnitude: [32mPASS[0m
[1] Venusaur can Mega Evolve holding Venusaurite: [32mPASS[0m
[1] Mega Evolution affects turn order: [33mASSUMPTION_FAIL[0m
[7] Zen Mode switches Darmanitan's form when HP is half or less at the end of the turn: [32mPASS[0m
[4] Quark Drive activates on switch-in: [32mPASS[0m
[5] Sheer Force doesn't boost Psywave: [32mPASS[0m
[0] Toxic Debris sets Toxic Spikes on the opposing side if hit by a physical attack: [32mPASS[0m
[2] Parental Bond converts multi-target moves into a two-strike move in Single Battles: [32mPASS[0m
[4] Quark Drive activates in Electric Terrain before Booster Energy: [32mPASS[0m
[1] Primal reversion happens for Kyogre only when holding Blue Orb: [32mPASS[0m
[7] Zero to Hero transforms both player and opponent: [32mPASS[0m
[6] AI will not use Helping Hand if partner does not have any damage moves: [32mPASS[0m
[0] Air Balloon is popped after Toxic Debris activates: [32mPASS[0m
[2] Parental Bond Smack Down effect triggers after 2nd hit: [32mPASS[0m
[5] Sheer Force doesn't boost Burn Up: [32mPASS[0m
[6] AI without any flags chooses moves at random - singles: [32mPASS[0m
[2] Parental Bond only triggers Dragon Tail's target switch out on the second hit: [32mPASS[0m
[6] AI without any flags chooses moves at random - doubles: [32mPASS[0m
[1] Ultra Burst happens after switching, but before Focus Punch-like Moves: [32mPASS[0m
[5] Sheer Force doesn't boost Fishious Rend: [32mPASS[0m
[7] Imposter doesn't apply the heroic transformation message when copying Palafin: [32mPASS[0m
[2] Pastel Veil prevents Toxic bad poison: [32mPASS[0m
[7] Zero to Hero cannot be copied by Trace: [32mPASS[0m
[7] AI prefers moves with better accuracy, but only if they both require the same number of hits to ko: [33mASSUMPTION_FAIL[0m
[1] (DYNAMAX) Dynamaxed Pokemon cannot be hit by OHKO moves: [32mPASS[0m
[6] AI will choose either Rock Tomb or Bulldoze if Stat drop effect will activate and they kill with the same number of hits: [32mPASS[0m
[2] Pickup doesn't grant the user their item outside wild battles: [32mPASS[0m
[4] Rattled boosts speed by 1 when hit by Bug, Dark or Ghost type move: [32mPASS[0m
[7] First Impression is preferred on the first turn of the species if it's the best dmg move: [32mPASS[0m
[4] TODO: Sand Rush prevents damage from sandstorm: [33mTO_DO[0m
[2] Pickup doesn't grant an used item if its user already restored it: [32mPASS[0m
[2] TODO: Pixilate boosts power of affected moves by 20% (Gen7+): [33mTO_DO[0m
[1] (DYNAMAX) Dynamaxed Pokemon are not affected by phazing moves but no block message is printed if they faint: [32mPASS[0m
[7] AI will not choose Burn Up if the user lost the Fire typing: [32mPASS[0m
[4] Sand Veil prevents damage from sandstorm: [32mPASS[0m
[4] TODO: Sand Veil doesn't increase evasion if Cloud Nine/Air Lock is on the field: [33mTO_DO[0m
[0] Trace copies opponents ability randomly: [32mPASS[0m
[2] Poison Heal heals from (Toxic) Poison damage: [32mPASS[0m
[6] First Impression is not chosen if it's blocked by certain abilities: [32mPASS[0m
[0] Volt Absorb is only triggered once on multi strike moves: [32mPASS[0m
[2] Prankster-affected moves don't affect Dark-type Pokémon: [31mFAIL[0m
[4] Schooling switches Level 20+ Wishiwashi's form when HP is 25-percent or less at the end of the turn: [32mPASS[0m
[1] (DYNAMAX) Dynamaxed Pokemon can be encored immediately after reverting: [32mPASS[0m
[2] Prankster-affected moves called via Instruct do not affect Dark-type Pokémon: [31mFAIL[0m
[0] Water Absorb heals 25% when hit by water type moves: [32mPASS[0m
[7] AI will only choose Surf 1/3 times if the opposing mon has Volt Absorb (3/3): [31mFAIL[0m
[7] AI will choose Scratch over Power-up Punch with Contrary: [33mASSUMPTION_FAIL[0m
[5] Shield Dust blocks secondary effects: [32mPASS[0m
[5] TODO: Slush Rush doubles speed from hail: [33mTO_DO[0m
[6] AI will choose Thunderbolt then Surf 2/3 times if the opposing mon has Volt Absorb (3/3): [31mFAIL[0m
[6] AI will choose Superpower over Outrage with Contrary: [33mASSUMPTION_FAIL[0m
[4] Shed Skin triggers 33% of the time: [32mPASS[0m
[2] Prankster-affected moves can still be bounced back by a Dark-type with Magic Bounce: [32mPASS[0m
[1] (DYNAMAX) Dynamaxed Pokemon take double damage from Dynamax Cannon: [32mPASS[0m
[0] Water Absorb prevents Absorb Bulb and Luminous Moss from activating: [32mPASS[0m
[0] Weak Armor doesn't interrupt multi hit moves if Speed can't go any higher: [33mASSUMPTION_FAIL[0m
[5] Snow Cloak prevents damage from hail: [32mPASS[0m
[5] TODO: Snow Cloak doesn't increase evasion if Cloud Nine/Air Lock is on the field: [33mTO_DO[0m
[5] TODO: Solar Power increases a Sp. Attack by x1.5 in Sun: [33mTO_DO[0m
[5] TODO: Solar Power causes the Pokémon to lose 1/8 max HP in Sun: [33mTO_DO[0m
[2] Pressure's effect applies to Imprison and Snatch: [32mPASS[0m
[6] AI will choose Earthquake if partner is not alive: [32mPASS[0m
[4] Sheer Force doesn't boost Belch: [32mPASS[0m
[1] (DYNAMAX) Pain Split uses a Pokemon's non-Dynamax HP: [32mPASS[0m
[7] AI will not choose Earthquake if it damages the partner: [32mPASS[0m
[6] AI will choose Earthquake if it kill an opposing mon and does 1/3 of damage to AI: [32mPASS[0m
[6] AI calculates guaranteed criticals and detects critical immunity: [33mASSUMPTION_FAIL[0m
[5] Stalwart stops Lightning Rod and Storm Drain from redirecting moves: [32mPASS[0m
[1] (DYNAMAX) Max Hailstorm sets up hail: [32mPASS[0m
[4] Sheer Force doesn't boost Hyperspace Fury: [32mPASS[0m
[6] AI avoids contact moves against rocky helmet: [32mPASS[0m
[1] (DYNAMAX) G-Max Steelsurge sets up sharp steel: [32mPASS[0m
[0] Wind Power activates correctly for every battler with the ability when hit by a 3 target move: [32mPASS[0m
[5] Stance Change changes Aegislash from Shield to Blade when using a damaging move: [32mPASS[0m
[7] AI will the see a corresponding absorbing ability on partner to one of its moves: [32mPASS[0m
[2] Protosynthesis boosts either Attack or Special Attack, not both: [32mPASS[0m
[0] Wind Rider raises Attack by one stage if switched into Tailwind on its side of the field: [32mPASS[0m
[7] AI recognizes Volt Absorb received from Trace: [33mKNOWN_FAILING[0m
[1] (DYNAMAX) G-Max Smite confuses both opponents: [32mPASS[0m
[2] Quark Drive boosts Special Attack 3rd in case of a stat tie: [32mPASS[0m
[2] Rain Dish recovers 1/16th of Max HP in Rain: [32mPASS[0m
[0] Zen Mode switches Darmanitan's form when HP is half or less before the first turn: [32mPASS[0m
[7] AI uses a guaranteed KO move instead of the move with the highest expected damage: [32mPASS[0m
[7] AI will not further increase Attack / Sp. Atk stat if it knows it faints to target: AI faster: [33mASSUMPTION_FAIL[0m
[7] AI will not further increase Attack / Sp. Atk stat if it knows it faints to target: AI slower: [33mASSUMPTION_FAIL[0m
[2] Rattled triggers correctly when hit by U-Turn: [32mPASS[0m
[2] TODO: (DYNAMAX) Refrigerate turns Max Strike into Max Hailstorm when not used by Gigantamax Lapras: [33mTO_DO[0m
[1] (DYNAMAX) G-Max Meltdown torments both opponents for 3 turns: [32mPASS[0m
[0] Zero to Hero will activate if a switch move is used: [32mPASS[0m
[7] AI will increase speed if it is slower: [32mPASS[0m
[7] AI will select Throat Chop if the sound move is the best damaging move from opposing mon: [33mASSUMPTION_FAIL[0m
[5] Steelworker increases Steel-type move damage: [32mPASS[0m
[6] AI stays choice locked into moves in spite of the player's ability disabling them: [32mPASS[0m
[6] AI will not use Throat Chop if opposing mon has a better move: [33mASSUMPTION_FAIL[0m
[1] (DYNAMAX) G-Max Centiferno traps both opponents in Fire Spin: [32mPASS[0m
[5] Supersweet Syrup lowers evasion of both opposing mon's in battle: [32mPASS[0m
[0] Zero to Hero's message displays correctly after all battlers fainted - Player: [32mPASS[0m
[7] AI sees increased base power of Smelling Salt: [32mPASS[0m
[6] AI sees increased base power of Facade: [32mPASS[0m
[5] Supreme Overlord does not boost attack if party members are already fainted at the start of the battle: [32mPASS[0m
[5] TODO: Swift Swim doesn't double speed if Cloud Nine/Air Lock is on the field: [33mTO_DO[0m
[7] AI sees increased base power of Flail: [32mPASS[0m
[1] (DYNAMAX) Max Flare doesn't softlock the game when fainting player partner: [32mPASS[0m
[0] AI prefers Bubble over Water Gun if it's slower: [32mPASS[0m
[2] Rocky Payload increases Rock-type move damage: [32mPASS[0m
[6] AI sees increased base power of Grav Apple: [32mPASS[0m
[0] AI prefers Earthquake over Drill Run if both require the same number of hits to ko: [32mPASS[0m
[6] AI sees increased base power of Spit Up: [32mPASS[0m
[6] AI chooses moves that cure self or partner: [33mASSUMPTION_FAIL[0m
[0] AI prefers moves with the best possible score, chosen randomly if tied: [32mPASS[0m
[7] AI can choose Counter or Mirror Coat if the predicted move split is correct and user doesn't faint: [32mPASS[0m
[2] Sharpness increases the power of slicing moves: [32mPASS[0m
[2] Sheer Force doesn't boost Shell Trap: [32mPASS[0m
[7] AI chooses moves that cure inactive party members: [32mPASS[0m
[5] Switch-in abilities trigger in Speed Order at the battle's start - Double Battle: [32mPASS[0m
[5] Tablets of Ruin reduces Attack if opposing mon's ability doesn't match: [32mPASS[0m
[2] Sheer Force doesn't boost Bolt Beak: [32mPASS[0m
[5] Tangling Hair does not cause Rocky Helmet miss activation: [32mPASS[0m
[6] Choiced Pokémon won't use stat boosting moves: [32mPASS[0m
[0] AI chooses the safest option to faint the target, taking into account accuracy and move effect: [32mPASS[0m
[5] Tera Shell makes all hits of multi-hit moves against Terapagos not very effective: [32mPASS[0m
[5] Tera Shift transforms Terapagos into its Terastal form on switch in: [32mPASS[0m
[1] (DYNAMAX) Max Moves don't bypass absorbing abilities: [32mPASS[0m
[5] Teraform Zero can be replaced: [32mPASS[0m
[1] (Z-MOVE) Z-Moves deal 1/4 damage through protect: [32mPASS[0m
[5] Torrent boosts Water-type moves in a pinch: [32mPASS[0m
[5] Toxic Debris does not activate if two layers of Toxic Spikes are already up: [32mPASS[0m
[1] (Z-MOVE) Z_EFFECT_CURSE activates Z_EFFECT_RECOVER_HP or Z_EFFECT_ATK_UP_1 depending on the type of the battler: [32mPASS[0m
[5] If a Substitute is hit, Toxic Debris does not set Toxic Spikes: [32mPASS[0m
[7] Choiced Pokémon won't use status move if they are the only party member: [32mPASS[0m
[5] Trace copies opponents ability: [32mPASS[0m
[5] Trace will copy an opponent's ability whenever it has the chance but only once: [32mPASS[0m
[6] Choiced Pokémon won't use status move if they are trapped: [32mPASS[0m
[6] AI_FLAG_RISKY: AI will prioritize Revenge if slower: [32mPASS[0m
[7] AI_FLAG_DOUBLE_ACE_POKEMON: U-Turn won't send out any of the Ace Mons if other options exist: [32mPASS[0m
[1] (Z-MOVE) Z-Weather Ball transforms into different Z-Moves based on current weather: [32mPASS[0m
[1] (Z-MOVE) Stoked Sparksurfer paralyzes the target: [32mPASS[0m
[7] AI_FLAG_DOUBLE_ACE_POKEMON: U-Turn will send out an Ace Mon if no other options remain: [32mPASS[0m
[1] (Z-MOVE) Splintered Stormshards removes terrain: [32mPASS[0m
[5] Transistor increases Electric-type move damage: [32mPASS[0m
[6] AI_FLAG_SEQUENCE_SWITCHING: AI will always switch after a KO in exactly party order 2/2: [31mERROR[0m
[7] AI_FLAG_DOUBLE_ACE_POKEMON: Ace mons won't be switched in even if they are the best candidates: [31mFAIL[0m
[5] Water Absorb does not activate if protected: [32mPASS[0m
[5] Weak Armor lowers Defense by 1 and boosts Speed by 2 when hit by a physical attack: [33mASSUMPTION_FAIL[0m
[6] AI_FLAG_SEQUENCE_SWITCHING: AI will not switch mid-battle: [32mPASS[0m
[7] AI_FLAG_RISKY: AI will blindly Mirror Coat against special attackers: [32mPASS[0m
[5] Wind Power sets up Charge for player when hit by a wind move: [32mPASS[0m
[1] (Z-MOVE) Z-Revelation Dance always transforms into Breakneck Blitz: [32mPASS[0m
[6] AI prefers to set up a powerful Status over fainting a target: [32mPASS[0m
[1] Liechi Berry raises Attack by one stage when HP drops to 1/2 or below if holder has Gluttony: [32mPASS[0m
[7] AI_FLAG_RISKY: Mid-battle switches prioritize offensive options: [32mPASS[0m
[6] AI will try to do damage on target instead of setting up hazards if target has a way to remove them: [32mPASS[0m
[6] AI will not set up Rain if it is already raining: [32mPASS[0m
[5] Wind Power activates correctly when Tailwind is used: [32mPASS[0m
[1] Berserk Gene sharply raises attack at the start of a double battle: [32mPASS[0m
[5] Wind Rider activates when it's no longer effected by Neutralizing Gas: [32mPASS[0m
[6] AI switches if Perish Song is about to kill: [32mPASS[0m
[1] Berserk Gene does not confuse when Safeguard is active: [32mPASS[0m
[1] Blunder Policy raises the users speed by 2 stages if the user misses: [33mASSUMPTION_FAIL[0m
[7] AI_FLAG_SEQUENCE_SWITCHING: Roar and Dragon Tail still force switch to random party member: [32mPASS[0m
[1] Booster Energy can't be flung if a Paradox species is involved: [32mPASS[0m
[5] Zen Mode switches Darmanitan's form when HP is healed above half: [32mPASS[0m
[6] AI will not try to switch for the same pokemon for 2 spots in a double battle (Wonder Guard): [32mPASS[0m
[1] Clear Amulet prevents Intimidate: [32mPASS[0m
[6] AI_FLAG_SMART_MON_CHOICES: Number of hits to KO calculation checks whether incoming damage is less than recurring healing to avoid an infinite loop: [32mPASS[0m
[7] AI gets baited by Protect Switch tactics: [32mPASS[0m
[5] Gastro Acid, Worry Seed, and Simple Beam fail if the target has the Ability Zero to Hero: [32mPASS[0m
[7] AI will not try to switch for the same pokemon for 2 spots in a double battle (all bad moves): [32mPASS[0m
[6] AI_FLAG_SMART_MON_CHOICES: AI will not switch in a Pokemon which is slower and gets 1HKOed after fainting: [32mPASS[0m
[5] AI prefers moves which deal more damage instead of moves which are super-effective but deal less damage: [32mPASS[0m
[7] AI_FLAG_SMART_MON_CHOICES: Number of hits to KO calculation checks whether incoming damage is zero to avoid an infinite loop: [32mPASS[0m
[6] AI_FLAG_SMART_MON_CHOICES: Mid-battle switches prioritize offensive options after slow U-Turn: [32mPASS[0m
[5] AI can choose a status move that boosts the attack by two: [32mPASS[0m
[1] Covert Cloak blocks secondary effects: [32mPASS[0m
[5] AI chooses the safest option to faint the target, taking into account accuracy and move effect failing: [33mKNOWN_FAILING[0m
[6] AI_FLAG_SMART_MON_CHOICES: Mid-battle switches prioritize offensive options after Eject Pack: [32mPASS[0m
[1] Perism and Lum Berries cure confusion: [32mPASS[0m
[6] AI_FLAG_SMART_MON_CHOICES: Post-KO switches prioritize offensive options: [32mPASS[0m
[5] AI won't use ground type attacks against flying type Pokemon unless Gravity is in effect: [32mPASS[0m
[7] AI_FLAG_SMART_MON_CHOICES: AI considers hazard damage when choosing which Pokemon to switch in: [32mPASS[0m
[3] Sheer Force only boosts the damage of moves it's supposed to boost 2: [32mPASS[0m
[1] Ganlon Berry raises the holder's Defense by one stage when HP drops to 1/4 or below: [32mPASS[0m
[7] AI_FLAG_SMART_MON_CHOICES: Mid-battle switches prioritize defensive options: [32mPASS[0m
[1] Eject Button is activated before Emergency Exit: [32mPASS[0m
[7] AI_FLAG_SMART_MON_CHOICES: Mid-battle switches prioritize offensive options after Eject Button: [32mPASS[0m
[6] AI_FLAG_SMART_MON_CHOICES: AI will switch in trapping mon after KO: [32mPASS[0m
[1] Eject Pack will miss timing to switch out user if Emergency Exit was activated on target: [32mPASS[0m
[7] AI_FLAG_SMART_MON_CHOICES: Mid-battle switches prioritize defensive options after Eject Pack if mon outspeeds: [32mPASS[0m
[3] AI_FLAG_SMART_SWITCHING: AI will not switch out if Pokemon would faint to hazards unless party member can clear them: [32mPASS[0m
[1] Gem boost is only applied once: [32mPASS[0m
[3] AI_FLAG_SMART_SWITCHING: AI will switch out if it can't deal damage to a mon with Wonder Guard: [32mPASS[0m
[6] AI_FLAG_SMART_SWITCHING: AI will switch out if it has been Nightmare'd 33% of the time: [32mPASS[0m
[7] AI_FLAG_SMART_MON_CHOICES: Post-KO switches factor in Trick Room for revenge killing: [31mFAIL[0m
[1] Kee Berry doesn't trigger if the item hold user used a physical move: [32mPASS[0m
[6] AI_FLAG_SMART_SWITCHING: AI will switch out if player's mon is charging and it has a good switchin immunity (ability): [32mPASS[0m
[1] Maranga Berry raises the holder's Sp. Def by one stage when hit by a special move: [32mPASS[0m
[1] Micle Berry increases the accuracy of the next used move across turns: [33mASSUMPTION_FAIL[0m
[3] AI_FLAG_SMART_SWITCHING: AI will switch out if it has been Yawn'd with more than 1/3 HP remaining: [32mPASS[0m
[6] Switch AI: AI will switch out if it has <= 66% HP remaining and has Regenerator and a good switchin 50% of the time: [32mPASS[0m
[7] AI won't use trapping behaviour if player only has 1 mon left: [32mPASS[0m
[1] Mirror Herb does not trigger for Ally's Soul Heart's stat raise: [32mPASS[0m
[3] AI_FLAG_SMART_SWITCHING: AI will switch out if player's mon is charging and it has an absorber: [32mPASS[0m
[6] AI will choose a random move if it's faster and can kill target: [32mPASS[0m
[1] Protective Pads doesn't invalid unseen fist: [32mPASS[0m
[1] TODO: Starf Berry randomly raises the holder's Attack, Defense, Sp. Atk, Sp. Def, or Speed by two stages when the holder's HP drop to 1/2 or below if it has Gluttony: [33mTO_DO[0m
[3] Switch AI: AI will switch out if mon has Truant and opponent has invulnerability move and is faster: [32mPASS[0m
[3] AI_FLAG_SMART_MON_CHOICES: AI correctly handles abilities when scoring moves: [33mASSUMPTION_FAIL[0m
[1] Red Card does not activate if target is behind a Substitute: [32mPASS[0m
[7] AI_FLAG_SMART_SWITCHING: AI will switch out if it has been Leech Seed'd 25% of the time: [32mPASS[0m
[6] Aegislash reverts to Shield Form upon switching out: [32mPASS[0m
[1] Red Card does not activate if replacements fainted: [32mPASS[0m
[3] AI will choose a priority move if it is slower then the target and will be killed: [32mPASS[0m
[7] AI_FLAG_SMART_SWITCHING: AI will switch out if it has an absorber: [31mFAIL[0m
[6] Zamazenta changes into its Crowned Form when holding the Rusted Shield upon battle start: [32mPASS[0m
[7] AI_FLAG_SMART_SWITCHING: AI will switch out if it has been Encore'd into a status move: [32mPASS[0m
[1] Red Card activates but fails if the attacker is rooted: [32mPASS[0m
[3] Zacian changes into its Crowned Form when holding the Rusted Sword upon battle start: [32mPASS[0m
[6] Rayquaza can Mega Evolve knowing Dragon Ascent: [32mPASS[0m
[7] AI_FLAG_SMART_SWITCHING: AI will stay in if Encore'd into super effective move: [32mPASS[0m
[1] Red Card is consumed after dragged out replacement has its Speed lowered by Sticky Web: [32mPASS[0m
[3] Mega Evolution's order is determined by Speed - opponent faster: [32mPASS[0m
[3] Abilities replaced by Mega Evolution do not affect turn order: [33mASSUMPTION_FAIL[0m
[6] Mega Evolved Pokemon do not change abilities after fainting: [32mPASS[0m
[1] Red Card activates before Eject Pack: [32mPASS[0m
[6] Primal reversion happens after a switch-in caused by Eject Button: [32mPASS[0m
[3] Primal reversion's order is determined by Speed - player faster: [32mPASS[0m
[7] AI_FLAG_SMART_SWITCHING: AI will switch out if main attacking stat lowered by 3+ stages: [32mPASS[0m
[3] Primal reversion happens after the entry hazards damage: [32mPASS[0m
[1] White Herb restores stats after all hits of a multi hit move happened: [32mPASS[0m
[1] Safety Goggles block powder and spore moves: [32mPASS[0m
[6] Primal reversion triggers for all battlers if multiple fainted the previous turn: [31mFAIL[0m
[1] Petaya Berry raises Sp. Atk by one stage when HP drops to 1/4 or below if holder has Ripen: [32mPASS[0m
[7] Primal reversion happens for Groudon only when holding Red Orb: [32mPASS[0m
[7] Ultra Burst affects turn order: [33mASSUMPTION_FAIL[0m
[6] Ultra Burst's order is determined by Speed - player faster: [32mPASS[0m
[1] Salac Berry raises Speed by one stage when HP drops to 1/4 or below if holder has Ripen: [32mPASS[0m
[7] (DYNAMAX) Dynamaxed Pokemon cannot be hit by weight-based moves: [32mPASS[0m
[1] Antidote heals a battler from being poisoned: [32mPASS[0m
[6] (DYNAMAX) Dynamaxed Pokemon cannot be flinched: [32mPASS[0m
[3] Shaymin-Sky reverts to Shaymin-Land when frozen or frostbitten: [32mPASS[0m
[7] (DYNAMAX) Dynamaxed Pokemon are not affected by phazing moves, but still take damage: [32mPASS[0m
[6] (DYNAMAX) Dynamaxed Pokemon are affected by Grudge: [32mPASS[0m
[1] Ice Heal heals a battler from being frozen or frostbite: [32mPASS[0m
[3] (DYNAMAX) Max Moves don't bypass Max Guard: [32mPASS[0m
[7] (DYNAMAX) Dynamaxed Pokemon are immune to Encore: [32mPASS[0m
[6] (DYNAMAX) Dynamaxed Pokemon can have their ability changed or suppressed: [32mPASS[0m
[7] (DYNAMAX) Dynamaxed Pokemon lose their substitutes: [32mPASS[0m
[6] (DYNAMAX) Dynamaxed Pokemon are not immune to Knock Off: [32mPASS[0m
[3] (DYNAMAX) Dynamaxed Pokemon are not affected by Choice items: [32mPASS[0m
[7] (DYNAMAX) Pokemon with Gigantamax forms revert upon switching: [32mPASS[0m
[6] (DYNAMAX) Pokemon with Gigantamax forms change upon Dynamaxing: [32mPASS[0m
[3] (DYNAMAX) Max Strike lowers both opponents' speed: [32mPASS[0m
[7] (DYNAMAX) Super Fang uses a Pokemon's non-Dynamax HP: [32mPASS[0m
[6] (DYNAMAX) Max Strike lowers single opponent's speed: [32mPASS[0m
[7] (DYNAMAX) Max Geyser sets up heavy rain: [32mPASS[0m
[1] Rage Candy Bar heals a battler from any primary status: [32mPASS[0m
[3] (DYNAMAX) Max Overgrowth sets up Grassy Terrain: [32mPASS[0m
[6] (DYNAMAX) Max Flare sets up sunlight: [32mPASS[0m
[6] (DYNAMAX) Max Starfall sets up Misty Terrain: [32mPASS[0m
[3] (DYNAMAX) G-Max Volt Crash paralyzes both opponents: [32mPASS[0m
[7] (DYNAMAX) G-Max Stonesurge sets up Stealth Rocks: [32mPASS[0m
[3] (DYNAMAX) G-Max Cuddle infatuates both opponents, if possible: [32mPASS[0m
[7] (DYNAMAX) G-Max Gold Rush confuses both opponents and generates money: [32mPASS[0m
[7] TODO: (DYNAMAX) Baton Pass passes G-Max Terror's escape prevention effect: [33mTO_DO[0m
[7] (DYNAMAX) G-Max Sweetness cures allies' status conditions: [32mPASS[0m
[6] (DYNAMAX) G-Max Befuddle paralyzes, poisons, or sleeps both opponents: [32mPASS[0m
[5] AI won't use a Weather changing move if partner already chose such move: [32mPASS[0m
[5] AI will correctly predict what move the opposing mon going to use: [33mASSUMPTION_FAIL[0m
[3] (DYNAMAX) G-Max Replenish recycles allies' berries 50% of the time: [32mPASS[0m
[6] (DYNAMAX) G-Max Depletion takes away 2 PP from the target's last move: [32mPASS[0m
[5] AI sees increased base power of Wake Up Slap 2/2: [31mFAIL[0m
[7] (DYNAMAX) G-Max One Blow bypasses Max Guard for full damage: [32mPASS[0m
[3] (TERA) Terastallizing does not affect the power of non-STAB moves: [32mPASS[0m
[6] (DYNAMAX) Max Attacks prints a message when hitting into Max Guard: [32mPASS[0m
[6] (TERA) Terastallizing boosts moves of the same type to 60 BP: [33mASSUMPTION_FAIL[0m
[6] (TERA) Terastallization changes type effectiveness: [32mPASS[0m
[5] AI will only use Dream Eater if target is asleep: [32mPASS[0m
[7] (TERA) Terastallization's 60 BP floor occurs after Technician: [32mPASS[0m
[6] (TERA) Terastallization changes the effect of Curse: [32mPASS[0m
[5] AI chooses moves with secondary effect that have a 100% chance to trigger 1/2: [31mFAIL[0m
[3] (TERA) Terastallization's 60 BP floor does not apply to multi-hit moves: [32mPASS[0m
[7] (TERA) Terastallization persists across switches: [32mPASS[0m
[1] Full Heal, Heal Powder and Local Specialties heal a battler from being confused: [32mPASS[0m
[1] X Accuracy sharply raises battler's Accuracy stat: [33mASSUMPTION_FAIL[0m
[6] (TERA) Reflect Type copies a Terastallized Pokemon's Tera Type: [32mPASS[0m
[3] (TERA) Reflect Type fails if used by a Terastallized Pokemon: [32mPASS[0m
[5] AI prioritizes Skill Swapping Contrary to allied mons that would benefit from it: [32mPASS[0m
[7] (TERA) Roost does not remove the user's Flying type while Terastallized: [32mPASS[0m
[3] (TERA) Revelation Dance uses a Terastallized Pokemon's Tera Type: [32mPASS[0m
[6] (TERA) Stellar type does not change the user's defensive profile: [32mPASS[0m
[3] (TERA) Revelation Dance uses a Stellar-type Pokemon's base type: [32mPASS[0m
[7] (TERA) Synchronoise uses a Terastallized Pokemon's Tera Type: [32mPASS[0m
[1] Max Mushrooms raises battler's Speed stat: [32mPASS[0m
[1] TODO: Elixir can be used if at least one move is missing PP in any slot: [33mTO_DO[0m
[1] TODO: Revive won't restore a battler's HP if it hasn't fainted: [33mTO_DO[0m
[3] (TERA) Protean cannot change the type of a Terastallized Pokemon: [32mPASS[0m
[7] (TERA) Reflect Type copies a Stellar-type Pokemon's base type: [32mPASS[0m
[6] (TERA) Terapagos retains the Stellar type boost at all times: [32mPASS[0m
[7] (TERA) Terastallizing into the Stellar-type provides a one-time 1.2x boost to non-STAB moves: [32mPASS[0m
[6] (Z-MOVE) Z-Moves are not affected by -ate abilities: [32mPASS[0m
[7] (TERA) Terapagos retains its base defensive profile when Terastalizing: [32mPASS[0m
[6] (Z-MOVE) Z_EFFECT_ALL_STATS_UP raises all of a battler's stat stages by one: [32mPASS[0m
[7] (Z-MOVE) Z-Moves do not retain priority: [31mFAIL[0m
[1] Move Animation Test: Smack Down works when used 15 times in a row: [32mPASS[0m
[7] (Z-MOVE) Z-Moves are affected by Ion Deluge: [32mPASS[0m
[6] (Z-MOVE) Z_EFFECT_RESTORE_REPLACEMENT_HP fully heals the replacement battler's HP: [32mPASS[0m
[5] Choiced Pokémon switch out after using a status move once: [32mPASS[0m
[3] (TERA) Pokemon with Tera forms change upon Terastallizing: [32mPASS[0m
[1] Draining Kiss recovers 75% of the damage dealt: [32mPASS[0m
[1] TODO: Acupressure increases one of two stats by 2 stages at random: [33mTO_DO[0m
[1] TODO: Acupressure fails on the ally if all of its stats are maximized: [33mTO_DO[0m
[1] TODO: Acupressure fails on the ally if its side is protected by Crafty Shield: [33mTO_DO[0m
[6] (Z-MOVE) Z-Mirror Move raises the user's attack by two stages and copies the last used status move regularly: [32mPASS[0m
[1] Ally Switch fails in a single battle: [32mPASS[0m
[7] (Z-MOVE) Z_EFFECT_BOOST_CRITS raises a battler's critical hit ratio: [32mPASS[0m
[3] (Z-MOVE) Z-Me First raises the user's speed by two stages and copies the last used non-status move as a Z-Move with boosted damage: [32mPASS[0m
[3] (Z-MOVE) Powder blocks Fire type Z-Moves and deals 25% of maximum HP to the user: [32mPASS[0m
[3] (Z-MOVE) Powder blocks Fire type Z-Moves but not boosts granted: [32mPASS[0m
[7] (Z-MOVE) Z-Hidden Power always transforms into Breakneck Blitz: [32mPASS[0m
[6] (Z-MOVE) Z-Nature Power transforms into different Z-Moves based on the current terrain: [32mPASS[0m
[1] Ally Switch - move fails if the target was ally which changed position: [32mPASS[0m
[1] TODO: Assist can call moves from a fainted party member: [33mTO_DO[0m
[1] TODO: Assist can be used by wild Pokémon in Wild Double Battles, even if the partner faints: [33mTO_DO[0m
[3] (Z-MOVE) Dancer does not use a Z-Move if the battler has used a Z-Move the same turn: [32mPASS[0m
[1] Hone Claws increases Attack and Accuracy by one stage each: [32mPASS[0m
[1] Howl raises user's and partner's Attack by 1 stage: [33mASSUMPTION_FAIL[0m
[3] (Z-MOVE) Genesis Supernova sets up psychic terrain: [32mPASS[0m
[7] (Z-MOVE) 10,000,000 Volt Thunderbolt has an increased critical hit ratio: [32mPASS[0m
[3] (Z-MOVE) Guardian of Alola deals 75% of the target's current HP: [32mPASS[0m
[1] Aura Wheel raises Speed; fails if the user is not Morpeko: [32mPASS[0m
[1] TODO: Autotomize decreases weight by 100kg (220 lbs.): [33mTO_DO[0m
[1] TODO: Autotomize's weight reduction is reset upon switch: [33mTO_DO[0m
[1] TODO: Baton Pass fails if there's no valid party Pokémon left: [33mTO_DO[0m
[1] TODO: Baton Pass passes confusion status: [33mTO_DO[0m
[1] TODO: Baton Pass doesn't pass Imprison's effect: [33mTO_DO[0m
[1] TODO: Baton Pass passes No Retreat's escape prevention effect: [33mTO_DO[0m
[1] TODO: Baton Pass doesn't pass Yawn's effect: [33mTO_DO[0m
[1] TODO: Beak Blast's charging message is shown regardless if it would've missed: [33mTO_DO[0m
[1] TODO: Beat Up's damage doesn't consider STAB: [33mTO_DO[0m
[1] TODO: Beat Up ignores Choice Band: [33mTO_DO[0m
[1] TODO: Beat Up's damage considers stat stage changes: [33mTO_DO[0m
[1] TODO: Belch can still be used after restoring the consumed berry: [33mTO_DO[0m
[6] (Z-MOVE) Light That Burns the Sky uses the battler's highest attacking stat: [32mPASS[0m
[7] Ability Shield protects against Sunsteel Strike: [32mPASS[0m
[6] (Z-MOVE) Searing Sunraze Smash ignores the target's abilities: [32mPASS[0m
[7] Air Balloon can not be restored with Recycle after it has been popped: [32mPASS[0m
[1] Belly Drum minimizes the user's Attack stat with Contrary: [32mPASS[0m
[1] TODO: Bide hits the last Pokémon that attacked the user, even allies: [33mTO_DO[0m
[3] Ability Shield protects against Mold Breaker: [32mPASS[0m
[3] Air Balloon pops when the holder is hit by a move that is not ground type: [32mPASS[0m
[6] Ability Shield protects against Mycelium Might: [32mPASS[0m
[5] Choiced Pokémon won't use status move if they don't have a good switchin: [32mPASS[0m
[7] Liechi Berry raises the holder's Attack by one stage when HP drops to 1/4 or below: [32mPASS[0m
[3] Air Balloon pops before it can be stolen with Magician: [32mPASS[0m
[6] Air Balloon no longer prevents the holder from taking damage from ground type moves once it has been popped: [32mPASS[0m
[5] AI_FLAG_RISKY: AI will blindly Counter against physical attackers: [32mPASS[0m
[1] Body Press uses Special Defense stat Stages in Wonder Room: [32mPASS[0m
[6] Air Balloon pops before it can be stolen with Thief or Covet: [33mKNOWN_FAILING[0m
[1] TODO: Bulk Up increases the user's Attack and Defense: [33mTO_DO[0m
[1] TODO: Camouflage changes the type of the user based on battle environment: [33mTO_DO[0m
[1] TODO: Captivate decreases the target's Sp. Attack if they're opposite gender from the user: [33mTO_DO[0m
[3] Berserk Gene sharply raises attack at the start of a single battle: [32mPASS[0m
[1] Charge doubles the damage of the next Electric move of the user: [32mPASS[0m
[3] Berserk Gene does not confuse on Misty Terrain but still raises attack sharply: [32mPASS[0m
[6] Berserk Gene does not confuse a Pokemon with Own Tempo but still raises attack sharply in a single battle: [32mPASS[0m
[5] AI_FLAG_RISKY: AI prefers high damage moves at the expense of accuracy regardless of KO thresholds: [32mPASS[0m
[1] Chilly Reception sets up snow and switches the user out: [32mPASS[0m
[1] TODO: Chilly Reception doesn't announce its move if it's called by a different move: [33mTO_DO[0m
[1] TODO: Clangorous Soul cuts the user's HP by 1/3: [33mTO_DO[0m
[7] Berserk Gene does not confuse a Pokemon with Own Tempo but still raises attack sharply in a double battle: [32mPASS[0m
[3] Berserk Gene causes infinite confusion: [32mPASS[0m
[3] Blunder Policy will never trigger if the move fails due to Protect: [33mASSUMPTION_FAIL[0m
[1] Coaching fails in single battles: [32mPASS[0m
[6] Berserk Gene causes confusion timer to not tick down: [32mPASS[0m
[1] Teeter Dance confuses target: [32mPASS[0m
[1] TODO: Conversion ignores moves that share types with the user (Gen 2-5): [33mTO_DO[0m
[7] Booster Energy will activate Quark Drive after Electric Terrain ends: [32mPASS[0m
[5] AI_FLAG_SEQUENCE_SWITCHING: AI will always switch into lowest party index after U-Turn, Parting Shot, Baton Pass, and Chilly Reception 2/8: [31mERROR[0m
[1] Conversion 2's type change considers status moves (Gen 5+): [32mPASS[0m
[1] TODO: Copycat causes the user to use the last move used in battle: [33mTO_DO[0m
[1] TODO: Copycat can only copy recharging moves after it has been executed (Gen 4): [33mTO_DO[0m
[1] TODO: Copycat copies moves called by other calling moves instead of the calling move (Gen 5+): [33mTO_DO[0m
[1] TODO: Corrosive Gas doesn't destroy items if they change the Pokémon's form: [33mTO_DO[0m
[1] TODO: Counter can only counter Normal and Fighting-type moves (Gen 1): [33mTO_DO[0m
[1] TODO: Counter cannot return damage dealt to a substitute (Gen 2+): [33mTO_DO[0m
[3] Booster Energy triggers correctly for all battlers if multiple fainted the previous turn: [32mPASS[0m
[5] AI_FLAG_SMART_MON_CHOICES: U-Turn will send out Ace Mon if it's the only one remaining: [32mPASS[0m
[1] Curse lowers Speed, raises Attack, and raises Defense when used by non-Ghost-types: [32mPASS[0m
[1] Defog lowers evasiveness by 1: [32mPASS[0m
[5] AI_FLAG_SMART_MON_CHOICES: Avoid infinite loop if damage taken is equal to recurring healing: [32mPASS[0m
[7] Booster Energy increases special attack by 30% if it is the highest stat: [32mPASS[0m
[6] Booster Energy activates Quark Drive and increases highest stat: [32mPASS[0m
[6] Covert Cloak blocks Sparkling Aria in singles: [33mKNOWN_FAILING[0m
[3] Clear Amulet prevents secondary effects that reduce stats: [32mPASS[0m
[6] Covert Cloak does not prevent ability stat changes: [32mPASS[0m
[1] Defog lowers evasiveness by 1 and removes Stealth Rock and Sticky Web from player's side (Gen 6+): [32mPASS[0m
[5] AI_FLAG_SMART_MON_CHOICES: Mid-battle switches prioritize type matchup + SE move, then type matchup: [32mPASS[0m
[6] Lansat Berry raises the holder's critical-hit-ratio by two stages when HP drops to 1/2 or below: [32mPASS[0m
[7] Covert Cloak does not block primary effects: [32mPASS[0m
[3] Pecha and Lum Berries cure bad poison: [32mPASS[0m
[1] Defog is used on the correct side if opposing mon is behind a substitute with Screen up: [32mPASS[0m
[5] AI_FLAG_SMART_MON_CHOICES: Mid-battle switches prioritize offensive options after Eject Pack if mon outspeeds but was Intimidate'd: [32mPASS[0m
[7] Pecha and Lum Berries cure poison: [32mPASS[0m
[1] Doodle fails if partner has a banned Ability: [32mPASS[0m
[6] Lansat Berry raises the holder's critical-hit-ratio by two stages: [32mPASS[0m
[1] Dragon Darts strikes the left ally twice if the target is a fairy type: [32mPASS[0m
[5] AI_FLAG_SMART_SWITCHING: AI will switch in trapping mon mid battle: [32mPASS[0m
[7] Cheri and Lum Berries cure paralysis: [32mPASS[0m
[1] Dragon Darts is not effected by Wide Guard: [32mPASS[0m
[6] Lum Berry correctly cures all battlers if multiple fainted the previous turn: [32mPASS[0m
[7] Custap Berry activates even if the opposing mon switches out: [32mPASS[0m
[1] Dream Eater fails if Heal Block applies: [32mPASS[0m
[6] Custap Berry allows the holder to move first in its priority bracket when HP is below 1/2. If the holder has Gluttony: [32mPASS[0m
[7] Eject Button will not activate under Substitute: [32mPASS[0m
[3] Berry hold effect cures status if a pokemon enters a battle: [32mPASS[0m
[6] Eject Button is not activated by a Sheer Force boosted move: [32mPASS[0m
[5] AI_FLAG_SMART_SWITCHING: AI will switch out if it has been Curse'd 50% of the time: [32mPASS[0m
[1] Embargo negates a held item's Speed reduction: [32mPASS[0m
[7] Eject Button prevents Volt Switch / U-Turn from activating: [32mPASS[0m
[3] Gem is consumed if the move type is changed: [32mPASS[0m
[6] Eject Button has no chance to activate after Dragon Tail: [32mPASS[0m
[1] Embargo doesn't stop an item flung at an affected target from activating: [32mPASS[0m
[5] AI_FLAG_SMART_SWITCHING: AI will switch out if player's mon is charging and it has a good switchin immunity (type): [32mPASS[0m
[7] Eject Pack is triggered by self-inflicting stat decreases: [32mPASS[0m
[3] Leftovers recovers 1/16th HP at end of turn: [32mPASS[0m
[6] Eject Pack does not activate if there are no Pokémon left to battle: [32mPASS[0m
[3] Maranga Berry doesn't trigger if the item hold user used a special move: [32mPASS[0m
[7] Gem is consumed when it corresponds to the type of a move: [32mPASS[0m
[1] Embargo disables the effect of the Plate items on the move Judgment: [32mPASS[0m
[6] Enigma Berry doesn't trigger if partner was hit: [32mPASS[0m
[5] Switch AI: AI will switch out if badly statused with >= 50% HP remaining and has Natural Cure and a good switchin 66% of the time: [32mPASS[0m
[7] Kee Berry raises the holder's Defense by two stages with Ripen when hit by a physical move: [32mPASS[0m
[7] Leftovers does nothing if Heal Block applies: [32mPASS[0m
[3] Metronome Item counts charging turn of moves for its attacking turn: [32mPASS[0m
[1] Encore forces consecutive move uses for 3 turns for player: Encore used before move: [32mPASS[0m
[5] AI prefers priority moves if it's slower and can kill target: [32mPASS[0m
[6] Kee Berry raises the holder's Defense by one stage when hit by a physical move: [32mPASS[0m
[7] Metronome Item's boost is reset if the move fails: [32mPASS[0m
[7] Micle Berry raises the holder's accuracy by 1.2: [33mASSUMPTION_FAIL[0m
[7] TODO: Starf Berry randomly raises the holder's Attack, Defense, Sp. Atk, Sp. Def, or Speed by two stages when the holder's HP drop to 1/4 or below: [33mTO_DO[0m
[5] AI sees Loaded Dice damage increase from multi hit moves: [32mPASS[0m
[1] Double Team raises Evasion: [32mPASS[0m
[6] Metronome Item's boost is reset if the attacker uses a different move: [32mPASS[0m
[7] Red Card does not activate if holder faints: [32mPASS[0m
[5] Zacian's Iron Head becomes Behemoth Blade upon form change: [32mPASS[0m
[6] Micle Berry raises the holder's accuracy by 1.2 when HP drops to 1/2 or below: [32mPASS[0m
[1] Fillet Away cuts the user's HP in half: [32mPASS[0m
[7] Red Card does not activate if no replacements: [32mPASS[0m
[1] Sonic Boom doesn't affect ghost types: [32mPASS[0m
[3] Ogerpon Masks increase the base power of moves by 20%: [32mPASS[0m
[6] Mirror Herb copies all of Stuff Cheeks' stat boosts: [32mPASS[0m
[5] Aegislash reverts to Shield Form upon fainting: [32mPASS[0m
[7] Red Card activates for only the fastest target: [32mPASS[0m
[5] Mega Evolution's order is determined by Speed - player faster: [32mPASS[0m
[6] Protective Pads doesn't reduce tough claws damage: [32mPASS[0m
[1] Fling fails for pokemon with Klutz ability: [32mPASS[0m
[1] Fling deals damage based on items fling power: [33mASSUMPTION_FAIL[0m
[3] Red Card does not activate if stolen by a move: [32mPASS[0m
[5] Regular Mega Evolution and Fervent Wish Mega Evolution can happen on the same turn: [32mPASS[0m
[3] Red Card does not activate if holder is switched in mid-turn: [32mPASS[0m
[1] Focus Punch activation is based on Speed: [32mPASS[0m
[7] Red Card does not activate if attacker's Sheer Force applied: [32mPASS[0m
[5] Primal reversion happens after a mon is switched in: [32mPASS[0m
[6] Red Card switches the target with a random non-battler, non-fainted replacement: [32mPASS[0m
[7] White Herb restores stats after Attack was lowered by Intimidate while switching in: [32mPASS[0m
[1] AI will Incapacitate -> Substitute -> Focus Punch if able: [32mPASS[0m
[6] Red Card activates and overrides U-turn: [32mPASS[0m
[6] TODO: Red Card activates but fails if the attacker has Dynamaxed: [33mTO_DO[0m
[1] Fury Cutter power doubles with each use, up to 160 power: [32mPASS[0m
[7] Room Serive decreases the holder's seep by one stage: [32mPASS[0m
[5] Primal reversion triggers for multiple battlers if multiple fainted the previous turn: [31mFAIL[0m
[3] Restore HP Item effects do not miss timing after a recoil move: [32mPASS[0m
[7] Rowap Berry is not triggered by a physical move: [32mPASS[0m
[6] White Herb restores stats after Attack was lowered by Intimidate in doubles: [32mPASS[0m
[3] Safety Goggles blocks damage from Sandstorm: [32mPASS[0m
[7] Petaya Berry raises Sp. Atk by one stage when HP drops to 1/2 or below if holder has Gluttony: [32mPASS[0m
[5] Ultra Burst's order is determined by Speed - opponent faster: [32mPASS[0m
[3] Apicot Berry raises Sp. Def by one stage when HP drops to 1/2 or below if holder has Gluttony: [32mPASS[0m
[7] Salac Berry raises Speed by one stage when HP drops to 1/2 or below if holder has Gluttony: [32mPASS[0m
[6] White Herb has correct interactions with Intimidate triggered Defiant and Competitive: [32mPASS[0m
[1] Future Sight uses Sp. Atk stat of the original user without modifiers: [32mPASS[0m
[1] TODO: Baton Pass passes Gastro Acid's effect: [33mTO_DO[0m
[7] Paralyze Heal heals a battler from being paralyzed: [32mPASS[0m
[3] Salac Berry does not miss timing miss timing: [32mPASS[0m
[7] Burn Heal heals a battler from being burned: [32mPASS[0m
[6] Petaya Berry raises the holder's Sp. Atk by one stage when HP drops to 1/4 or below: [32mPASS[0m
[5] (DYNAMAX) Dynamax expires after three turns: [32mPASS[0m
[1] Glaive Rush doesn't affect the user if the effect is blocked: [32mPASS[0m
[1] Heal Bell cures a soundproof user: [33mASSUMPTION_FAIL[0m
[3] Antidote resets Toxic Counter: [32mPASS[0m
[5] (DYNAMAX) Dynamaxed Pokemon cannot have their ability swapped to another Pokemon's: [32mPASS[0m
[1] Heal Pulse can heal partner: [32mPASS[0m
[5] (DYNAMAX) Dynamaxed Pokemon are immune to Torment: [32mPASS[0m
[1] Lunar Dance causes the user to faint and fully heals the replacement in a double battle: [32mPASS[0m
[5] (DYNAMAX) Dynamaxed Pokemon are immune to Instruct: [32mPASS[0m
[1] U-turn does not switch the user out if no replacements: [32mPASS[0m
[6] Utility Umbrella blocks Rain damage modifiers: [32mPASS[0m
[1] Held items are consumed immediately after a mon switched in by U-turn and Intimidate activates after it: player side: [32mPASS[0m
[5] (DYNAMAX) Endeavor uses a Pokemon's non-Dynamax HP: [32mPASS[0m
[7] Lava Cookies heals a battler from any primary status: [32mPASS[0m
[1] Ice Spinner doesn't fail if there is no terrain on the field: [32mPASS[0m
[3] Heal Powder heals a battler from any primary status: [32mPASS[0m
[5] (DYNAMAX) Max Knuckle raises both allies' attack: [32mPASS[0m
[1] Dragon Tail switches the target with a random non-fainted replacement: [32mPASS[0m
[5] (DYNAMAX) Max Lightning sets up Electric Terrain: [32mPASS[0m
[5] (DYNAMAX) G-Max Stun Shock chooses statuses before considering immunities: [32mPASS[0m
[6] Casteliacone heals a battler from any primary status: [32mPASS[0m
[6] Poke Toy lets the player escape from a wild battle even if a move forbid them to: [32mPASS[0m
[1] Hydro Steam is affected by Utility Umbrella: [32mPASS[0m
[5] (DYNAMAX) G-Max Terror traps both opponents: [32mPASS[0m
[7] Jubilife Muffin heals a battler from any primary status: [32mPASS[0m
[3] Shalour Sable heals a battler from any primary status: [32mPASS[0m
[1] Instruct-called status moves don't fail if holding Assault Vest: [32mPASS[0m
[7] Full Restore resets Toxic Counter: [32mPASS[0m
[5] (DYNAMAX) G-Max Finale heals allies by 1/6 of their health: [32mPASS[0m
[5] TODO: (DYNAMAX) Baton Pass doesn't pass G-Max Chi Strike's effect: [33mTO_DO[0m
[1] Ion Deluge makes Normal type moves Electric type: [32mPASS[0m
[1] Knock Off does not remove items through Substitute: [32mPASS[0m
[5] (DYNAMAX) Moxie clones can be triggered by Max Moves fainting opponents: [32mPASS[0m
[7] X Defense sharply raises battler's Defense stat: [32mPASS[0m
[1] Knock Off triggers Unburden: [32mPASS[0m
[1] Knock Off does knock off Orbs for Primal Reversion from Pokemon that don't actually use them: [32mPASS[0m
[5] (TERA) Terastallizing into the same type gives that type 2x STAB: [32mPASS[0m
[7] X Speed sharply raises battler's Speed stat: [32mPASS[0m
[7] X Accuracy sharply raises battler's Accuracy stat: [33mASSUMPTION_FAIL[0m
[1] Knock Off doesn't knock off other form-change hold items from Pokemon that actually use them: [32mPASS[0m
[6] Full Restore restores a battler's HP and cures any primary status: [32mPASS[0m
[5] (TERA) Terastallization changes type effectiveness: [32mPASS[0m
[1] Last Resort works with Sleep Talk: [32mPASS[0m
[1] TODO: Leech Seed doesn't affect already seeded targets: [33mTO_DO[0m
[7] Max Mushrooms battler's Sp. Defense stat: [32mPASS[0m
[7] TODO: Ether won't work if the selected move has all its PP: [33mTO_DO[0m
[5] (TERA) Conversion2 fails if used by a Terastallized Pokemon: [32mPASS[0m
[1] Magic Coat prints the correct message when bouncing back a move: [32mPASS[0m
[3] Full Restore heals a party member from any primary status: [32mPASS[0m
[3] X Accuracy sharply raises battler's Accuracy stat: [33mASSUMPTION_FAIL[0m
[6] X Sp. Def sharply raises battler's Sp. Defense stat: [32mPASS[0m
[6] X Accuracy sharply raises battler's Accuracy stat: [33mASSUMPTION_FAIL[0m
[5] (TERA) Transform does not copy the target's Tera Type, and if the user is Terastallized it keeps its own Tera Type: [33mKNOWN_FAILING[0m
[1] Steel Beam causes the user to faint when below 1/2 of its Max HP in a double battle: [32mPASS[0m
[3] Items can restore a battler's HP by a percentage: [32mPASS[0m
[1] Metronome's called powder move fails against Grass Types: [32mPASS[0m
[5] (TERA) Terastallizing into the Stellar-type provides a one-time 2.0x boost to STAB moves: [32mPASS[0m
[6] Max Mushrooms raises battler's Sp. Attack stat: [32mPASS[0m
[7] Revive works for a partner in a double battle: [32mPASS[0m
[7] TODO: Poke Balls can't be thrown when B_FLAG_NO_CATCHING is set: [33mTO_DO[0m
[3] Revive restores a fainted battler's HP to half: [32mPASS[0m
[6] Max Elixir restores the PP of all of a battler's moves fully: [32mPASS[0m
[1] Mind Blown causes everyone to faint in a double battle: [32mPASS[0m
[3] Guard Spec. sets Mist effect on the battlers side: [32mPASS[0m
[7] Matcha Gatcha will faint the pokemon if Liquid Ooze drain deals enough damage: [32mPASS[0m
[1] Mirror Move fails if no move was used before: [32mPASS[0m
[5] (TERA) Stellar type's one-time boost factors in dynamically-typed moves: [32mPASS[0m
[6] Max Honey restores a fainted battler's HP fully: [32mPASS[0m
[6] TODO: Poke Balls can't be thrown when an opposing wild battler is in a semi-invulnerable state: [33mTO_DO[0m
[3] Absorb recovers 50% of the damage dealt: [32mPASS[0m
[1] Morning Sun recovers 2/3 of the user's max HP in Sunlight: [32mPASS[0m
[3] Absorb does not drain any HP if user flinched: [32mPASS[0m
[3] TODO: Acupressure doesn't try to increase a stat that has been maximized: [33mTO_DO[0m
[3] TODO: Acupressure works on the user if it's behind a Substitute (Gen5+): [33mTO_DO[0m
[7] Acrobatics still doubles in power when Flying Gem is consumed: [32mPASS[0m
[7] TODO: Acupressure works on the user if its side is protected by Crafty Shield: [33mTO_DO[0m
[6] Matcha Gatcha recovers 50% of the damage dealt from both targets: [32mPASS[0m
[3] After You makes the target move after user: [32mPASS[0m
[7] After You ignores the effects of Quash: [32mPASS[0m
[6] Acrobatics doubles in power if the user has no held item: [32mPASS[0m
[3] Ally Switch fails if there is no partner: [32mPASS[0m
[3] Ally Switch increases the Protect-like moves counter: [33mASSUMPTION_FAIL[0m
[3] TODO: Aqua Ring recovers 1/16th HP at end of turn: [33mTO_DO[0m
[3] TODO: Aromatic Mist fails in Single Battles: [33mTO_DO[0m
[3] TODO: Assist can only call the original moves of a Transformed partner (Gen4 only): [33mTO_DO[0m
[3] TODO: Assurance doubles in power if the target has been damaged in the same turn - Recoil: [33mTO_DO[0m
[6] Acupressure fails on the user if it targeted its ally but switched positions via Ally Switch: [32mPASS[0m
[6] After You doesn't fail if the turn order remains the same after After You (Gen8+): [33mASSUMPTION_FAIL[0m
[3] Charm lowers Attack by 2 stages: [32mPASS[0m
[3] TODO: Attract causes the target to become infatuated with the user if they have opposite genders: [33mTO_DO[0m
[3] TODO: Aura Wheel can be used by Pokémon transformed into Morpeko: [33mTO_DO[0m
[3] TODO: Aurora Veil's damage reduction doesn't stack with Reflect or Light Screen: [33mTO_DO[0m
[3] TODO: Autotomize cannot decrease weight below 0.1kg (0.2 lbs): [33mTO_DO[0m
[3] TODO: Baddy Bad sets up Reflect, reducing physical damage: [33mTO_DO[0m
[3] TODO: AI doesn't choose Baton Pass if the Ace Pokémon is the last one available to switch in: [33mTO_DO[0m
[3] TODO: Baton Pass doesn't pass Disable's effect: [33mTO_DO[0m
[3] TODO: Baton Pass passes Magnet Rise's effect: [33mTO_DO[0m
[3] TODO: Baton Pass passes Perish Song's effect: [33mTO_DO[0m
[3] TODO: Baton Pass passes escape prevention secondary effect: [33mTO_DO[0m
[3] TODO: Beat Up hits the target for each non-fainted, non-statused member in the party: [33mTO_DO[0m
[3] TODO: Beat Up's base power is the same for each strike: [33mTO_DO[0m
[3] TODO: Beat Up's damage is Dark-typed: [33mTO_DO[0m
[3] TODO: Beat Up's damage considers Choice Band: [33mTO_DO[0m
[1] Multi hit Moves hit five times 15% of the time: [32mPASS[0m
[3] Belly Drum maximizes the user's Attack stat: [32mPASS[0m
[3] TODO: Bestow fails if the target is behind a Substitute: [33mTO_DO[0m
[3] TODO: Blizzard ignores accuracy check durin Hail and Snow: [33mTO_DO[0m
[3] TODO: Body Press's damage is NOT influenced by any other Defense besides stat stages: [33mTO_DO[0m
[3] TODO: Bolt Beak's base power is doubled the target switches out: [33mTO_DO[0m
[1] Endure does not prevent multiple hits and stat changes occur at the end of the turn: [32mPASS[0m
[7] Ally Switch has no effect on partner's chosen move: [32mPASS[0m
[7] TODO: Assist can call moves in unhatched Eggs (Gen5 only): [33mTO_DO[0m
[7] TODO: Assurance doubles in power if the target has been damaged in the same turn - Rocky Helmet: [33mTO_DO[0m
[7] Howl raises user's Attack by 1 stage: [33mASSUMPTION_FAIL[0m
[7] TODO: Attract fails if the target is already infatuated: [33mTO_DO[0m
[7] TODO: Aurora Veil reduces damage done to the user by roughly a third in doubles: [33mTO_DO[0m
[7] TODO: Autotomize increases Speed by 2 stages: [33mTO_DO[0m
[7] TODO: Autotomize's weight reduction is reset upon form change (Gen6+): [33mTO_DO[0m
[7] TODO: Baton Pass switches out the user: [33mTO_DO[0m
[7] TODO: Baton Pass doesn't pass ability changes: [33mTO_DO[0m
[7] TODO: Baton Pass passes Heal Block's effect: [33mTO_DO[0m
[7] TODO: Baton Pass passes Minimize's evasion but not the weakness to stomping moves: [33mTO_DO[0m
[7] TODO: Baton Pass doesn't pass Transformations: [33mTO_DO[0m
[6] Ally Switch does not redirect moves done by pokemon with Stalwart and Propeller Tail: [32mPASS[0m
[6] TODO: Assist can call moves with no PP left: [33mTO_DO[0m
[6] TODO: Assist can call a Mimicked move but not the original Mimic (Gen5+): [33mTO_DO[0m
[6] TODO: Assurance doubles in power if the target has been damaged in the same turn - Confusion: [33mTO_DO[0m
[1] Octolock reduction is prevented by Clear Body, White Smoke and Full Metal Body: [32mPASS[0m
[6] Swords Dance raises Attack by 2 stages: [32mPASS[0m
[6] TODO: Attract bypasses Substitute: [33mTO_DO[0m
[6] TODO: Aurora Veil reduces damage done to the user by half in singles: [33mTO_DO[0m
[6] TODO: Aurora Veil doesn't reduce damage done by moves that do direct damage: [33mTO_DO[0m
[6] TODO: Autotomize's weight reduction cannot be removed by Haze: [33mTO_DO[0m
[7] Beak Blast burns only when contact moves are used: [32mPASS[0m
[7] TODO: Beat Up's damage is determined by the user's attack and the target's defense: [33mTO_DO[0m
[7] TODO: Belch can still be used after fainting: [33mTO_DO[0m
[1] Photon Geyser ignores ignorable Abilities like Battle Armor: [32mPASS[0m
[3] Brick Break can remove Light Screen, Reflect and Aurora Veil on users side: [32mPASS[0m
[3] TODO: Captivate fails if the target is genderless: [33mTO_DO[0m
[7] Belly Drum's HP cost doesn't trigger effects that trigger on damage taken: [32mPASS[0m
[7] TODO: Bestow fails if the user has no held item: [33mTO_DO[0m
[6] Baton Pass used after Memento works correctly: [31mFAIL[0m
[6] TODO: Baton Pass doesn't pass type changes: [33mTO_DO[0m
[6] TODO: Baton Pass passes Focus Energy's effect: [33mTO_DO[0m
[6] TODO: Baton Pass doesn't pass Mimic's learnt move: [33mTO_DO[0m
[6] TODO: Baton Pass passes Sappy Seed's effect: [33mTO_DO[0m
[3] Charge's effect is removed if the user fails using an Electric move (Gen 9+): [32mPASS[0m
[1] Swamp reduces the speed of the effected side by 1/4th: [32mPASS[0m
[7] Bide deals twice the taken damage over two turns: [31mFAIL[0m
[3] Chilly Reception does not switch the user out if no replacements: [32mPASS[0m
[3] TODO: Clangorous Soul raises the user's Defense by 1 stage: [33mTO_DO[0m
[3] TODO: Clangorous Soul fails if the user's HP is less or equal than 1/3: [33mTO_DO[0m
[3] TODO: Coil raises the user's Attack by 1 stage: [33mTO_DO[0m
[6] Beak Blast burns all who make contact with the pokemon: [32mPASS[0m
[6] TODO: Beat Up's damage is typeless: [33mTO_DO[0m
[6] TODO: Beat Up ignores Huge Power: [33mTO_DO[0m
[6] TODO: Beat Up's base power is determined by each striking Pokémon: [33mTO_DO[0m
[6] TODO: Belch can still be used after switching out: [33mTO_DO[0m
[1] Damage calculation: Combined pledge move 1/16: [31mFAIL[0m
[6] Belly Drum fails if the user's Attack is already at +6: [32mPASS[0m
[6] TODO: Bestow transfers its held item to the target: [33mTO_DO[0m
[6] TODO: Bestow fails if the user's held item is a Z-Crystal: [33mTO_DO[0m
[7] Body Press uses Defense Stat even in Wonder Room: [32mPASS[0m
[3] Teeter Dance can confuse foes and allies: [32mPASS[0m
[3] TODO: Conversion changes the user's types to the one in the user's first slot (Gen 6+): [33mTO_DO[0m
[1] Powder still blocks the target's Fire type moves even if it was given Grass type: [32mPASS[0m
[3] Conversion 2's type change considers dynamic type moves: [32mPASS[0m
[3] TODO: Copycat fails if no move has been made: [33mTO_DO[0m
[3] TODO: Copycat copies other calling moves instead of the move they called (Gen 4): [33mTO_DO[0m
[4] Sheer Force only boosts the damage of moves it's supposed to boost 3: [32mPASS[0m
[5] (TERA) All type indicators function correctly - Opponent: [32mPASS[0m
[6] Body Press's damage depends on the user's Defense and not Attack stat stages: [32mPASS[0m
[6] TODO: Brine's power doubles if the target is at 50% or below max HP: [33mTO_DO[0m
[6] TODO: Calm Mind increases the user's Sp. Attack and Sp. Defense by 1 stage each: [33mTO_DO[0m
[6] TODO: Camouflage changes the type of the user to Psychic if Psychic Terrain is active: [33mTO_DO[0m
[6] TODO: Judgement changes type depending on the plate the user holds: [33mTO_DO[0m
[4] Switch AI: AI will switch out if it can't deal damage to a mon with Wonder Guard: [32mPASS[0m
[3] Corrosive Gas destroys the target's item or fails if the target has no item: [32mPASS[0m
[3] TODO: Counter can return damage dealt to a substitute (Gen 1): [33mTO_DO[0m
[7] Brick Break doesn't remove Light Screen, Reflect and Aurora Veil if the target Protected: [32mPASS[0m
[7] TODO: Camouflage changes the type of the user to Fairy if Misty Terrain is active: [33mTO_DO[0m
[7] TODO: Multi Attack changes type depending on the memory the user holds: [33mTO_DO[0m
[1] Eruption's damage is affected by the user's current HP: [32mPASS[0m
[6] Charge's effect is removed regardless if the next move is Electric or not (Gen 3-8): [32mPASS[0m
[7] Charge will not expire if it flinches twice in a row: [32mPASS[0m
[6] Chilly Reception does not switch the user out if replacements fainted: [32mPASS[0m
[6] TODO: Clangorous Soul raises the user's Sp. Defense by 1 stage: [33mTO_DO[0m
[4] AI_FLAG_SMART_SWITCHING: AI will switch out if it has been Toxic'd for at least two turns 50% of the time with more than 1/3 HP remaining with good switchin 2/2 (1/?): [31mINVALID[0m
[7] Chilly Reception changes the weather, even if the user cannot switch out: [32mPASS[0m
[7] TODO: Clangorous Soul raises the user's Speed by 1 stage: [33mTO_DO[0m
[3] Court Change swaps entry hazards used by the player: [31mFAIL[0m
[6] Coaching bypasses Crafty Shield: [32mPASS[0m
[7] Coaching fails if all allies are is semi-invulnerable: [33mKNOWN_FAILING[0m
[5] Booster Energy activates Protosynthesis and increases highest stat: [32mPASS[0m
[3] Curse applies to the user if used with Protean: [32mPASS[0m
[6] Collision Course damage is increased by 33 Percent if super effective: [32mPASS[0m
[6] TODO: Conversion 2's type change considers Inverse Battles: [33mTO_DO[0m
[5] Covert Cloak does or does not block Sparkling Aria depending on number of targets hit: [33mKNOWN_FAILING[0m
[7] Collision Course does normal damage if not super effective: [32mPASS[0m
[6] Conversion 2 fails if the move used is of typeless damage (Gen 5+): [32mPASS[0m
[6] TODO: Copycat fails if the last move used is a Z-Move: [33mTO_DO[0m
[6] TODO: Copycat ignores the recharging turn of recharging moves (Gen 5+): [33mTO_DO[0m
[7] Conversion 2 randomly changes the type of the user to a type that resists the last used target's move (Gen 5+): [32mPASS[0m
[4] AI_FLAG_SMART_SWITCHING: AI will switch out if main attacking stat lowered by 2 stages with good switchin candidate 50% of the time: [32mPASS[0m
[5] Lansat Berry raises the holder's critical-hit-ratio by two stages when HP drops to 1/4 or below: [32mPASS[0m
[7] Conversion 2 fails if the targeted move is Stellar Type: [32mPASS[0m
[7] TODO: Copycat can only copy charging moves after it has been executed (Gen 4): [33mTO_DO[0m
[7] TODO: Copycat can copy Bide on all turns: [33mTO_DO[0m
[7] TODO: Corrosive Gas doesn't destroy the item of a Pokemon behind a Substitute: [33mTO_DO[0m
[7] TODO: Counter hits the last opponent that hit the user: [33mTO_DO[0m
[7] TODO: Counter cannot hit ghost-type Pokémon (Gen 2+): [33mTO_DO[0m
[7] TODO: Court Change used by the player swaps G-Max Steelsurge, G-Max Vine Lash, G-Max Wildfire, G-Max Cannonade: [33mTO_DO[0m
[3] Defog lowers evasiveness by 1 and removes Reflect and Light Screen from opponent's side: [32mPASS[0m
[1] Multi-hit moves don't hit a protected target and fail only once: [32mPASS[0m
[5] Aspear and Lum Berries cure freeze or frostbite: [32mPASS[0m
[4] Mega Evolution happens after switching, but before Focus Punch-like Moves: [32mPASS[0m
[7] Harden raises Defense: [32mPASS[0m
[4] Primal reversion happens after a mon is sent out after a mon is fainted: [32mPASS[0m
[1] Crafty Shield protects self and ally from Confide and Decorate: [32mPASS[0m
[1] Pursuited mon correctly switches out after it got hit and activated ability Tangling Hair: [32mPASS[0m
[1] TODO: Baton Pass doesn't cause Pursuit to increase its power or priority: [33mTO_DO[0m
[4] Primal reversion happens immediately if it was brought in by U-turn: [32mPASS[0m
[7] Defog lowers evasiveness by 1 and removes Toxic Spikes from opponent's side: [32mPASS[0m
[5] Player Pokemon can be further poisoned with Toxic spikes after a status healing hold effect was previously used: [32mPASS[0m
[3] Defog lowers evasiveness by 1 and removes Aurora Veil from player's side: [32mPASS[0m
[5] Eject Button is not triggered when there is nothing to switch in: [32mPASS[0m
[4] Dusk Mane Necrozma can Ultra Burst holding Ultranecrozium Z: [32mPASS[0m
[7] Doodle fails if user has a banned Ability: [32mPASS[0m
[3] Dragon Darts strikes twice: [32mPASS[0m
[5] Eject Button is not triggered after given to player by Picketpocket: [32mPASS[0m
[1] Quash calculates correct turn order if only one pokemon is left on the opposing side: [31mFAIL[0m
[7] Dragon Darts strikes the right ally twice if the target is a fairy type: [32mPASS[0m
[4] (DYNAMAX) Dynamax increases HP and max HP by 1.5x: [32mPASS[0m
[5] Eject Pack does not cause the new Pokémon to lose HP due to it's held Life Orb: [32mPASS[0m
[3] Dragon Darts strikes left ally twice if electrified and right ally has Volt Absorb: [32mPASS[0m
[1] Rage Fist base power is increased by each multi hit: [32mPASS[0m
[7] Dragon Darts strikes the ally twice if the target is in a semi-invulnerable turn: [32mPASS[0m
[2] Sheer Force only boosts the damage of moves it's supposed to boost 4: [32mPASS[0m
[5] Enigma Berry does nothing if Heal Block applies: [32mPASS[0m
[4] (DYNAMAX) Dynamaxed Pokemon can be switched out by Eject Button: [32mPASS[0m
[3] Dragon Darts strikes hit the ally if the target fainted: [32mPASS[0m
[7] Dream Eater fails on awake targets: [32mPASS[0m
[7] Embargo doesn't block held item effects that affect effort values: [33mASSUMPTION_FAIL[0m
[5] Jaboca Berry tirggers before Bug Bite can steal it: [33mKNOWN_FAILING[0m
[1] Rage Fist base power is not increased if a substitute was hit: [32mPASS[0m
[2] AI_FLAG_SMART_SWITCHING: AI switches out after sufficient stat drops: [32mPASS[0m
[6] Corrosive Gas destroys foes and ally's items if they have one: [32mPASS[0m
[5] Leftovers does nothing if max HP: [32mPASS[0m
[4] (DYNAMAX) Dynamaxed Pokemon can have base moves disabled on their first turn: [32mPASS[0m
[1] Rage Fist base power is not increased if move had no affect: [32mPASS[0m
[7] Embargo makes Fling and Natural Gift fail: [32mPASS[0m
[6] Doodle can't copy a banned ability: [32mPASS[0m
[1] Raging Bull doesn't remove Light Screen, Reflect and Aurora Veil if the target is immune: [33mKNOWN_FAILING[0m
[2] AI_FLAG_SMART_SWITCHING: AI will switch out if mon would be OKHO'd and they have a good switchin 50% of the time: [32mPASS[0m
[4] (DYNAMAX) Feint bypasses Max Guard but doesn't break it: [32mPASS[0m
[5] Metronome Item gradually boosts power of consecutively used moves by 20%, up to 100%: [32mPASS[0m
[1] Jump Kick has 50% recoil on miss: [32mPASS[0m
[7] Embargo doesn't prevent Mega Evolution: [32mPASS[0m
[7] TODO: Embargo doesn't block held item effects that affect prize money: [33mTO_DO[0m
[3] Earthquake's and Bulldoze's damage is halved when Grassy Terrain is in effect: [32mPASS[0m
[6] Dragon Darts strikes the ally twice if the target protects: [32mPASS[0m
[2] AI_FLAG_SMART_SWITCHING: AI will switch out if player's mon is semi-invulnerable and it has an absorber: [32mPASS[0m
[4] (DYNAMAX) Dynamaxed Pokemon cannot use Max Guard while holding Assault Vest: [32mPASS[0m
[7] Encore overrides the chosen move if it occurs first: [32mPASS[0m
[5] Micle Berry raises the holder's accuracy by 1.2 when HP drops to 1/4 or below: [32mPASS[0m
[3] Embargo doesn't prevent Primal Reversion: [31mFAIL[0m
[6] Dragon Darts strikes right ally twice if electrified and left ally has Motor Drive: [32mPASS[0m
[2] AI_FLAG_SMART_SWITCHING: AI will switch out if it has an absorber but current mon has SE move 33% of the time (2/2): [31mFAIL[0m
[6] Dream Eater recovers 50% of the damage dealt: [32mPASS[0m
[7] Explosion causes everyone to faint in a double battle: [32mPASS[0m
[4] (DYNAMAX) Heal Pulse heals based on a Pokemon's non-Dynamax HP: [32mPASS[0m
[5] Protective Pads protected moves still make direct contact: [32mPASS[0m
[3] Encore forces consecutive move uses for 3 turns for player: Encore used after move: [32mPASS[0m
[7] Burn Up fails if the user isn't a Fire-type: [32mPASS[0m
[7] Fickle Beam deals double damage 30% of the time: [33mASSUMPTION_FAIL[0m
[2] Switch AI: AI will switch out if mon has Truant and opponent has Protect: [32mPASS[0m
[3] Explosion causes the user to faint: [32mPASS[0m
[4] (DYNAMAX) Max Mindstorm sets up Psychic Terrain: [32mPASS[0m
[1] Jump Kick's recoil happens after Spiky Shield damage and Pokemon can faint from either of these: [32mPASS[0m
[6] Embargo doesn't block held item effects that affect experience gain: [32mPASS[0m
[7] Fling - Item is lost when target protects itself: [32mPASS[0m
[3] Explosion is blocked by Ability Damp: [32mPASS[0m
[5] Red Card switches the attacker with a random non-fainted replacement: [32mPASS[0m
[1] Reflect Type copies a target's pure type: [32mPASS[0m
[6] Embargo doesn't block the effects of berries obtained through Bug Bite or Pluck: [32mPASS[0m
[3] Burn Up user loses its Fire-type if enemy faints: [32mPASS[0m
[6] Embargo can be reflected by Magic Coat: [32mPASS[0m
[6] TODO: Embargo doesn't prevent the usage of Z-Moves: [33mTO_DO[0m
[3] Fillet Away sharply raises Attack, Sp. Atk, and Speed: [32mPASS[0m
[1] Refresh does not cure the user of Freeze: [32mPASS[0m
[5] Red Card does not activate if switched by Dragon Tail: [32mPASS[0m
[6] Encore has no effect if no previous move: [32mPASS[0m
[4] (DYNAMAX) G-Max Stun Shock paralyzes or poisons both opponents: [32mPASS[0m
[1] Relic Song is prevented by Soundproof: [32mPASS[0m
[3] Flame Burst Substitute: [32mPASS[0m
[5] White Herb restores stats after Attack was lowered by Intimidate in singles: [32mPASS[0m
[6] Explosion causes the user to faint even if it has no effect: [32mPASS[0m
[1] Relic Song will become a Water-type move when used by a Pokémon with the Ability Liquid Voice: [32mPASS[0m
[2] Switch AI: AI will switch into mon with good type matchup and SE move if current mon has no SE move and no stats raised: [32mPASS[0m
[5] White Herb wont have time to activate if Magician steals it: [32mPASS[0m
[6] Burn Up user loses its Fire-type: [32mPASS[0m
[3] Fling's thrown item can be regained with Recycle: [32mPASS[0m
[1] Relic Song transforms Meloetta twice if used successfully: [32mPASS[0m
[6] Double Shock user loses its Electric-type if enemy faints: [32mPASS[0m
[2] Primal reversion's order is determined by Speed - opponent faster: [32mPASS[0m
[5] Rowap Berry causes the attacker to lose 1/8 of its max HP if a special move was used: [32mPASS[0m
[4] (DYNAMAX) G-Max Snooze makes only the target drowsy: [32mPASS[0m
[1] Relic Song transforms Meloetta after Magician was activated: [32mPASS[0m
[6] Sonic Boom deals fixed damage: [32mPASS[0m
[2] Primal reversion happens after a switch-in caused by Red Card: [32mPASS[0m
[5] Salac Berry raises the holder's Speed by one stage when HP drops to 1/4 or below: [32mPASS[0m
[4] (TERA) Terastallizing into a different type gives that type 1.5x STAB: [32mPASS[0m
[1] Retaliate works with Perish Song: [31mINVALID[0m
[6] Fling - Item is lost even when there is no target: [32mPASS[0m
[5] Awakening heals a battler from being asleep: [32mPASS[0m
[1] Revelation Dance changes its type depending on the user's 2nd Type if it has no 1st type: [32mPASS[0m
[4] (TERA) Terastallization's 60 BP floor does not apply to priority moves: [32mPASS[0m
[4] (TERA) Conversion fails if used by a Terastallized Pokemon: [32mPASS[0m
[3] Fling doesn't consume the item if pokemon is asleep/frozen/paralyzed: [32mPASS[0m
[4] (TERA) Double Shock does not remove the user's Electric type while Terastallized, and changes STAB modifier depending on when it is used: [31mERROR[0m
[2] Primal reversion and other switch-in effects trigger for all battlers if multiple fainted the previous turn: [31mFAIL[0m
[4] (TERA) Roost does not remove Flying-type ground immunity when Terastallized into the Stellar type: [32mPASS[0m
[2] Ultra Burst and Mega Evolution can happen on the same turn: [32mPASS[0m
[3] Future Sight will miss timing if target faints before it is about to get hit: [32mPASS[0m
[3] If Glaive Rush is successful moves targeted at the user do not check accuracy: [33mASSUMPTION_FAIL[0m
[3] Heal Pulse heals the target by 1/2 of it's maxHP: [32mPASS[0m
[4] (TERA) Status moves don't expend Stellar's one-time type boost: [32mPASS[0m
[2] (DYNAMAX) Dynamaxed Pokemon are not affected by Destiny Bond: [32mPASS[0m
[3] Heal Pulse ignores accurace checks: [32mPASS[0m
[6] Fling's secondary effects are blocked by Shield Dust: [32mPASS[0m
[5] Pewter Crunchies heals a battler from any primary status: [32mPASS[0m
[2] (DYNAMAX) Dynamaxed Pokemon are not affected by Red Card: [32mPASS[0m
[2] (DYNAMAX) Dynamaxed Pokemon's Max Moves cannot be disabled: [32mPASS[0m
[1] Revelation Dance becomes Typeless if its user is Typeless: [32mPASS[0m
[7] Fling - thrown berry's effect activates for the target even if the trigger conditions are not met: [32mPASS[0m
[2] (DYNAMAX) Max Moves deal 1/4 damage through protect: [32mPASS[0m
[1] Roar switches the target with a random non-battler, non-fainted replacement: [32mPASS[0m
[2] (DYNAMAX) Sitrus Berries heal based on a Pokemon's non-Dynamax HP: [32mPASS[0m
[7] Hydro Steam deals 1.5x damage under both Sunlight and Rain: [32mPASS[0m
[5] Big Malasada heals a battler from any primary status: [32mPASS[0m
[2] (DYNAMAX) Max Rockfall sets up a sandstorm: [32mPASS[0m
[7] Instruct-called move doesn't fail if tormented: [32mPASS[0m
[5] Full Restore restores a battler's HP and cures confusion: [32mPASS[0m
[7] Ion Deluge works the same way as always when used by a mon with Lightning Rod / Motor Drive: [32mPASS[0m
[5] X Attack sharply raises battler's Attack stat: [32mPASS[0m
[2] (DYNAMAX) G-Max Hydrosnipe has fixed power and ignores abilities: [32mPASS[0m
[7] Knock Off does not prevent targets from receiving another item in Gen 5+: [32mPASS[0m
[7] Knock Off does knock off Mega Stones from Pokemon that don't actually use them: [32mPASS[0m
[5] X Sp. Atk sharply raises battler's Sp. Attack stat: [32mPASS[0m
[5] X Accuracy sharply raises battler's Accuracy stat: [33mASSUMPTION_FAIL[0m
[7] Knock Off doesn't knock off Ultranecrozium Z from Pokemon that actually use it: [32mPASS[0m
[6] Gastro Acid fails if target has a banned ability: [32mPASS[0m
[7] Last Resort works only when all of the known moves have been used - 3 moves: [32mPASS[0m
[5] Max Mushrooms raises battler's Defense stat: [32mPASS[0m
[2] (DYNAMAX) G-Max Wildfire sets a field effect that damages non-Fire types: [32mPASS[0m
[7] Leech Seed recovery is prevented by Heal Block: [32mPASS[0m
[7] TODO: Leech Seed's effect pause still prevents it from being seeded again: [33mTO_DO[0m
[5] Elixir restores the PP of all of a battler's moves by 10: [32mPASS[0m
[6] Instruct-called move fails if it can only be used on the first turn but consumes PP: [32mPASS[0m
[6] Ion Deluge works the same way as always when used by a mon with Volt Absorb: [32mPASS[0m
[7] Steel Beam makes the user lose 1/2 of its Max HP in a double battle: [32mPASS[0m
[5] Revival Herb restores a fainted battler's HP fully: [32mPASS[0m
[5] TODO: Poke Balls can't be thrown when there's no space in the Pokemon Storage System: [33mTO_DO[0m
[7] Steel Beam is not blocked by Damp: [32mPASS[0m
[5] Absorb fails if Heal Block applies: [32mPASS[0m
[2] (DYNAMAX) G-Max Chi Strike boosts allies' crit chance: [32mPASS[0m
[6] Knock Off activates after Rocky Helmet and Weakness Policy: [32mPASS[0m
[4] (TERA) All type indicators function correctly: [32mPASS[0m
[7] Mind Blown causes the user to faint when below 1/2 of its Max HP in a double battle: [32mPASS[0m
[6] Knock Off doesn't knock off items from Pokemon behind substitutes: [32mPASS[0m
[2] (DYNAMAX) Max Moves don't execute effects on fainted battlers: [32mPASS[0m
[5] Sand Attack lowers Accuracy by 1 stage: [32mPASS[0m
[6] Knock Off doesn't knock off Z-Crystals: [32mPASS[0m
[7] Mind Blown does not cause the user to lose HP if there is no target: [32mPASS[0m
[4] Booster Energy will activate Protosynthesis after harsh sunlight ends: [32mPASS[0m
[6] Last Resort works only when all of the known moves have been used - 2 moves: [32mPASS[0m
[2] (TERA) Terastallizing into a different type preserves other STAB boosts: [32mPASS[0m
[5] After You calculates correct turn order if only one pokemon is left on the opposing side: [31mFAIL[0m
[6] Leech Seeded targets lose 1/8 of its max HP every turn and give it to the user: [32mPASS[0m
[6] TODO: Leech Seed's effect is paused until a new battler replaces the original user's position: [33mTO_DO[0m
[1] Roost, if used by a Flying/Flying type, treats the user as a Normal-type (or Typeless in Gen. 4) until the end of the turn: [32mPASS[0m
[5] Ally Switch does not redirect the target of Snipe Shot: [32mPASS[0m
[6] Steel Beam makes the user lose 1/2 of its Max HP: [32mPASS[0m
[2] (TERA) Terastallization's 60 BP floor occurs after Technician: [32mPASS[0m
[1] Shell Trap activates immediately after being hit on turn 2 and attacks both opponents: [32mPASS[0m
[7] Moonlight recovers 1/4 of the user's max HP in Rain, Sandstorm, Hail, and Snow: [32mPASS[0m
[6] Steel Beam does not cause the user to lose HP if there is no target: [32mPASS[0m
[4] Booster Energy increases special defense by 30% if it is the highest stat: [32mPASS[0m
[5] Ally switch swaps sky drop targets if being used by partner: [32mPASS[0m
[5] TODO: Baton Pass passes Aqua Ring's effect: [33mTO_DO[0m
[5] TODO: Assist counts all instances of the same move as separate: [33mTO_DO[0m
[5] TODO: Assist cannot call a Mimicked move (Gen4 only): [33mTO_DO[0m
[5] TODO: Assurance doubles in power if the target has been damaged in the same turn - Crash: [33mTO_DO[0m
[7] Scale Shot is immune to Fairy types and will end the move correctly: [32mPASS[0m
[6] Mind Blown causes the user to faint when below 1/2 of its Max HP: [32mPASS[0m
[2] (TERA) Type-changing moves fail against a Terastallized Pokemon: [32mPASS[0m
[4] Covert Cloak does not block self-targeting effects, primary or secondary 2/4: [31mFAIL[0m
[6] Mind Blown makes the user lose HP even if it is absorbed by Flash Fire: [32mPASS[0m
[5] Meditate raises Attack by 1 stage: [32mPASS[0m
[5] TODO: Attract ignores type immunity: [33mTO_DO[0m
[6] Moonlight recovers 2/3 of the user's max HP in Sunlight: [32mPASS[0m
[2] (TERA) Terastallizing into the Stellar type boosts all moves up to 60 BP once per type: [32mPASS[0m
[4] Rawst and Lum Berries cure burn: [32mPASS[0m
[7] Multi Hit moves will not disrupt Destiny Bond flag: [32mPASS[0m
[7] Sheer Cold doesn't affect Ice-type Pokémon: [33mASSUMPTION_FAIL[0m
[2] (TERA) Illusion breaks if the pokemon Terastalizes: [33mKNOWN_FAILING[0m
[7] Photon Geyser can be mirror coated if it is a special move: [32mPASS[0m
[5] Aurora Veil can only be used in Hail and Snow: [32mPASS[0m
[5] TODO: Baddy Bad can still damage the target when Reflect is already set up: [33mTO_DO[0m
[5] TODO: Baton Pass doesn't pass infatuation: [33mTO_DO[0m
[5] TODO: Baton Pass passes Fairy lock's escape prevention effect: [33mTO_DO[0m
[5] TODO: Baton Pass doesn't pass escape prevention primary effects if it's used by the user: [33mTO_DO[0m
[5] TODO: Baton Pass doesn't pass Rollout's multiplier: [33mTO_DO[0m
[2] (Z-MOVE) Z_EFFECT_RESET_STATS clears a battler's negative stat stages: [32mPASS[0m
[7] Sea Of Fire deals 1/8th damage per turn: [32mPASS[0m
[5] Beak Blast's charging message is shown before other moves are used: [32mPASS[0m
[5] TODO: Beat Up lists each party member's name: [33mTO_DO[0m
[5] TODO: Beat Up ignores stat stage changes: [33mTO_DO[0m
[5] TODO: Beat Up's can trigger King's Rock on all strikes: [33mTO_DO[0m
[2] (Z-MOVE) Z_EFFECT_FOLLOW_ME redirects attacks to the user: [32mPASS[0m
[4] Opponent Pokemon can be further poisoned with Toxic spikes after a status healing hold effect was previously used: [32mPASS[0m
[2] (Z-MOVE) Z-Mirror Move raises the user's attack by two stages and copies the last used non-status move as a Z-Move: [32mPASS[0m
[5] Belch cannot be used if the user has not eaten a berry: [32mPASS[0m
[5] TODO: Belly Drum deducts HP if the user has contrary and is at -6: [33mTO_DO[0m
[5] TODO: Bestow fails if the user's held item changes its form: [33mTO_DO[0m
[4] Ganlon Berry raises Defense by one stage when HP drops to 1/4 or below if holder has Ripen: [32mPASS[0m
[6] Multi hit Moves hit thrice 35% of the time: [32mPASS[0m
[2] (Z-MOVE) Z-Copycat raises the user's accuracy by one stage and copies the last used non-status move as a Z-Move: [31mFAIL[0m
[4] Eject Button is not triggered after the mon loses Eject Button: [32mPASS[0m
[5] Body Press's damage depends on the user's base Defense instead of its base Attack: [32mPASS[0m
[2] (Z-MOVE) Z-Sleep Talk transforms a used non-status move into a Z-Move: [32mPASS[0m
[6] Scale Shot decreases defense and increases speed after final hit: [32mPASS[0m
[5] Brick Break doesn't remove Light Screen, Reflect and Aurora Veil if the target is immune: [33mKNOWN_FAILING[0m
[5] TODO: Camouflage changes the type of the user to Electric if Electric Terrain is active: [33mTO_DO[0m
[2] (Z-MOVE) Z-Sleep Talk turns Weather Ball into Breakneck Blitz even under rain: [31mFAIL[0m
[4] Eject Button activation will not trigger an attack from the incoming mon: [32mPASS[0m
[6] Scale Shot decreases defense and increases speed after killing opposing with less then 4 hits 1/2: [31mFAIL[0m
[4] Enigma Berry does nothing if not hit by super effective move: [32mPASS[0m
[1] Simple Beam fails if target has an ability that can't be overwritten: [32mPASS[0m
[1] Spikes do not damage airborne Pokemon: [33mASSUMPTION_FAIL[0m
[2] (Z-MOVE) Powder blocks Fire type Z-Moves (from Z-Mirror Move): [32mPASS[0m
[6] Octolock triggers Defiant for both stat reductions: [32mPASS[0m
[6] TODO: Fissure's ignores non-stage accuracy modifiers: [33mTO_DO[0m
[5] Techno Blast changes type depending on the drive the user holds: [32mPASS[0m
[2] (Z-MOVE) Instruct fails if the target last used a Z-Move: [32mPASS[0m
[4] Jaboca Berry causes the attacker to lose 1/8 of its max HP if a physical move was used: [32mPASS[0m
[1] Strength Sap lowers Attack by 1 and restores HP based on target's Attack Stat: [32mPASS[0m
[2] (Z-MOVE) Extreme Evoboost boosts all the user's stats by two stages: [32mPASS[0m
[5] Coaching bypasses Protect: [32mPASS[0m
[5] TODO: Coil raises the user's Accuracy by 1 stage: [33mTO_DO[0m
[5] TODO: Conversion changes the user's types randomly to one of the user's move (Gen 2-5): [33mTO_DO[0m
[5] TODO: Conversion can change the user's types to Conversion's type: [33mTO_DO[0m
[4] Maranga Berry doesn't trigger if partner was hit: [32mPASS[0m
[1] Stuff Cheeks raises Defense by 2 stages after consuming the berry and gaining its effect: [32mPASS[0m
[7] Pledge status timer does not reset if combined move is used again: [32mPASS[0m
[1] Substitute fails if the user doesn't have enough HP: [32mPASS[0m
[5] Conversion 2's type change fails targeting Struggle (Gen 5+): [32mPASS[0m
[5] TODO: Copycat can copy moves regardless if they failed or not: [33mTO_DO[0m
[5] TODO: Copycat can copy charging moves in both the charging and the executing turn (Gen 5+): [33mTO_DO[0m
[2] (Z-MOVE) Clangorous Soulblaze boosts all the user's stats by one stage: [32mPASS[0m
[6] Fire and Grass Pledge summons Sea Of Fire for four turns that damages the opponent: [32mPASS[0m
[4] Metronome Item doesn't increase damage per hit of multi-hit moves: [32mPASS[0m
[5] Items lost to Corrosive Gas cannot be restored by Recycle: [32mPASS[0m
[5] TODO: Counter cannot affect ally Pokémon: [33mTO_DO[0m
[5] TODO: Counter can only counter physical moves (Gen 2+): [33mTO_DO[0m
[1] Synthesis recovers 2/3 of the user's max HP in Sunlight: [32mPASS[0m
[6] Pledge moves can not be redirected by absorbing abilities: [32mPASS[0m
[1] Take Heart cures sleep when used by Sleep Talk: [31mFAIL[0m
[2] Ability Shield prevents Neutralizing Gas: [32mPASS[0m
[1] Teatime causes the user to consume its Berry, ignoring HP requirements: [32mPASS[0m
[4] Mirror Herb copies all of foe's positive stat changes in a turn: [32mPASS[0m
[2] Air Balloon prevents the holder from taking damage from ground type moves: [32mPASS[0m
[1] Teatime causes the user to consume its Berry, ignoring HP requirements, when not used by the Player: [32mPASS[0m
[2] Air Balloon prevents the user from being healed by Grassy Terrain: [32mPASS[0m
[7] Pledge move combo doesn't fail if any mon wakes up: [32mPASS[0m
[1] Teatime fails if no Pokémon is holding a Berry: [32mPASS[0m
[4] Quick Claw activates 20% of the time: [32mPASS[0m
[2] Liechi Berry raises Attack by one stage when HP drops to 1/4 or below if holder has Ripen: [32mPASS[0m
[5] Court Change used by the opponent swaps Mist, Safeguard, Aurora Veil, Reflect, Light Screen, Tailwind: [31mFAIL[0m
[4] Red Card does not activate if stolen by Magician: [32mPASS[0m
[5] Tail Whip lowers Defense: [32mPASS[0m
[2] Berserk Gene activates on switch in: [32mPASS[0m
[4] Red Card prevents Emergency Exit activation when triggered: [32mPASS[0m
[4] White Herb restores stats when they're lowered: [32mPASS[0m
[7] Pledge move combo doesn't fail if any mon thaws out: [32mPASS[0m
[1] Teatime triggers Motor Drive if it has been affected by Electrify or Plasma Fists, even when not holding a Berry: [32mPASS[0m
[2] Berserk Gene causes confusion for more than 5 turns: [32mPASS[0m
[2] Blunder Policy will never trigger if the move fails due to an immunity: [33mASSUMPTION_FAIL[0m
[5] Defog lowers evasiveness by 1 and removes terrain (Gen 8+): [32mPASS[0m
[4] White Herb wont have time to activate if it is knocked off or stolen by Thief: [32mPASS[0m
[4] TODO: Safety Goggles blocks Effect Spore's effect: [33mTO_DO[0m
[1] Tera Starstorm changes from Normal-type to Stellar-type if used by Terapagos-Stellar: [32mPASS[0m
[2] Booster Energy can't be tricked if a Paradox species is involved: [32mPASS[0m
[4] Apicot Berry raises Sp. Def by one stage when HP drops to 1/4 or below if holder has Ripen: [32mPASS[0m
[5] Dragon Darts strikes left ally twice if electrified and right ally has Motor Drive: [32mPASS[0m
[7] Pledge move combo fails if ally fails to act - Sleep Both Right Faster: [32mPASS[0m
[1] Thunder's accuracy is lowered to 50% in Sunlight: [32mPASS[0m
[5] Dragon Darts strikes right ally twice if one strike misses: [32mPASS[0m
[7] Pledge move combo doesn't trigger on opponent's Pledge move - Sleep: [32mPASS[0m
[5] Embargo blocks an affected Pokémon's trainer from using items: [33mKNOWN_FAILING[0m
[1] Toxic Spikes inflicts bad poison on switch in: [32mPASS[0m
[1] Toxic Spikes do not poison airborne Pokemon: [33mASSUMPTION_FAIL[0m
[7] Pledge move combo doesn't trigger on opponent's Pledge move - Sap Sipper: [32mPASS[0m
[6] Pledge move combo fails if ally fails to act - Sleep Right: [32mPASS[0m
[5] Embargo doesn't block a held item's form-changing effect, but it does block its other effects: [32mPASS[0m
[1] Toxic Spikes are removed by Poison-type Pokémon affected by Magnet Rise on switch in: [33mKNOWN_FAILING[0m
[1] TODO: Accuracy for Triple Kick is only checked for the first hit with Loaded Dice: [33mTO_DO[0m
[3] Hidden Power's type is determined by IVs: [32mPASS[0m
[4] Utility Umbrella blocks Sun damage modifiers: [32mPASS[0m
[2] Clear Amulet prevents stat reducing effects: [32mPASS[0m
[7] Pledge move combo doesn't trigger on opponent's Pledge move - Well Baked Body: [32mPASS[0m
[1] Sky Attack needs a charging turn: [32mPASS[0m
[6] Pledge move combo doesn't trigger on opponent's Pledge move - Storm Drain: [32mPASS[0m
[7] Powder blocks the target's Fire type moves and consumes PP: [32mPASS[0m
[5] Embargo disables the effect of the Memory items on the move Multi Attack: [32mPASS[0m
[2] Chesto and Lum Berries cure sleep: [32mPASS[0m
[7] Powder fails if the target is Grass type: [32mPASS[0m
[6] Pledge move combo doesn't trigger on opponent's Pledge move - Water Absorb: [32mPASS[0m
[5] Encore forces consecutive move uses for 3 turns for opponent: Encore used after move: [32mPASS[0m
[2] Custap Berry allows the holder to move first in its priority bracket when HP is below 1/4: [32mPASS[0m
[1] Solar Blade's power is halved in a Sandstorm: [32mPASS[0m
[6] Powder blocks the target's Fire type moves and deals 25% of maximum HP to target: [32mPASS[0m
[3] Raging Bull doesn't remove Light Screen, Reflect and Aurora Veil if the target Protected: [32mPASS[0m
[5] Explosion causes the user to faint even if it misses: [32mPASS[0m
[2] Ganlon Berry raises Defense by one stage when HP drops to 1/2 or below if holder has Gluttony: [32mPASS[0m
[1] Electro Shot doesn't need to charge when it's raining: [32mPASS[0m
[3] Jump Kick has 50% recoil on protect: [32mPASS[0m
[6] Powder fails if target is already affected by Powder: [32mPASS[0m
[2] Eject Button is not blocked by trapping abilities or moves: [32mPASS[0m
[1] Upper Hand fails if the target is using a status move: [32mPASS[0m
[5] Explosion boosted by Galvanize is correctly blocked by Volt Absorb: [32mPASS[0m
[6] Powder doesn't consume Berry from Fire type Natural Gift but prevents using the move: [32mPASS[0m
[2] Eject Button is not triggered after High Jump Kick crash damage: [32mPASS[0m
[3] Reflect reduces physical damage: [32mPASS[0m
[5] Double Shock fails if the user isn't an Electric-type: [32mPASS[0m
[4] Old Gateu heals a battler from any primary status: [32mPASS[0m
[7] Powder damages a target using Shell Trap even if it wasn't hit by a Physical move: [32mPASS[0m
[4] Poke Toy lets the player escape from a wild battle: [32mPASS[0m
[2] Enigma Berry recovers 25% of HP if hit by super effective move: [32mPASS[0m
[1] Wake-Up Slap does not cure paralyzed pokemons behind substitutes or get increased power: [32mPASS[0m
[1] TODO: Weather Ball doesn't double its power or change type if Cloud Nine/Air Lock is on the field: [33mTO_DO[0m
[5] Fillet Away's HP cost doesn't trigger effects that trigger on damage taken: [32mPASS[0m
[4] Poke Toy lets the player escape from a wild battle even if an ability forbid them to: [32mPASS[0m
[2] Gem modifier is used for all hits of Multi Hit Moves: [32mPASS[0m
[1] Ember inflicts burn: [32mPASS[0m
[2] Kee Berry doesn't trigger if partner was hit: [32mPASS[0m
[7] Burning Bulwark burns pokemon for moves making contact: [32mPASS[0m
[1] Matcha Gatcha can burn both targets: [32mPASS[0m
[2] Maranga Berry raises the holder's Sp. Def by two stages with Ripen when hit by a special move: [32mPASS[0m
[6] Spiky Shield does 1/8 dmg of max hp of attackers making contact and may faint them: [32mPASS[0m
[5] Fling fails if pokemon is under the effects of Embargo or Magic Room: [32mPASS[0m
[2] Metronome Item counts called moves instead of the calling move: [32mPASS[0m
[2] Micle Berry increases the accuracy of the next used move the same turn the berry was triggered: [33mASSUMPTION_FAIL[0m
[2] Mirror Herb copies the boost gained by an ability: [32mPASS[0m
[5] Focus Punch activates only if not damaged: [32mPASS[0m
[2] Protective Pads protects from Rocly Helmet Damage: [32mPASS[0m
[2] TODO: Starf Berry randomly raises the holder's Attack, Defense, Sp. Atk, Sp. Def, or Speed by four stages when the holder's HP drop to 1/4 or below if it has Riped: [33mTO_DO[0m
[5] Fury Cutter counter is the same for both hits of Parental Bond: [32mPASS[0m
[2] Red Card activates after the last hit of a multi-hit move: [32mPASS[0m
[2] Red Card does not activate if knocked off: [32mPASS[0m
[5] Future Sight receives STAB from party mon: [32mPASS[0m
[7] Quick Guard protects self and ally from priority moves: [32mPASS[0m
[4] Full Restore restores a party members HP and cures any primary status: [32mPASS[0m
[4] X Accuracy sharply raises battler's Accuracy stat: [33mASSUMPTION_FAIL[0m
[2] Red Card activates but fails if the attacker has Suction Cups: [32mPASS[0m
[5] Future Sight breaks Focus Sash and doesn't make the holder endure another move: [32mPASS[0m
[7] Protect does not block Confide or Decorate: [32mPASS[0m
[2] Red Card does not cause the dragged out mon to lose hp due to it's held Life Orb: [32mPASS[0m
[4] Max Mushrooms raises battler's Attack stat: [32mPASS[0m
[5] If Glaive Rush is successful, moves targeted at the user deal double damage until the user moves again: [32mPASS[0m
[7] Crafty Shield does not protect against moves that target all battlers: [32mPASS[0m
[4] Ether restores the PP of one of a battler's moves by 10 : [32mPASS[0m
[5] Guard Split averages users and targets Def and Sp. Def stats: [32mPASS[0m
[1] Dire Claw can inflict poison, paralysis or sleep: [32mPASS[0m
[4] Max Ether restores the PP of one of a battler's moves fully: [32mPASS[0m
[7] Spiky Shield does not damage users on Counter or Mirror Coat: [32mPASS[0m
[7] Quash is not affected by dynamic speed: [33mASSUMPTION_FAIL[0m
[1] Order up does not boosts any stats if Dondozo is not affected by Commander: [32mPASS[0m
[4] Max Revive restores a fainted battler's HP fully: [32mPASS[0m
[4] TODO: Poke Balls can't be thrown when there's 2 opposing wild battlers: [33mTO_DO[0m
[3] Reflect Type does not affect any of Silvally's forms: [32mPASS[0m
[5] Heal Bell does not cure soundproof partners: [32mPASS[0m
[7] Rage Fist base power is increased by 50 if the user takes damage: [32mPASS[0m
[1] Thunder Shock inflicts paralysis: [32mPASS[0m
[4] Absorb deals 50% of the damage dealt to user agains Liquid Ooze: [32mPASS[0m
[4] TODO: Absorb recovers 50% of the damage dealt to a Substitute: [33mTO_DO[0m
[4] TODO: Acupressure fails on the user if all of its stats are maximized: [33mTO_DO[0m
[4] TODO: Acupressure fails on its ally if it's behind a Substitute: [33mTO_DO[0m
[5] Floral Healing heals the target by 2/3rd of it's maxHP if Grassy Terrain is on the field: [32mPASS[0m
[2] Restore HP Item effects do not miss timing: [32mPASS[0m
[1] Pay Day Scatters coins around after it hits - singles: [32mPASS[0m
[3] Role Play copies target's current ability even if it changed during that turn: [32mPASS[0m
[4] After You does nothing if the target has already moved: [32mPASS[0m
[5] U-turn switches the user out: [32mPASS[0m
[1] Psychic Noise is blocked by Soundproof: [32mPASS[0m
[2] Safety Goggles blocks damage from Hail: [32mPASS[0m
[3] Roost fails if the user is under the effects of Heal Block: [32mPASS[0m
[7] Rage Fist maximum base power is 350: [32mPASS[0m
[5] U-turn switches the user out if Wimp Out fails to activate: [32mPASS[0m
[1] Overheat drops Sp. Atk by 2 stages - singles: [32mPASS[0m
[4] Ally Switch changes the position of battlers: [32mPASS[0m
[7] Rage Fist base power is increased by 50 even if a damaging move does no damage - Endure: [32mPASS[0m
[2] Apicot Berry raises the holder's Sp. Def by one stage when HP drops to 1/4 or below: [32mPASS[0m
[2] Antidote heals a battler from being badly poisoned: [32mPASS[0m
[1] Thief and Covet steal player's held item if opponent is a trainer: [32mPASS[0m
[4] Ally Switch works if ally used two-turn move like Dig: [32mPASS[0m
[4] TODO: Aqua Ring can be used under Heal Block but will not heal the user: [33mTO_DO[0m
[4] TODO: Assist randomly calls a move from any party member: [33mTO_DO[0m
[4] TODO: Assist can only call the current moves of a Transformed partner (Gen5+): [33mTO_DO[0m
[4] TODO: Assurance doubles in power if the target has been damaged in the same turn - Life Orb: [33mTO_DO[0m
[1] Syrup Bomb is prevented by Bulletproof: [32mPASS[0m
[1] Thrash does not confuse the user if it is canceled on turn 1 of 3: [32mPASS[0m
[7] Raging Bull removes Light Screen, Reflect and Aurora Veil from the target's side of the field: [32mPASS[0m
[1] Throat Chop won't work through a substitute: [32mPASS[0m
[4] Work Up raises Attack and Sp. Attack by 1 stage each: [32mPASS[0m
[4] TODO: Aurora Veil doesn't reduce confusion damage: [33mTO_DO[0m
[4] TODO: Autotomize's weight reduction cannot be Baton Passed: [33mTO_DO[0m
[4] TODO: Baddy Bad's Reflect lasts for 5 turns: [33mTO_DO[0m
[4] TODO: Baton Pass doesn't pass non-volatile status conditions: [33mTO_DO[0m
[4] TODO: Baton Pass passes Dragon Cheer's effect: [33mTO_DO[0m
[4] TODO: Baton Pass passes escape prevention primary effect if it's used by the target: [33mTO_DO[0m
[4] TODO: Baton Pass passes Power Trick's effect: [33mTO_DO[0m
[4] TODO: Baton Pass doesn't pass escape prevention secondary effect if it's used by the user: [33mTO_DO[0m
[4] TODO: Beat Up's strikes have each an independent chance of a critical hit: [33mTO_DO[0m
[4] TODO: Beat Up's damage is determined by each striking Pokémon's base attack and level and the target's defense: [33mTO_DO[0m
[4] TODO: Beat Up's damage receives STAB: [33mTO_DO[0m
[1] Axe Kick confuses the target: [32mPASS[0m
[5] Steel Roller and Ice Spinner can remove a terrain from the field: [32mPASS[0m
[7] Move Raging Bull changes it's type depending on the Tauros Form: [32mPASS[0m
[4] AI: Belch has nonzero score after eating a berry: [32mPASS[0m
[4] Belly Drum fails if user's current HP is half or less than half its maximum: [32mPASS[0m
[4] TODO: Belly Drum fails if the user's Attack is already at +6, even with Contrary: [33mTO_DO[0m
[4] TODO: Bestow fails if the user is holding Mail: [33mTO_DO[0m
[2] Full Heal heals a battler from any primary status: [32mPASS[0m
[5] Instruct-called moves keep their priority: [32mPASS[0m
[1] Barb Barrage's power doubles if the target is poisoned/badly poisoned: [32mPASS[0m
[5] Knock Off knocks a healing berry before it has the chance to activate: [32mPASS[0m
[4] Body Press uses physical defense stat of target 2/2: [31mFAIL[0m
[1] Hurricane can hit airborne targets (Sky Drop): [32mPASS[0m
[5] Recycle cannot recover an item removed by Knock Off: [32mPASS[0m
[3] Roost, if used by a Mystery/Flying type, treats the user as a Mystery/Mystery type until the end of the turn 10/18: [31mFAIL[0m
[1] Make It Rain lowers special attack by one stage: [32mPASS[0m
[5] Knock Off does not trigger the opposing ally's Symbiosis: [32mPASS[0m
[5] Knock Off doesn't knock off Orbs for Primal Reversion from Pokemon that actually use them: [32mPASS[0m
[3] Shell Trap targets correctly if one of the opponents has fainted: [32mPASS[0m
[4] Brick Break removes Light Screen, Reflect and Aurora Veil from the target's side of the field: [32mPASS[0m
[4] TODO: Camouflage changes the type of the user to Grass if Grassy Terrain is active: [33mTO_DO[0m
[4] TODO: Captivate fails if the user is genderless: [33mTO_DO[0m
[5] Last Resort always fails if it's the only known move: [32mPASS[0m
[3] Skill Swap only swaps user's ability with target's ability: [32mPASS[0m
[5] Leech Seed doesn't affect Grass-type Pokémon (1/?): [31mINVALID[0m
[2] Lumiose Galette heals a battler from any primary status: [32mPASS[0m
[1] Triple Arrows makes the foe flinch 30% of the time: [32mPASS[0m
[3] Sleep Talk fails if no moves work: [32mPASS[0m
[5] Steel Beam makes the user lose HP even if the opposing mon protected: [32mPASS[0m
[1] Powder moves are blocked by Grass-type Pokémon: [32mPASS[0m
[4] Charge's effect does not stack with Electromorphosis or Wind Power: [32mPASS[0m
[4] TODO: Clangorous Soul raises the user's Sp. Attack by 1 stage: [33mTO_DO[0m
[5] Mind Blown makes the user lose 1/2 of its Max HP in a double battle: [32mPASS[0m
[1] Two strike count turns a move into a 2-hit move: [32mPASS[0m
[3] Smelling Salts does not cure paralyzed pokemons behind substitutes or get increased power: [32mPASS[0m
[4] Coaching raises Attack and Defense of ally by 1 stage each: [32mPASS[0m
[4] TODO: Coil raises the user's Defense by 1 stage: [33mTO_DO[0m
[4] TODO: Conversion changes the user's types to the target's current types (Gen 1): [33mTO_DO[0m
[4] TODO: Conversion can read the user's first move slot even if that move cannot be selected (Gen 6+): [33mTO_DO[0m
[5] Mind Blown makes the user lose HP even if the opposing mon protected: [32mPASS[0m
[5] Moonlight recovers 1/2 of the user's max HP: [32mPASS[0m
[4] Conversion 2's type change considers move types changed by Normalize and Electrify: [32mPASS[0m
[4] TODO: Copycat chooses a target at random if the copied move wasn't the user's: [33mTO_DO[0m
[4] TODO: Copycat copies moves called by other calling moves instead of the calling move if they are executed in a second turn (Gen 5+): [33mTO_DO[0m
[1] Burn reduces Attack by 50%: [32mPASS[0m
[1] Paralysis reduces Speed by 50%: [33mASSUMPTION_FAIL[0m
[4] Corrosive Gas doesn't destroy the item of a Pokemon with the Sticky Hold ability: [32mPASS[0m
[4] TODO: Counter will do twice as much damage received from the opponent: [33mTO_DO[0m
[4] TODO: Counter can counter Hidden Power regardless of type (Gen 2-3): [33mTO_DO[0m
[3] Spicy Extract is prevented by target's ability if it's Attack stat is maxed out: [32mPASS[0m
[2] Full Restore heals a battler from any primary status: [32mPASS[0m
[2] X Accuracy sharply raises battler's Accuracy stat: [33mASSUMPTION_FAIL[0m
[1] AI avoids hypnosis when it can not put target to sleep: [32mPASS[0m
[1] Confusion adds a 50/33% chance to hit self with 40 power: [33mASSUMPTION_FAIL[0m
[7] Reflect Type does not affect any of Arceus' forms: [32mPASS[0m
[7] Roar fails if replacements fainted: [32mPASS[0m
[1] Misty Terrain decreases power of Dragon-type moves by 50 percent: [32mPASS[0m
[3] Spikes damage on switch in: [32mPASS[0m
[3] Spikes do not damage airborne Pokemon: [33mASSUMPTION_FAIL[0m
[5] Multi hit Moves hit twice 35% of the time: [32mPASS[0m
[4] Court Change used by the player swaps Mist, Safeguard, Aurora Veil, Reflect, Light Screen, Tailwind: [31mFAIL[0m
[1] Hail damage does not affect Ice-type Pokémon: [32mPASS[0m
[7] Role Play fails if user's ability can't be suppressed 2/16: [31mFAIL[0m
[4] Curse applies to the opponent if user is afflicted by Trick-or-Treat in the same turn: [32mPASS[0m
[3] Sticky Web raises Speed by 1 for a Pokemon with Contrary: [32mPASS[0m
[7] Shed Tail fails if there are no usable pokemon left: [32mPASS[0m
[5] Multi hit Moves hit five times 50 Percent of the time with Loaded Dice: [32mPASS[0m
[3] Sticky Web is placed on the correct side after Memento: [32mPASS[0m
[1] Sandstorm multiplies the special defense of Rock-types by 1.5x: [32mPASS[0m
[7] Shed Tail creates a Substitute with 1/4 of user maximum health: [32mPASS[0m
[3] Stockpile's count can go up only to 3: [32mPASS[0m
[5] Octolock will not decrease Defense and Sp. Def further then minus six: [32mPASS[0m
[5] TODO: Fissure's accuracy increases by 1% for every level the user has over the target: [33mTO_DO[0m
[7] Shell Trap does not activate if battler faints before being able to activate it: [32mPASS[0m
[4] Defog lowers evasiveness by 1 and removes Mist and Safeguard from opponent's side: [32mPASS[0m
[7] Simple Beam replaces target's ability with Simple: [32mPASS[0m
[3] Stockpile temporarily raises Def and Sp. Def: [32mPASS[0m
[2] Items can restore a battler's HP by a fixed amount: [32mPASS[0m
[3] Stomping Tatrum will not deal double damage if target protects: [32mPASS[0m
[2] Ally switch swaps opposing sky drop targets if partner is being held in the air: [32mPASS[0m
[2] TODO: Aromatic Mist raises Sp. Defense of a target ally by 1 stage: [33mTO_DO[0m
[2] TODO: Assist can call moves that are blocked to its partners: [33mTO_DO[0m
[5] Rainbow flinch chance does not stack with Serene Grace: [32mPASS[0m
[2] Assist fails if there are no valid moves to choose from: [32mPASS[0m
[0] AI will not use a status move if partner already chose Helping Hand: [32mPASS[0m
[0] X Accuracy sharply raises battler's Accuracy stat: [33mASSUMPTION_FAIL[0m
[2] Growl lowers Attack by 1 stage: [32mPASS[0m
[2] Howl does not work on partner if it has Soundproof: [33mASSUMPTION_FAIL[0m
[4] Defog lowers evasiveness by 1 and removes everything it can: [32mPASS[0m
[0] If Glaive Rush isn't successful moves targeted at the user don't deal double damage: [32mPASS[0m
[2] Aura Wheel changes type depending on Morpeko's form: [32mPASS[0m
[2] TODO: Aurora Veil's damage reduction is ignored by Critical Hits: [33mTO_DO[0m
[2] TODO: Autotomize can be used multiple times to decrease weight each time: [33mTO_DO[0m
[2] TODO: Autotomize's weight reduction is reset upon fainting: [33mTO_DO[0m
[2] TODO: Baton Pass passes both positive and negative stat changes: [33mTO_DO[0m
[2] TODO: Baton Pass passes Cursed status: [33mTO_DO[0m
[2] TODO: Baton Pass passes Ingrain's effect: [33mTO_DO[0m
[2] TODO: Baton Pass passes Octolock's escape prevention effect: [33mTO_DO[0m
[2] TODO: Baton Pass passes Core Enforcer's effect: [33mTO_DO[0m
[2] TODO: Bulletproof is immune to Beak Blast but not to the burn it causes: [33mTO_DO[0m
[2] TODO: Beat Up's last strike-only can trigger King's Rock: [33mTO_DO[0m
[2] TODO: Beat Up doesn't list party member's name: [33mTO_DO[0m
[2] TODO: Beat Up's damage considers Huge Power: [33mTO_DO[0m
[2] Belly Drum cuts the user's HP in half: [32mPASS[0m
[2] TODO: Belly Drum maximizes the user's Attack stat, even when below 0: [33mTO_DO[0m
[2] TODO: Bestow fails if the target already has a held item: [33mTO_DO[0m
[4] Doodle gives the target's ability to user and ally: [32mPASS[0m
[2] TODO: Bide has +1 priority if called via a different move: [33mTO_DO[0m
[2] TODO: Body Press's damage is influenced by all other Attack modifiers that are not stat stages: [33mTO_DO[0m
[2] TODO: Bolt Beak's base power is doubled if it attacks before the target: [33mTO_DO[0m
[0] Heal Bell cures inactive soundproof Pokemon: [32mPASS[0m
[4] Dragon Darts strikes each opponent once in a double battle: [32mPASS[0m
[5] Pledge move combo fails if ally fails to act - Flinch Right: [32mPASS[0m
[0] Healing Wish causes the user to faint and fully heals the replacement: [32mPASS[0m
[4] Dragon Darts strikes right ally twice if electrified and left ally has Volt Absorb: [32mPASS[0m
[2] Brick Break doesn't remove Light Screen, Reflect and Aurora Veil if it misses: [32mPASS[0m
[2] TODO: Captivate fails if the target and user share gender: [33mTO_DO[0m
[0] U-turn does not switch the user out if the battle ends: [32mPASS[0m
[7] Hypnosis inflicts 1-3 turns of sleep: [32mPASS[0m
[7] Spikes do not damage airborne Pokemon: [33mASSUMPTION_FAIL[0m
[4] Dragon Darts strikes left ally twice if one strike misses: [32mPASS[0m
[0] U-turn switches the user out after Ice Face activates: [32mPASS[0m
[5] Pledge move combo fails if ally fails to act - Sleep Both Left Wake Up: [32mPASS[0m
[2] Charge's effect is kept until the user uses an Electric move (Gen 9+): [32mPASS[0m
[4] Embargo blocks the effect of an affected Pokémon's held item: [32mPASS[0m
[0] Steel Roller fails if there is no terrain on the field: [32mPASS[0m
[5] Pledge move combo fails if ally fails to act - Frozen Both Left Faster: [32mPASS[0m
[4] Embargo doesn't block held item effects that affect friendship: [33mKNOWN_FAILING[0m
[2] Chilly Reception switches the user out, even if the weather does not change: [31mFAIL[0m
[2] TODO: Clangorous Soul raises the user's Attack by 1 stage: [33mTO_DO[0m
[2] TODO: Clangorous Soul fails if Attack, Defense, Sp. Attack, Sp. Defense and Speed are all maxed out: [33mTO_DO[0m
[5] Pledge move combo fails if ally fails to act - Paralyzed Both Left Faster: [32mPASS[0m
[4] Baton Pass passes Embargo's effect: [32mPASS[0m
[2] Coaching fails if there's no ally: [32mPASS[0m
[5] Pledge move combo fails if ally fails to act - Flinch Both Right Faster: [32mPASS[0m
[7] Sticky Web has correct interactions with Mirror Armor - no one has their Speed lowered if the set upper switched: [32mPASS[0m
[2] Teeter Dance confusion is blocked by Own Tempo: [32mPASS[0m
[2] TODO: Conversion fails if all the user's moves share types with the user (Gen 2-5): [33mTO_DO[0m
[4] Embargo disables the effect of the Drive items on the move Techno Blast: [32mPASS[0m
[5] Pledge move combo doesn't trigger on opponent's Pledge move - Electrify: [32mPASS[0m
[2] Conversion 2's type change considers the type of moves called by other moves: [32mPASS[0m
[2] TODO: Copycat can call the user's last move used if it was the last move used in battle: [33mTO_DO[0m
[2] TODO: Copycat cannot copy Bide's final turn (Gen 4): [33mTO_DO[0m
[4] Encore forces consecutive move uses for 3 turns for opponent: Encore used before move: [32mPASS[0m
[5] Pledge move combo doesn't trigger on opponent's Pledge move - Volt Absorb: [32mPASS[0m
[5] TODO: Accuracy for Population Bomb is only checked for the first hit with Loaded Dice: [33mTO_DO[0m
[3] Strength Sap lowers Attack by 1 and restores HP based on target's Attack Stat and stat Change: [32mPASS[0m
[7] Spit Up and Swallow don't work if used without Stockpile: [32mPASS[0m
[2] (DYNAMAX) Dynamaxed Pokemon can have their base moves copied by Copycat: [32mPASS[0m
[4] Explosion causes the user & the target to faint: [32mPASS[0m
[3] Teleport forces the pokemon to switch out: [31mINVALID[0m
[5] Powder blocks the target's Fire type moves even if it doesn't target Powder user: [32mPASS[0m
[2] Cosmic Power increases the user's Defense and Sp. Defense by 1 stage each: [32mPASS[0m
[2] TODO: Counter can hit ghost-type Pokémon (Gen 1): [33mTO_DO[0m
[3] Stellar-type Tera Blast lowers both offensive stats: [32mPASS[0m
[4] Explosion does not trigger Destiny Bond: [32mPASS[0m
[5] Powder doesn't prevent a Fire move from thawing its user out: [32mPASS[0m
[7] Stomping Tatrum will deal double damage if user failed to attack due to paralysis: [32mPASS[0m
[4] Double Shock user loses its Electric-type: [31mERROR[0m
[3] Tera Starstorm targets both opponents in a double battle if used by Terapagos-Stellar: [32mPASS[0m
[0] Steel Roller and Ice Spinner reverts typing on Mimicry users: [32mPASS[0m
[7] Stuff Cheeks forces Struggle if it's the only move is blocked: [32mPASS[0m
[4] Fillet Away fails if user's current HP is half or less than half its maximum: [32mPASS[0m
[3] Tidy Up raises Attack and Speed by one: [32mPASS[0m
[2] Court Change swaps entry hazards used by the opponent: [31mFAIL[0m
[7] Stuff Cheeks fails if the user's berry is removed before they use the move: [32mPASS[0m
[2] Curse cuts the user's HP in half when used by Ghost-types: [32mPASS[0m
[0] Knock Off deals additional damage to opponents holding an item in Gen 6+: [32mPASS[0m
[3] AI prefers to keep its substitute over removing hazards if target is slower: [32mPASS[0m
[4] Fling fails if pokemon holds no item: [32mPASS[0m
[7] Freeze Dry is super effective on water types: [32mPASS[0m
[0] Knock Off doesn't knock off Mega Stones from Pokemon that actually use them: [32mPASS[0m
[2] Defog does not lower evasiveness if target behind Substitute: [32mPASS[0m
[7] Take Heart increases Sp. Atk and Sp. Def by one stage: [32mPASS[0m
[3] Torment allows non-consecutive move uses: [32mPASS[0m
[0] Knock Off does knock off other form-change hold items from Pokemon that don't actually use them: [32mPASS[0m
[7] Tar Shot does affect Pokemon that Terastallized after Tar Shot status was applied: [32mPASS[0m
[2] Defog lowers evasiveness by 1 and removes Spikes from player's side: [32mPASS[0m
[3] Toxic Spikes inflicts poison on subsequent switch ins: [32mPASS[0m
[3] Toxic Spikes do not poison airborne Pokemon: [33mASSUMPTION_FAIL[0m
[7] Teatime causes the user to consume its Berry, even under the effects of Magic Room: [32mPASS[0m
[0] Last Resort works only when all of the known moves have been used - 4 moves: [32mPASS[0m
[2] Destiny Bond faints the opposing mon if it fainted from the attack: [32mPASS[0m
[3] Triple Kick damage is increased by its base damage for each hit: [32mPASS[0m
[0] Leech Seed recovery will drain the hp of user if leech seeded mon has Liquid Ooze: [32mPASS[0m
[0] TODO: Baton Pass passes Leech Seed's effect: [33mTO_DO[0m
[3] Razor Wind doesn't need to charge with Power Herb: [33mKNOWN_FAILING[0m
[0] Steel Beam causes the user to faint when below 1/2 of its Max HP: [32mPASS[0m
[5] King's Shield, Silk Trap and Obstruct protect from damaging moves and lower stats on contact: [32mPASS[0m
[4] Fling applies special effects when throwing specific Items: [32mPASS[0m
[0] Metronome picks a random move: [32mPASS[0m
[0] Mind Blown causes the user & the target to faint when below 1/2 of its Max HP: [32mPASS[0m
[4] Future Sight will miss timing if target faints by residual damage: [32mPASS[0m
[0] Mirror Move copies the last used move by the target: [32mPASS[0m
[4] If Glaive Rush is successful, moves targeted at the user deal double damage: [32mPASS[0m
[0] Morning Sun recovers 1/2 of the user's max HP: [32mPASS[0m
[3] Solar Beam and Solar Blade can be used instantly in Sunlight: [32mPASS[0m
[7] Teatime causes all Pokémon to consume their berry: [32mPASS[0m
[7] TODO: Baton Pass removes Telekinesis' effect disappears if the switching-in mon is Mega Gengar: [33mTO_DO[0m
[3] Upper Hand succeeds if the target's move is boosted in priority by an Ability: [32mPASS[0m
[4] Gravity cancels fly and sky drop if they are in the air: [32mPASS[0m
[7] Tera Blast changes from Normal-type to the user's Tera Type: [32mPASS[0m
[7] Flying-type Tera Blast does not have its priority boosted by Gale Wings: [32mPASS[0m
[3] Weather Ball doubles its power and turns to a Fire-type move in Sunlight 2/2: [31mFAIL[0m
[5] Crafty Shield protects self and ally from status moves: [32mPASS[0m
[3] Worry Seed fails if the target already has Insomnia: [32mPASS[0m
[5] Pursuit becomes a locked move after being used on switch-out while holding a Choice Item: [32mPASS[0m
[7] Thousand Arrows does neutral damage to non-grounded Flying types regardless of other typings: [32mPASS[0m
[4] Heal Bell cures the entire party: [32mPASS[0m
[5] Quash-affected target will move last in the priority bracket: [32mPASS[0m
[5] Quash-affected mon that acted early via After You is not affected by dynamic speed: [33mASSUMPTION_FAIL[0m
[0] Multi hit Moves hit four times 15% of the time: [32mPASS[0m
[7] Torment forces Struggle if the only move is prevented: [32mPASS[0m
[4] Heal Pulse is blocked by Substitute: [32mPASS[0m
[4] TODO: Hidden Power's power is determined by IVs before Gen6: [33mTO_DO[0m
[3] Lava Plume inflicts burn to all adjacent battlers: [32mPASS[0m
[5] Rage Fist base power is not increased by a confusion hit: [32mPASS[0m
[4] U-turn does not switch the user out if Wimp Out activates: [32mPASS[0m
[7] Toxic Spikes inflicts poison on switch in: [32mPASS[0m
[7] Toxic Spikes do not poison airborne Pokemon: [33mASSUMPTION_FAIL[0m
[3] Alluring Voice confuses the target if the target raised a stat this turn: [32mPASS[0m
[5] Rage Fist base power is increased by 50 even if a damaging move does no damage - False Swipe: [32mPASS[0m
[0] Scale Shot does not corrupt the next turn move used: [32mPASS[0m
[4] Electric Seed boost is received by the right pokemon after U-turn and Intimidate: [32mPASS[0m
[5] Rage Fist number of hits is copied by Transform: [32mPASS[0m
[0] Octolock decreases Defense and Sp. Def by at the end of the turn: [32mPASS[0m
[0] Octolock Defense reduction is prevented by Big Pecks: [32mPASS[0m
[4] Ice Spinner can be chosen by the AI regardless if there is a terrain or not: [32mPASS[0m
[4] Dragon Tail does not fail if no replacements: [32mPASS[0m
[0] OHKO moves can hit semi-invulnerable mons when the user has No-Guard: [32mPASS[0m
[4] Dragon Tail does not fail if replacements fainted: [32mPASS[0m
[0] Photon Geyser can be countered if it is a physical move: [32mPASS[0m
[5] Raging Bull doesn't remove Light Screen, Reflect and Aurora Veil if it misses: [32mPASS[0m
[4] Instruct fails if target hasn't made a move: [32mPASS[0m
[5] Jump Kick has no recoil if no target: [32mPASS[0m
[3] Hex deals double damage to foes with a status: [32mPASS[0m
[4] Instruct-called move targets the target of the move picked on its last use: [32mPASS[0m
[3] Sappy Seed is not going to seed the target if it fails: [31mFAIL[0m
[0] Grass and Water Pledge create a swamp on the user's side of the field for four turns: [32mPASS[0m
[5] Reflect fails if already active: [32mPASS[0m
[5] TODO: Reflect Type succeeds against a Terastallized target and copies its Tera type: [33mTO_DO[0m
[7] Toxic Spikes are removed by grounded Poison-type Pokémon on switch in: [32mPASS[0m
[2] Doodle fails if ally's ability can't be suppressed: [32mPASS[0m
[5] Reflect Type copies a target's dual types: [32mPASS[0m
[4] Instruct fails if target doesn't know the last move it used: [32mPASS[0m
[7] Electro Shot needs a charging Turn: [32mPASS[0m
[2] Flower Shield raises the defense of all grass type pokemon: [32mPASS[0m
[4] Instruct-called moves fail if disabled: [32mPASS[0m
[7] Upper Hand succeeds if the target is using a priority attacking move and causes it to flinch: [32mPASS[0m
[0] Pledge moves get same attack type bonus from partner: [32mPASS[0m
[2] AI won't use Focus Punch if it predicts a damaging move: [32mPASS[0m
[3] Order Up is always boosted by Sheer Force: [32mPASS[0m
[5] Refresh cures the user of burn, frostbite, poison, and paralysis: [32mPASS[0m
[2] Foul Play uses physical attack stat of target: [32mPASS[0m
[7] Uproar status causes sleeping pokemon to wake up during an attack: [32mPASS[0m
[3] Psychic Noise heal block effect is blocked by partners Aroma Veil in doubles: [32mPASS[0m
[4] Ivy Cudgel does not change the move type if used by Pokémon other than Ogerpon: [32mPASS[0m
[5] Relic Song transforms Meloetta if used successfully: [32mPASS[0m
[3] Spin Out lowers speed by 2 stages: [32mPASS[0m
[7] Tanga Berry activates before Bug Bite: [32mPASS[0m
[4] Knock Off doesn't knock off begin-battle form-change hold items from Pokemon that actually use them: [32mPASS[0m
[2] Future Sight is not boosted by Life Orb is original user if not on the field: [32mPASS[0m
[5] Relic Song transforms once Meloetta in a double battle: [32mPASS[0m
[3] Thief and Covet don't steal target's held item if user is holding an item: [32mPASS[0m
[7] Matcha Gotcha inflicts burn 20% of the time: [32mPASS[0m
[3] Sticky Syrup speed reduction is prevented by Clear Amulet: [32mPASS[0m
[2] Future Sight is affected by type effectiveness: [32mPASS[0m
[2] TODO: Baton Pass removes Gastro Acid if its ability cannot be surpressed: [33mTO_DO[0m
[5] Retaliate doubles in base power the turn after an ally faints (opponent): [32mPASS[0m
[3] Thrash does not confuse the user if it is canceled on turn 2 of 3: [32mPASS[0m
[2] Glaive Rush status last until the the user's next turn: [32mPASS[0m
[0] Pledge move combo fails if ally fails to act - Flinch Left: [32mPASS[0m
[7] Venoshock's power doubles if the target is poisoned/badly poisoned: [32mPASS[0m
[3] Jaw Lock traps both opponents: [32mPASS[0m
[7] Powder Snow cannot freeze an Ice-type Pokémon: [32mPASS[0m
[3] Axe Kick deals damage half the hp to user if it fails: [32mPASS[0m
[2] Haze resets stat changes: [32mPASS[0m
[7] Freezing Glare should freeze Psychic-types: [32mPASS[0m
[5] Revelation Dance changes its type depending on the user's 1st Type: [32mPASS[0m
[0] Pledge move combo fails if ally fails to act - Sleep Both Right Wake Up: [32mPASS[0m
[2] Heal Pulse is boosted by Mega Launcher: [32mPASS[0m
[2] Healing Wish effect activates only if the switched pokemon can be healed: [33mASSUMPTION_FAIL[0m
[5] Revival Blessing revives a fainted party member for an opponent: [32mPASS[0m
[2] U-turn does not switch the user out if replacements fainted: [32mPASS[0m
[7] Plasma Fists turns normal moves into electric for the remainder of the current turn: [32mPASS[0m
[0] Pledge move combo fails if ally fails to act - Frozen Both Right Faster: [32mPASS[0m
[4] Last Respects power is multiplied by the amount of fainted mon in the user's side - Opponent 3/3: [31mFAIL[0m
[5] Revival Blessing cannot revive a partner's party member: [33mKNOWN_FAILING[0m
[7] Plasma Fists type-changing effect is applied after Normalize: [32mPASS[0m
[4] Steel Beam hp loss is prevented by Magic Guard: [32mPASS[0m
[0] Pledge move combo fails if ally fails to act - Paralyzed Both Right Faster: [32mPASS[0m
[2] Held items are consumed immediately after a mon switched in by U-turn and Intimidate activates after it: opposing side: [32mPASS[0m
[4] Mind Blown makes the user lose 1/2 of its Max HP: [32mPASS[0m
[0] Pledge move combo doesn't trigger on opponent's Pledge move - Freeze: [32mPASS[0m
[5] Roar switches the target with a random non-fainted replacement: [32mPASS[0m
[4] Mind Blown is blocked by Damp: [32mPASS[0m
[6] Wide Guard can not fail on consecutive turns: [32mPASS[0m
[3] Thunder, Ice and Fire Fang cause the opponent to flinch 10% of the time: [32mPASS[0m
[2] Steel Roller will not be chosen by the AI if it might fail: [32mPASS[0m
[5] Roost recovers 50% of the user's Max HP: [33mKNOWN_FAILING[0m
[0] Pledge move combo doesn't trigger on opponent's Pledge move - Dry Skin: [32mPASS[0m
[6] If Salt Cure faints the target no status will be applied: [32mPASS[0m
[4] Mirror Move's called multi-hit move hits multiple times: [32mPASS[0m
[3] Being airborne causes the target to take double damage from certain moves: [32mPASS[0m
[5] Roost suppresses the user's not-yet-aquired Flying-type this turn: [32mPASS[0m
[0] Population Bomb can hit ten times: [32mPASS[0m
[4] Multi hit Moves hit the maximum amount with Skill Link: [32mPASS[0m
[3] Take Down deals 25% of recoil damage to the user: [32mPASS[0m
[5] Roost does not undo other type-changing effects at the end of the turn: [32mPASS[0m
[2] Dragon Tail switches the target with a random non-battler, non-fainted replacement: [32mPASS[0m
[7] Order Up increases a stat based on Tatsugiri's form: [32mPASS[0m
[0] Powder only blocks the target's Fire type moves on the same turn: [32mPASS[0m
[3] Three strike count turns a move into a 3-hit move: [32mPASS[0m
[5] Roost's suppression prevents Reflect Type from copying any Flying typing: [32mPASS[0m
[2] Instruct fails if move is banned by Instruct: [32mPASS[0m
[0] Powder fails if the target has Overcoat: [32mPASS[0m
[4] Multi hit Moves hit at least four times with Loaded Dice: [32mPASS[0m
[5] Roost does not suppress the ungrounded effect of Air Balloon: [32mPASS[0m
[7] Poison cannot be inflicted on Poison and Steel-type Pokémon: [32mPASS[0m
[2] Instruct doesn't bypass sleep: [32mPASS[0m
[4] Octolock reduction is prevented by Clear Amulet: [32mPASS[0m
[4] TODO: Fissure always fails if the target has a higher level than the user: [33mTO_DO[0m
[5] Roost does not suppress the ungrounded effect of Telekinesis: [32mPASS[0m
[2] Instruct-called status move fails if taunted: [32mPASS[0m
[7] Thief and Covet steal target's held item: [32mPASS[0m
[5] Round allows other battlers which also selected the moves to immediately use the move, ignoring turn order: [32mPASS[0m
[6] Semi-invulnerable moves make the user semi-invulnerable turn 1, then strike turn 2: [32mPASS[0m
[0] Crush Grip's damage is affected by the target's current HP: [32mPASS[0m
[5] Round still preserves the turn order outside of the other Round users moving immediately: [32mPASS[0m
[3] AI avoids Will-o-Wisp when it can not burn target: [32mPASS[0m
[3] Confusion adds a 50/33% chance to hit self with 40 power: [33mASSUMPTION_FAIL[0m
[7] Syrup Bomb covers the foe in sticky syrup for 3 turns: [32mPASS[0m
[6] Shell Side Arm does not change category mid-turn: [32mPASS[0m
[4] Rainbow doubles the chance of secondary move effects: [32mPASS[0m
[3] Electric Terrain activates Electric Seed and Mimicry: [32mPASS[0m
[5] Round causes opposing pokemon to use Round immediately: [32mPASS[0m
[6] Shell Trap does not activate if attacker's Sheer Force applied: [32mPASS[0m
[7] Thrash lasts for 2 or 3 turns: [32mPASS[0m
[2] Ivy Cudgel changes the move type depending on the form of Ogerpon: [32mPASS[0m
[3] Grassy Terrain lasts for 5 turns: [32mPASS[0m
[5] Salt Cure inflicts 1/4 to Water/Steel types of their maximum HP as damage per turn: [32mPASS[0m
[2] Knock Off does knock off begin-battle form-change hold items from Pokemon that don't actually use them: [32mPASS[0m
[7] Barb Barrage inflicts poison: [32mPASS[0m
[3] Misty Terrain lasts for 5 turns: [32mPASS[0m
[5] Salt Cure residual damage does not inflict any damage against Magic Guard: [32mPASS[0m
[3] Psychic Terrain doesn't block priority moves that target all opponents: [32mPASS[0m
[7] Hurricane's accuracy is lowered to 50% in Sunlight: [32mPASS[0m
[7] Infernal Parade inflicts burn: [32mPASS[0m
[3] Hail deals damage based on turn order: [32mPASS[0m
[5] Semi-invulnerable moves apply a status that won't block certain moves: [32mPASS[0m
[5] AI will use Shed Tail to pivot to another mon while in damage stalemate with player: [33mKNOWN_FAILING[0m
[7] Triple Arrows may lower Defense by one stage: [32mPASS[0m
[5] Shell Side Arm can be mirror coated if it is special: [32mPASS[0m
[2] Last Respects power is multiplied by the amount of fainted mon in the user's side - Player 3/3: [31mFAIL[0m
[3] Sandstorm damage does not hurt Ground, Rock, and Steel-type Pokémon: [32mPASS[0m
[2] Steel Beam causes the user & the target to faint when below 1/2 of its Max HP: [32mPASS[0m
[7] MinimizeDoubleDamage flag makes moves cause double damage to Minimized targets: [32mPASS[0m
[2] Metronome's called multi-hit move hits multiple times: [32mPASS[0m
[5] Shell Trap activates only if hit by a physical move: [32mPASS[0m
[2] Mind Blown hp loss is prevented by Magic Guard: [32mPASS[0m
[7] Bad poison cumulative damage resets on switch: [32mPASS[0m
[5] Sleep Talk can use moves while choiced into Sleep Talk: [32mPASS[0m
[2] Mirror Move's called powder move fails against Grass Types: [32mPASS[0m
[7] Freeze is thawed by user's Flame Wheel: [32mPASS[0m
[5] Sparkling Aria cures burns from all Pokemon on the field and behind substitutes: [32mPASS[0m
[4] Pledge move combo fails if ally fails to act - Sleep Left: [32mPASS[0m
[5] Spicy Extract raises target's Attack by 2 stages and lowers target's Defense by 2 stages: [32mPASS[0m
[4] Pledge move combo doesn't trigger on opponent's Pledge move - Motor Drive: [32mPASS[0m
[4] TODO: Accuracy for Population Bomb is only checked for the first hit with Skill Link: [33mTO_DO[0m
[4] Powder doesn't damage target under heavy rain: [33mASSUMPTION_FAIL[0m
[5] Spicy Extract bypasses accuracy checks: [32mPASS[0m
[5] Spikes do not damage airborne Pokemon: [33mASSUMPTION_FAIL[0m
[4] Powder prevents Protean from changing its user to Fire type: [32mPASS[0m
[2] Morning Sun recovers 1/4 of the user's max HP in Rain, Sandstorm, Hail, and Snow: [32mPASS[0m
[7] Frostbite is healed if hit with a thawing move: [32mPASS[0m
[7] Confusion adds a 50/33% chance to hit self with 40 power: [33mASSUMPTION_FAIL[0m
[7] Grassy Terrain recovers 1/16th HP at end of turn: [32mPASS[0m
[7] Misty Terrain activates Misty Seed and Mimicry: [32mPASS[0m
[2] Scale Shot decreases defense and increases speed after the 4th hit of Loaded Dice: [32mPASS[0m
[2] TODO: Fissure faints the target, skipping regular damage calculations: [33mTO_DO[0m
[7] Psychic Terrain doesn't block priority moves that target the user: [32mPASS[0m
[7] Psychic Terrain lasts for 5 turns: [32mPASS[0m
[2] Water and Fire Pledge create a rainbow on the user's side of the field for four turns: [32mPASS[0m
[2] The base power of a combined pledge move effect is 150: [33mASSUMPTION_FAIL[0m
[5] Stealth Rock damage on switch in based on typing: [32mPASS[0m
[7] Drizzle fails if Desolate Land is active 2/2: [31mFAIL[0m
[7] Sunlight multiplies the power of Water-type moves by 0.5x: [32mPASS[0m
[6] Skill Swap fails if user or target has an ability that can't be swapped: [32mPASS[0m
[6] Spikes do not damage airborne Pokemon: [33mASSUMPTION_FAIL[0m
[6] Teleport does not fail if the user is trapped: [31mINVALID[0m
[6] Stellar-type Tera Blast activates a Stellar-type Pokemon's Weakness Policy: [32mPASS[0m
[6] Thousand Arrows does not ground mons behind substitutes: [32mPASS[0m
[6] Tidy Up removes Substitute: [32mPASS[0m
[5] Stockpile's Def and Sp. Def boost is lost after using Spit Up or Swallow: [32mPASS[0m
[6] Torment prevents consecutive move uses: [32mPASS[0m
[0] Recoil damage is not applied if target was protected: [32mPASS[0m
[4] Protect, Detect, Spiky Shield, Baneful Bunker and Burning Bulwark protect from all moves: [32mPASS[0m
[5] Strength Sap restores more HP if Big Root is held: [32mPASS[0m
[0] Relic Song does not transform Pokemon other than Meloetta: [32mPASS[0m
[5] Stuff Cheeks can be used even if Magic Room is active: [32mPASS[0m
[5] TODO: Baton Pass passes Substitutes: [33mTO_DO[0m
[2] Pledge move combo interactions with Powder are correct: [32mPASS[0m
[0] Relic Song loses the form-changing effect with Sheer Force: [32mPASS[0m
[4] Quash-affected targets move from fastest to slowest (Gen 8+) or from first affected battler to last (Gen 7-): [32mPASS[0m
[5] Tailwind affects partner on first turn: [31mFAIL[0m
[6] AI avoids toxic when it can not poison target: [32mPASS[0m
[6] Toxic Spikes do not poison airborne Pokemon: [33mASSUMPTION_FAIL[0m
[4] Rage Fist base power is not lost if user switches out: [32mPASS[0m
[5] Tar Shot does not affect Pokemon that are Terastallized: [32mPASS[0m
[6] Solar Beam's power is halved in a Sandstorm: [32mPASS[0m
[5] Teatime causes the user to consume its Berry, even in the pressence of Unnerve: [32mPASS[0m
[2] Pledge move combo fails if ally fails to act - Sleep Both Left Faster: [32mPASS[0m
[5] Teatime causes other Pokemon to consume their Berry even if the user doesn't have a Berry as its held item, when not used by the Player: [32mPASS[0m
[4] Rage Fist base power is increased if Disguise breaks: [32mPASS[0m
[2] Pledge move combo fails if ally fails to act - Flinch Both Left Faster: [32mPASS[0m
[6] Solar Blade's power is halved in Snow: [32mPASS[0m
[2] Pledge move combo doesn't trigger on opponent's Pledge move - Powder: [32mPASS[0m
[6] AI won't use Upper Hand unless it has seen a priority move: [32mPASS[0m
[2] Pledge move combo doesn't trigger on opponent's Pledge move - Flash Fire: [32mPASS[0m
[2] TODO: Accuracy for Population Bomb is checked independently for each hit: [33mTO_DO[0m
[4] Raging Bull can remove Light Screen, Reflect and Aurora Veil on users side: [32mPASS[0m
[2] Powder doesn't damage target if it has Magic Guard: [32mPASS[0m
[5] Teatime triggers Lightning Rod if it has been affected by Electrify or Plasma Fists, even when not holding a Berry: [32mPASS[0m
[4] Reflect applies for 5 turns: [32mPASS[0m
[4] TODO: Reflect Type fails if the user is Terastallized: [33mTO_DO[0m
[5] Stellar-type Tera Blast is super-effective on Stellar-type Pokemon: [32mPASS[0m
[2] Powder still blocks the target's Fire type moves even if it was given Overcoat: [32mPASS[0m
[6] Weather Ball doubles its power and turns to an Ice-type move in Hail and Snow: [32mPASS[0m
[2] Power Split averages user and targets Atk and Sp. Atk stats: [32mPASS[0m
[4] Reflect Type does not affect Pokémon with no types: [32mPASS[0m
[5] Tera Starstorm remains Normal-type if used by Pokemon other than Terapagos: [32mPASS[0m
[6] Alluring Voice confuse effect is removed if it is Sheer Force boosted: [32mPASS[0m
[4] Reflect Type defaults to Normal type for the user's types[0] and types[1] if the target only has a 3rd type: [32mPASS[0m
[5] Tidy Up removes hazards and raises Stats: [32mPASS[0m
[4] Refresh does not cure sleep when used by Sleep Talk: [31mFAIL[0m
[5] Tidy Up raises Attack and Speed by one after clearing hazards on opposing field: [32mPASS[0m
[2] Baneful Bunker poisons pokemon for moves making contact: [32mPASS[0m
[5] Toxic cannot miss if used by a Poison-type 1/2: [31mFAIL[0m
[5] Toxic Spikes do not poison airborne Pokemon: [33mASSUMPTION_FAIL[0m
[5] TODO: Accuracy for Triple Kick is only checked for the first hit with Skill Link: [33mTO_DO[0m
[4] Relic Song has a 10% chance to put the target to sleep: [32mPASS[0m
[5] Skull Bash doesn't need to charge with Power Herb: [32mPASS[0m
[4] Relic Song is blocked by Throat Chop: [32mPASS[0m
[4] Relic Song transformation is the last thing that happens after it hits: [32mPASS[0m
[6] Dire Claw cannot poison/paralyze/cause to fall asleep pokemon with abilities preventing respective statuses: [32mPASS[0m
[5] Solar Blade's power is halved in Rain: [32mPASS[0m
[6] Ion Duldge turns normal moves into electric for the remainder of the current turn: [32mPASS[0m
[4] Retaliate doubles in base power the turn after an ally faints: [32mPASS[0m
[2] Wide Guard protects self and ally from multi-target moves: [32mPASS[0m
[6] Plasma Fists type-changing effect does not override Pixilate: [32mPASS[0m
[5] Solar Beam's power is halved in Snow: [32mPASS[0m
[6] Glitzy Glow sets up Light Screen when it was succesful 1/2: [31mFAIL[0m
[4] Retaliate works with self-inflicted fainting: [32mPASS[0m
[5] Upper Hand is boosted by Sheer Force: [32mPASS[0m
[6] Body Slam should paralyze Normal-types: [32mPASS[0m
[4] Revelation Dance changes its type depending on the user's 3rd Type if it has no 1st or 2nd type: [32mPASS[0m
[6] Poison Sting inflicts poison: [32mPASS[0m
[5] Weather Ball doubles its power and turns to a Rock-type move in a Sandstorm: [32mPASS[0m
[0] Retaliate works with passive damage: [32mPASS[0m
[6] Mortal Spin blows away Wrap, hazards and poisons foe: [32mPASS[0m
[0] Role Play copies target's ability: [32mPASS[0m
[4] Revelation Dance becomes Normal type if used by a Typeless Pokemon due to Roost: [32mPASS[0m
[0] Roost fails when user is at full HP: [32mPASS[0m
[4] Revival Blessing revives a chosen fainted party member for the player: [32mPASS[0m
[4] Revival Blessing fails if no party members are fainted: [32mPASS[0m
[6] Ceaseless Edge can set up to 3 layers of Spikes: [32mPASS[0m
[6] Thief and Covet steal target's held item and it's added to Bag in wild battles (Gen 9): [33mASSUMPTION_FAIL[0m
[0] Roost suppresses the user's Flying-typing this turn, then restores it at the end of the turn: [32mPASS[0m
[0] Roost prevents a Flying-type user from being protected by Delta Stream: [32mPASS[0m
[6] Sticky Syrup is removed when the user faints: [32mPASS[0m
[4] Revival Blessing doesn't prevent revived battlers from losing their turn: [32mPASS[0m
[0] Roost's effect is lifted after Grassy Terrain's healing: [32mPASS[0m
[6] Petal Dance does not lock mons that copy the move with Dancer: [32mPASS[0m
[0] Roost does not suppress the ungrounded effect of Levitate: [32mPASS[0m
[0] Roost does not suppress the ungrounded effect of Magnet Rise: [32mPASS[0m
[0] TODO: Roost's suppression does not prevent others who are Transforming into the user from copying its Flying-type: [33mTO_DO[0m
[4] Revival Blessing correctly updates battler absent flags: [32mPASS[0m
[0] Round usages beyond the first one has double base power: [32mPASS[0m
[4] Roar fails if no replacements: [32mPASS[0m
[0] Round still preserves the turn order outside of the other Round users moving immediately with switch: [32mPASS[0m
[0] Salt Cure inflicts 1/8 of the target's maximum HP as damage per turn: [32mPASS[0m
[0] Salt Cure is removed when the afflicted Pokémon is switched out: [32mPASS[0m
[6] Tri Attack cannot paralyze/burn/freeze pokemon with abilities preventing respective statuses: [32mPASS[0m
[0] Salt Cure does not get applied if hitting a Substitute: [32mPASS[0m
[6] Triple Arrows can lower Defense and cause flinch at the time: [32mPASS[0m
[6] Triple Arrows's flinching is prevented by Inner Focus: [32mPASS[0m
[6] Moves with the cantUseTwice flag strike again if fast encore is used: [32mPASS[0m
[5] Bug Bite eats the target's berry and immediately gains its effect: [32mPASS[0m
[6] Being underwater causes the target to take double damage from certain moves: [32mPASS[0m
[0] Semi-invulnerable moves don't need to charge with Power Herb: [32mPASS[0m
[6] Head Smash deals 50% of recoil damage to the user: [32mPASS[0m
[5] Stone Axe can set up pointed stones only once: [32mPASS[0m
[0] Shell Side Arm chooses its category for each battler on the field: [32mPASS[0m
[5] Sticky Syrup is removed when the user switches out: [32mPASS[0m
[6] Bad poison deals 1/16th cumulative damage per turn: [32mPASS[0m
[6] Freeze is thawed by opponent's Fire-type attacks: [32mPASS[0m
[0] Shell Trap activates immediately after being hit on turn 1 and attacks both opponents: [32mPASS[0m
[5] Thrash confuses the user if it is canceled on turn 3 of 3, Immunity: [32mPASS[0m
[6] Frostbite deals 1/16th (Gen7+) or 1/8th damage to affected pokemon: [32mPASS[0m
[4] Role Play and Doodle fail if target's ability can't be copied' 15/21: [31mERROR[0m
[0] Simple Beam fails if the target already has Simple: [32mPASS[0m
[6] Paralysis has a 25% chance of skipping the turn: [32mPASS[0m
[6] Confusion adds a 50/33% chance to hit self with 40 power: [33mASSUMPTION_FAIL[0m
[4] Skill Swap doesn't display ability popups when swapping with an ally: [32mPASS[0m
[0] Sleep Talk fails if not asleep: [32mPASS[0m
[6] Electric Terrain protects grounded battlers from falling asleep: [32mPASS[0m
[5] Tri Attack cannot paralyze/burn/freeze electric/fire/ice types respectively: [32mPASS[0m
[4] Sleep Talk can still use moves with no PP: [32mPASS[0m
[5] Hurricane bypasses accuracy checks in Rain: [32mPASS[0m
[6] Electric Terrain lasts for 5 turns: [32mPASS[0m
[0] Confide lowers Special Attack: [32mPASS[0m
[4] Smelling Salts get incread power vs. paralyzed targets: [32mPASS[0m
[5] Make It Rain lowers special attack by one stage if it hits both targets: [32mPASS[0m
[5] Triple Arrows lands a critical hit: [33mASSUMPTION_FAIL[0m
[0] Spicy Extract will fail if target is in a semi-invulnerability state: [32mPASS[0m
[6] Misty Terrain protects grounded battlers from non-volatile status conditions: [32mPASS[0m
[4] Spicy Extract Defense loss is prevented by Big Pecks: [32mPASS[0m
[4] Spicy Extract against Clear Amulet and Contrary raises Defense only: [32mPASS[0m
[6] Psychic Terrain increases power of Psychic-type moves by 30/50 percent: [32mPASS[0m
[0] Spicy Extract user will use it if partner holds Clear Amulet and a physical move: [32mPASS[0m
[0] Spikes do not damage airborne Pokemon: [33mASSUMPTION_FAIL[0m
[4] Spikes fails after 3 layers: [32mPASS[0m
[5] Moves with the cantUseTwice flag alternate with Struggle if it is the only usable move left: [32mPASS[0m
[0] Stealth Rock damages the correct pokemon when Eject Button is triggered: [32mPASS[0m
[6] Rain multiplies the power of Water-type moves by 1.5x: [32mPASS[0m
[4] Spikes damage on subsequent switch ins: [32mPASS[0m
[4] Spikes do not damage airborne Pokemon: [33mASSUMPTION_FAIL[0m
[0] Sticky Web can only be set up 1 time: [32mPASS[0m
[4] Sticky Web lowers Speed by 1 on switch-in: [32mPASS[0m
[6] Sunlight multiplies the power of Fire-type moves by 1.5x: [32mPASS[0m
[5] ignoresTargetAbility moves do ignore target's abilities: [32mPASS[0m
[0] Sticky Web has correct interactions with Mirror Armor - no one has their Speed lowered if the set upper fainted: [32mPASS[0m
[5] Sleep prevents the battler from using a move: [32mPASS[0m
[5] Confusion adds a 50/33% chance to hit self with 40 power: [33mASSUMPTION_FAIL[0m
[5] Electric Terrain increases power of Electric-type moves by 30/50 percent: [32mPASS[0m
[5] Psychic Terrain activates Psychic Seed and Mimicry: [32mPASS[0m
[0] Spit Up's power raises depending on Stockpile's count: [32mPASS[0m
[5] Psychic Terrain doesn't block priority field moves: [32mPASS[0m
[4] Sticky Web has correct interactions with Mirror Armor - the battler which set up Sticky Web has its Speed lowered instead: [32mPASS[0m
[0] Stomping Tatrum will deal double damage if user was immune to previous move: [32mPASS[0m
[4] Stomping Tatrum will deal double damage if user flinched on the previous turn: [32mPASS[0m
[5] Rain multiplies the power of Fire-type moves by 0.5x: [32mPASS[0m
[4] Stomping Tatrum will not deal double damage if it failed on the previous turn cause of Protect: [32mPASS[0m
[0] Strength Sap makes attacker lose HP if target's ability is Liquid Ooze: [32mPASS[0m
[5] Snowscape fails if Desolate Land or Primordial Sea are active 2/3: [31mFAIL[0m
[0] Substitute creates a Substitute at the cost of 1/4 users maximum HP: [32mPASS[0m
[4] Strength Sap fails if target is at -6 Atk: [32mPASS[0m
[0] Synthesis recovers 1/2 of the user's max HP: [32mPASS[0m
[4] Stuff Cheeks cannot be used if the user doesn't hold a berry: [32mPASS[0m
[4] Substitute's HP cost doesn't trigger effects that trigger on damage taken: [32mPASS[0m
[4] Tailwind applies for 4 turns: [31mFAIL[0m
[0] Take Heart cures the user of all status conditions: [32mPASS[0m
[4] Tar Shot doubles the effectiveness of Fire-type moves used on the target: [32mPASS[0m
[4] Teatime causes other Pokemon to consume their Berry even if the user doesn't have a Berry as its held item: [32mPASS[0m
[0] Telekinesis makes the target immune to Ground-type attacks: [32mPASS[0m
[0] Teleport fails when there is no pokemon to switch in: [32mPASS[0m
[4] Teatime triggers Volt Absorb if it has been affected by Electrify or Plasma Fists, even when not holding a Berry: [32mPASS[0m
[4] Stellar-type Tera Blast has 100 BP and a one-time 1.2x boost: [32mPASS[0m
[4] Tera Starstorm becomes a physical move if the user is Terapagos-Stellar, is Terastallized, and has a higher Attack stat: [32mPASS[0m
[4] AI will try to remove hazards if slower then target even with a Substitute because it expects the Sub to be broken: [32mPASS[0m
[4] Toxic inflicts bad poison: [32mPASS[0m
[4] Toxic Spikes do not poison airborne Pokemon: [33mASSUMPTION_FAIL[0m
[4] Toxic Spikes do not affect Steel-types: [32mPASS[0m
[4] TODO: Accuracy for Triple Kick is checked independently for each hit: [33mTO_DO[0m
[4] Skull Bash needs a charging turn: [32mPASS[0m
[4] Solar Beam's power is halved in Rain: [32mPASS[0m
[0] Tera Blast has correct effectiveness for every Tera Type: [32mPASS[0m
[0] Toxic Spikes do not poison airborne Pokemon: [33mASSUMPTION_FAIL[0m
[4] Solar Blade's power is halved in Hail: [32mPASS[0m
[0] Clanging Scales lowers defense by one stage if it hits both targets: [32mPASS[0m
[4] Upper Hand fails if the target moves first: [32mPASS[0m
[2] Quick Guard can not fail on consecutive turns: [32mPASS[0m
[2] Shed Tail creates a Substitute at the cost of 1/2 users maximum HP and switches the user out: [32mPASS[0m
[2] Shed Tail fails if the user doesn't have enough HP: [32mPASS[0m
[4] Weather Ball doubles its power and turns to a Water-type move in Rain: [32mPASS[0m
[0] Dire Claw cannot poison/paralyze/cause to fall asleep a mon which is already statused: [32mPASS[0m
[2] Shed Tail's HP cost can trigger a berry before the user switches out: [32mPASS[0m
[0] Protect always works when used after flinching: [32mPASS[0m
[2] Shed Tail's HP cost doesn't trigger effects that trigger on damage taken: [32mPASS[0m
[0] Freeze cannot be inflicted in Sunlight: [32mPASS[0m
[2] Shell Side Arm can be countered if it is physical: [32mPASS[0m
[0] Freeze Frost restores stat changes when it was succesful 1/2: [31mFAIL[0m
[2] Shell Side Arm does not change category mid-turn: [32mPASS[0m
[0] Plasma Fists turns normal type dynamax-moves into electric type moves: [32mPASS[0m
[2] Shell Trap activates immediately after being hit on turn 3 and attacks both opponents: [32mPASS[0m
[2] Skill Swap swaps user and target's abilities: [32mPASS[0m
[2] Sleep Talk works if user has Comatose: [32mPASS[0m
[2] Smack Down does not ground mons behind substitutes: [32mPASS[0m
[2] Tail Glow drastically raises Special Attack: [32mPASS[0m
[2] Spicy Extract stat changes will be inverted by Contrary: [32mPASS[0m
[0] Order Up increases a stat based on Tatsugiri's form even if Tatsugiri fainted inside Dondozo: [32mPASS[0m
[0] Psychic Noise blocks healing moves for 2 turns: [32mPASS[0m
[0] Baddy Bad sets up Reflect when it was succesful 1/2: [31mFAIL[0m
[4] Worry Seed fails if target has an ability that can't be overwritten: [32mPASS[0m
[2] Spicy Extract user will not choose the move if it does not benefit partner: [32mPASS[0m
[2] Spikes do not damage airborne Pokemon: [33mASSUMPTION_FAIL[0m
[4] Rapin Spin blows away Wrap, hazards and raises Speed (Gen 8+): [32mPASS[0m
[0] Stone Axe sets up hazards after hitting the target: [32mPASS[0m
[2] Stealth Rock damages the correct pokemon when Eject Button is triggered in double battle: [32mPASS[0m
[0] Sticky Syrup isn't applied again if the target is already covered: [32mPASS[0m
[4] Ceaseless Edge sets up hazards after hitting the target: [32mPASS[0m
[0] Thrash confuses the user after it finishes: [32mPASS[0m
[4] Thief and Covet don't steal target's held item if target has no item: [32mPASS[0m
[2] Sticky Web lowers Speed by 1 in a double battle after Explosion fainting both mons: [32mPASS[0m
[0] Throat Chop prevents the usage of sound moves: [32mPASS[0m
[4] Sticky syrup will not decrease speed further then minus six: [32mPASS[0m
[2] Sticky Web is placed on the correct side after Explosion: [32mPASS[0m
[4] Thrash confuses the user if it is canceled on turn 3 of 3, Protect: [32mPASS[0m
[0] Tri Attack cannot paralyze/burn/freeze a mon which is already statused: [32mPASS[0m
[2] Sticky Web setter has their speed lowered with Mirror Armor even after Ally Switch: [32mPASS[0m
[0] Hurricane can hit airborne targets (Fly, Bounce): [32mPASS[0m
[2] Swallow heals HP depending on Stockpile's count: [32mPASS[0m
[2] Strength Sap works exactly the same when attacker is behind substitute: [32mPASS[0m
[0] Infernal Parade's power doubles if the target has a status condition: [32mPASS[0m
[0] TODO: MinimizeDoubleDamage flag allows moves to skip accuracy checks towards Minimized targets: [33mTO_DO[0m
[2] Stuff Cheeks can be used even if Unnerve is present: [32mPASS[0m
[0] Flare Blitz deals 33% of recoil damage to the user and can burn target: [32mPASS[0m
[4] Tri Attack can inflict paralysis, burn or freeze: [32mPASS[0m
[2] Substitute's HP cost can trigger a berry: [32mPASS[0m
[0] Burn deals 1/16th (Gen7+) or 1/8th damage per turn: [32mPASS[0m
[4] Struggle will be used if slow Encore is used on moves with the cantUseTwice flag: [32mPASS[0m
[0] Frostbite reduces the special attack by 50 percent: [32mPASS[0m
[4] Being underground causes the target to take double damage from certain moves: [32mPASS[0m
[4] Double Edge deals 33% of recoil damage to the user: [32mPASS[0m
[2] Synthesis recovers 1/4 of the user's max HP in Rain, Sandstorm, Hail, and Snow: [32mPASS[0m
[2] Teatime does not affect Pokémon in the semi-invulnerable turn of a move: [32mPASS[0m
[2] Telekinesis makes the target unable to avoid any attacks made against it: [33mASSUMPTION_FAIL[0m
[4] Surging Strikes hits 3 times with each hit being a critical hit: [32mPASS[0m
[2] Telekinesis ends after 3 turns: [32mPASS[0m
[2] TODO: Baton Pass passes Telekinesis' effect: [33mTO_DO[0m
[0] Frostbite is healed when the user uses a thawing move: [32mPASS[0m
[0] Confusion adds a 50/33% chance to hit self with 40 power: [33mASSUMPTION_FAIL[0m
[4] Freeze has a 20% chance of being thawed: [32mPASS[0m
[2] Teleport fails when there no alive pokemon left: [32mPASS[0m
[0] Grassy Terrain activates Grassy Seed and Mimicry: [32mPASS[0m
[4] Poison deals 1/8th damage per turn: [32mPASS[0m
[4] Confusion adds a 50/33% chance to hit self with 40 power: [33mASSUMPTION_FAIL[0m
[2] Tera Blast becomes a physical move if the user is Terastallized and has a higher Attack stat: [32mPASS[0m
[2] Thunder bypasses accuracy checks in Rain: [32mPASS[0m
[0] Misty Terrain does not increase the power of Fairy-type moves: [32mPASS[0m
[4] Confusion self hit does not consume Gems: [32mPASS[0m
[0] Hail deals 1/16 damage per turn: [32mPASS[0m
[2] Toxic Spikes fails after 2 layers: [32mPASS[0m
[2] Toxic Spikes do not poison airborne Pokemon: [33mASSUMPTION_FAIL[0m
[0] Sandstorm deals 1/16 damage per turn: [32mPASS[0m
[4] Grassy Terrain heals the pokemon on the field for the duration of the terrain, including last turn: [32mPASS[0m
[0] Sandstorm damage rounds properly when maxHP < 16: [32mPASS[0m
[4] Psychic Terrain protects grounded battlers from priority moves: [32mPASS[0m
[2] Toxic Spikes inflicts poison on switch in after Primal Reversed mon fainted: [32mPASS[0m
[0] Sunny Day fails if Primordial Sea is active 2/2: [31mFAIL[0m
[4] Psychic Terrain doesn't block priority moves that target allies: [32mPASS[0m
[2] Razor Wind needs a charging turn: [32mPASS[0m
[2] Sky Attack doesn't need to charge with Power Herb: [32mPASS[0m
[4] Hail damage rounds properly when maxHP < 16: [32mPASS[0m
[4] Sandstorm deals damage based on turn order: [32mPASS[0m
[2] Solar Beam's power is halved in Hail: [32mPASS[0m
[2] Electro Shot doesn't need to charge with Power Herb: [32mPASS[0m
[4] Snow multiplies the defense of Ice-types by 1.5x: [32mPASS[0m
[2] Upper Hand fails if the target is not using a priority move: [32mPASS[0m
[2] Wake-Up Slap gets increased power against sleeping targets: [32mPASS[0m
[2] Worry Seed replaces target's ability with Insomnia: [32mPASS[0m
[2] Ember cannot burn a Fire-type Pokémon: [32mPASS[0m
[2] Scald should burn a Water-type Pokémon: [32mPASS[0m
[2] Dire Claw cannot poison/paralyze poison/electric types respectively: [32mPASS[0m
[2] Headbutt flinches the target if attacker is faster: [32mPASS[0m
[2] Powder Snow inflicts freeze: [32mPASS[0m
[2] Blizzard bypasses accuracy checks in Hail and Snow: [32mPASS[0m
[2] Plasma Fists does not set up Ion Deluge if it does not connect: [32mPASS[0m
[2] Sappy Seed can seed the target: [32mPASS[0m
[2] Order Up is boosted by Sheer Force without removing the stat boosting effect: [32mPASS[0m
[2] Thunder Shock cannot paralyze an Electric-type: [32mPASS[0m
[2] Pay Day Scatters coins around after it hits - doubles: [32mPASS[0m
[2] Psychic Noise heal block effect is blocked by Aroma Veil: [32mPASS[0m
[2] Overheat drops Sp. Atk by 2 stages - doubles: [32mPASS[0m
[2] Thief and Covet don't steal player's held item if opponent is a wild mon: [32mPASS[0m
[2] Sticky Syrup speed reduction is prevented by Clear Body, White Smoke or Full Metal Body: [32mPASS[0m
[2] Axe Kick deals damage half the hp to user if def battler protected: [32mPASS[0m
[2] Thunder, Ice and Fire Fang inflict status 10% of the time: [32mPASS[0m
[2] Moves with the cantUseTwice flag can alternate between each other: [32mPASS[0m
[2] ignoresTargetAbility moves do not ignore the attacker's own ability: [32mPASS[0m
[2] AI avoids Thunder Wave when it can not paralyse target: [32mPASS[0m
[2] Confusion adds a 50/33% chance to hit self with 40 power: [33mASSUMPTION_FAIL[0m
[2] Grassy Terrain increases power of Grass-type moves by 30/50 percent: [32mPASS[0m
[2] Psychic Terrain doesn't block priority moves that target all battlers: [32mPASS[0m
[2] Hail fails if Desolate Land or Primordial Sea are active 2/3: [31mFAIL[0m

  [31mFAILED[0m tests:
  - [31mtest/battle/trainer_control.c:159: EXPECT failed[0m - Trainer Class Balls apply to the entire party.
  - [31mtest/battle/ability/comatose.c:48: Unmatched MESSAGE[0m - Comatose may be suppressed if pokemon transformed into a pokemon with Comatose ability and was under the effects of Gastro Acid 1/4.
  - [31mtest/battle/ability/forecast.c:202: Unmatched ABILITY_POPUP[0m - Forecast transforms Castform in primal weather 1/2.
  - [31mtest/battle/ability/hyper_cutter.c:149: Unmatched ANIMATION[0m - Hyper Cutter doesn't prevent receiving negative Attack stage changes from Baton Pass.
  - [31mtest/battle/ability/intimidate.c:125: Unmatched ABILITY_POPUP[0m - Intimidate and Eject Button force the opponent to Attack.
  - [31mtest/battle/move_effect_secondary/haze.c:27: Matched ANIMATION[0m - Freeze Frost restores stat changes when it was succesful 1/2.
  - [31mtest/battle/move_effect_secondary/reflect.c:27: Matched ANIMATION[0m - Baddy Bad sets up Reflect when it was succesful 1/2.
  - [31mtest/battle/weather/sunlight.c:64: Matched ANIMATION[0m - Sunny Day fails if Primordial Sea is active 2/2.
  - [31mtest/battle/damage_formula.c:78: EXPECT_EQ(324, 326) failed[0m - Damage calculation matches Gen5+ (Muscle Band, crit) 1/16.
  - [31mtest/battle/ability/ice_face.c:45: Illegal battle record[0m - Ice Face is restored if hail or snow begins while Noice Face Eiscue is out 1/2.
  - [31mtest/battle/ability/prankster.c:61: Matched ANIMATION[0m - Prankster-affected moves called via Assist don't affect Dark-type Pokémon.
  - [31mtest/battle/ability/prankster.c:184: Matched ANIMATION[0m - Prankster-affected moves which are reflected by Magic Coat can affect Dark-type Pokémon, unless the Pokémon that bounced the move also has Prankster 1/2.
  - [31mtest/battle/ability/sheer_force.c:684: EXPECT_GT(84, 84) failed[0m - Sheer Force only boosts the damage of moves it's supposed to boost 1 41/141.
  - [31mtest/battle/move_effect/pledge.c:330: EXPECT_EQ(159, 212) failed[0m - Damage calculation: Combined pledge move 1/16.
  - [31mtest/battle/move_effect/quash.c:70: Unmatched MESSAGE[0m - Quash calculates correct turn order if only one pokemon is left on the opposing side.
  - [31mtest/battle/move_effect/retaliate.c:107: Illegal MOVE[0m - Retaliate works with Perish Song.
  - [31mtest/battle/move_effect/take_heart.c:64: Unmatched MESSAGE[0m - Take Heart cures sleep when used by Sleep Talk.
  - [31mtest/text.c:232: EXPECT_LE(108, 102) failed[0m - Item descriptions fit on Bag and Shop Screen: Approaches the foe unawares� This attack never misses� (640/640).
  - [31mtest/battle/move.c:83: Expected 1.0 passes/successes, observed 0.955[0m - Turn order is determined randomly if priority and Speed tie [doubles] 1/1 (24/24).
  - [31mtest/battle/ability/color_change.c:87: Illegal battle record[0m - Color Change changes the type when a Pokemon is hit by Future Sight.
  - [31mtest/battle/ability/desolate_land.c:20: Matched ANIMATION[0m - Desolate Land blocks damaging Water-type moves.
  - [31mtest/battle/ability/disguise.c:21: Unmatched HP_BAR[0m - Disguised Mimikyu will lose 1/8 of its max HP upon changing to its busted form.
  - [31mtest/battle/ability/magician.c:20: Matched HP_BAR[0m - Magician does not get self-damage recoil after stealing Life Orb.
  - [31mtest/battle/ability/prankster.c:18: Matched ANIMATION[0m - Prankster-affected moves don't affect Dark-type Pokémon.
  - [31mtest/battle/ability/prankster.c:79: Matched ANIMATION[0m - Prankster-affected moves called via Instruct do not affect Dark-type Pokémon.
  - [31mtest/battle/ai/ai_switching.c:651: Expected 0.32: passes/successes, observed 0.0[0m - AI_FLAG_SMART_SWITCHING: AI will switch out if it has an absorber but current mon has SE move 33% of the time (2/2).
  - [31mtest/battle/form_change/primal_reversion.c:317: Unmatched ANIMATION[0m - Primal reversion and other switch-in effects trigger for all battlers if multiple fainted the previous turn.
  - [31mtest/battle/gimmick/zmove.c:270: Unmatched ANIMATION[0m - (Z-MOVE) Z-Copycat raises the user's accuracy by one stage and copies the last used non-status move as a Z-Move.
  - [31mtest/battle/gimmick/zmove.c:395: Unmatched ANIMATION[0m - (Z-MOVE) Z-Sleep Talk turns Weather Ball into Breakneck Blitz even under rain.
  - [31mtest/battle/move_effect/chilly_reception.c:38: Unmatched MESSAGE[0m - Chilly Reception switches the user out, even if the weather does not change.
  - [31mtest/battle/move_effect/court_change.c:25: Unmatched MESSAGE[0m - Court Change swaps entry hazards used by the opponent.
  - [31mtest/battle/move_effect/last_respects.c:35: EXPECT_MUL_EQ(158, 3.0, 470) failed: 474 not in [467..473][0m - Last Respects power is multiplied by the amount of fainted mon in the user's side - Player 3/3.
  - [31mtest/battle/weather/hail.c:50: Matched ANIMATION[0m - Hail fails if Desolate Land or Primordial Sea are active 2/3.
  - [31mtest/battle/damage_formula.c:40: EXPECT_EQ(196, 268) failed[0m - Damage calculation matches Gen5+ 1/16.
  - [31mtest/battle/ability/clear_body.c:19: Illegal battle record[0m - Clear Body, Full Metal Body, and White Smoke prevent intimidate 1/3.
  - [31mtest/battle/ability/desolate_land.c:46: Matched ANIMATION[0m - Desolate Land blocks damaging Water-type moves and prints the message only once with moves hitting multiple targets.
  - [31mtest/battle/move_effect/court_change.c:61: Unmatched MESSAGE[0m - Court Change swaps entry hazards used by the player.
  - [31mtest/battle/move_effect/embargo.c:381: Unmatched ABILITY_POPUP[0m - Embargo doesn't prevent Primal Reversion.
  - [31mtest/battle/move_effect/roost.c:218: Unmatched ANIMATION[0m - Roost, if used by a Mystery/Flying type, treats the user as a Mystery/Mystery type until the end of the turn 10/18.
  - [31mtest/battle/move_effect/teleport.c:41: SEND_OUT not required (is the send out random?)[0m - Teleport forces the pokemon to switch out.
  - [31mtest/battle/move_effect/weather_ball.c:23: EXPECT_MUL_EQ(15, 6.0, 42) failed: 90 not in [36..48][0m - Weather Ball doubles its power and turns to a Fire-type move in Sunlight 2/2.
  - [31mtest/battle/move_effect_secondary/leech_seed.c:32: Matched ANIMATION[0m - Sappy Seed is not going to seed the target if it fails.
  - [31mtest/battle/ability/disguise.c:169: Unmatched ANIMATION[0m - Disguised Mimikyu blocks a move after getting Gastro Acid Batton Passed.
  - [31mtest/battle/ability/prankster.c:32: Matched ANIMATION[0m - Prankster-affected moves don't affect Dark-type Pokémon after they switch-in.
  - [31mtest/battle/ai/ai_switching.c:515: PASSES_RANDOMLY specified but no Random* call with that tag executed[0m - AI_FLAG_SMART_SWITCHING: AI will switch out if it has been Toxic'd for at least two turns 50% of the time with more than 1/3 HP remaining with good switchin 2/2 (1/?).
  - [31mtest/battle/gimmick/terastal.c:402: Illegal battle record[0m - (TERA) Double Shock does not remove the user's Electric type while Terastallized, and changes STAB modifier depending on when it is used.
  - [31mtest/battle/hold_effect/covert_cloak.c:118: Unmatched ANIMATION[0m - Covert Cloak does not block self-targeting effects, primary or secondary 2/4.
  - [31mtest/battle/move_effect/body_press.c:28: EXPECT_MUL_EQ(20, 2.0, 58) failed: 40 not in [56..60][0m - Body Press uses physical defense stat of target 2/2.
  - [31mtest/battle/move_effect/court_change.c:106: Unmatched MESSAGE[0m - Court Change used by the player swaps Mist, Safeguard, Aurora Veil, Reflect, Light Screen, Tailwind.
  - [31mtest/battle/move_effect/fail_if_not_arg_type.c:70: Illegal battle record[0m - Double Shock user loses its Electric-type.
  - [31mand 43 more...[0m

  Tests with [33mASSUMPTIONS_FAILED[0m:
  - [33mtest/battle/crit_chance.c:167: ASSUME failed[0m - Crit Chance: Super Luck increases the critical hit ratio by one stage.
  - [33mtest/battle/crit_chance.c:313: ASSUME failed[0m - Crit Chance: Dragon Cheer increases critical hit ratio by two on Dragon types.
  - [33mtest/battle/move.c:155: ASSUME failed[0m - Slash's critical hits occur at a 1/8 rate.
  - [33mtest/battle/ability/gale_wings.c:34: ASSUME failed[0m - Gale Wings only grants priority to Flying-type moves.
  - [33mtest/battle/ability/keen_eye.c:8[0m - Keen Eye, Gen9+ Illuminate & Minds Eye prevent accuracy stage reduction from moves.
  - [33mtest/battle/ability/protean.c:6[0m - Protean changes the type of the user only once per switch in.
  - [33mtest/battle/ability/rivalry.c:64: ASSUME failed[0m - Rivalry doesn't modify power if the attacker is genderless.
  - [33mtest/battle/ability/scrappy.c:10: ASSUME failed[0m - Scrappy prevents intimidate.
  - [33mtest/battle/ability/weak_armor.c:10[0m - Weak Armor doesn't interrupt multi hit moves if Speed can't go any higher.
  - [33mtest/battle/item_effect/increase_stat.c:137: ASSUME failed[0m - X Accuracy sharply raises battler's Accuracy stat.
  - [33mtest/battle/move_effect/spikes.c:103: ASSUME failed[0m - Spikes do not damage airborne Pokemon.
  - [33mtest/battle/move_effect/toxic_spikes.c:106: ASSUME failed[0m - Toxic Spikes do not poison airborne Pokemon.
  - [33mtest/battle/status2/confusion.c:8: ASSUME failed[0m - Confusion adds a 50/33% chance to hit self with 40 power.
  - [33mtest/battle/crit_chance.c:182: ASSUME failed[0m - Crit Chance: Scope Lens increases the critical hit ratio by one stage.
  - [33mtest/battle/ability/intrepid_sword.c:6[0m - Intrepid Sword raises Attack by one stage.
  - [33mtest/battle/ability/keen_eye.c:8[0m - Keen Eye, Gen9+ Illuminate & Minds Eye ignore target's evasion stat.
  - [33mtest/battle/ability/pickup.c:29: ASSUME failed[0m - Pickup grants an item used by itself in wild battles (Gen 9).
  - [33mtest/battle/form_change/mega_evolution.c:77: ASSUME failed[0m - Mega Evolution affects turn order.
  - [33mtest/battle/hold_effect/blunder_policy.c:13: ASSUME failed[0m - Blunder Policy raises the users speed by 2 stages if the user misses.
  - [33mtest/battle/hold_effect/micle_berry.c:71: ASSUME failed[0m - Micle Berry increases the accuracy of the next used move across turns.
  - [33mtest/battle/item_effect/increase_stat.c:137: ASSUME failed[0m - X Accuracy sharply raises battler's Accuracy stat.
  - [33mtest/battle/move_effect/attack_up_user_ally.c:6[0m - Howl raises user's and partner's Attack by 1 stage.
  - [33mtest/battle/move_effect/fling.c:444: ASSUME failed[0m - Fling deals damage based on items fling power.
  - [33mtest/battle/move_effect/heal_bell.c:92: ASSUME failed[0m - Heal Bell cures a soundproof user.
  - [33mtest/battle/move_effect/spikes.c:103: ASSUME failed[0m - Spikes do not damage airborne Pokemon.
  - [33mtest/battle/move_effect/toxic_spikes.c:106: ASSUME failed[0m - Toxic Spikes do not poison airborne Pokemon.
  - [33mtest/battle/status1/paralysis.c:11: ASSUME failed[0m - Paralysis reduces Speed by 50%.
  - [33mtest/battle/status2/confusion.c:8: ASSUME failed[0m - Confusion adds a 50/33% chance to hit self with 40 power.
  - [33mtest/battle/crit_chance.c:259: ASSUME failed[0m - Crit Chance: Focus Energy increases critical hit ratio by two.
  - [33mtest/battle/ability/gale_wings.c:61: ASSUME failed[0m - Gale Wings doesn't increase priority of Flying-type Natural Gift, Judgment, Hidden Power, or Tera Blast.
  - [33mtest/battle/hold_effect/blunder_policy.c:32: ASSUME failed[0m - Blunder Policy will never trigger if the move fails due to an immunity.
  - [33mtest/battle/hold_effect/micle_berry.c:88: ASSUME failed[0m - Micle Berry increases the accuracy of the next used move the same turn the berry was triggered.
  - [33mtest/battle/item_effect/increase_stat.c:137: ASSUME failed[0m - X Accuracy sharply raises battler's Accuracy stat.
  - [33mtest/battle/move_effect/attack_up_user_ally.c:6[0m - Howl does not work on partner if it has Soundproof.
  - [33mtest/battle/move_effect/healing_wish.c:55: ASSUME failed[0m - Healing Wish effect activates only if the switched pokemon can be healed.
  - [33mtest/battle/move_effect/pledge.c:192: ASSUME failed[0m - The base power of a combined pledge move effect is 150.
  - [33mtest/battle/move_effect/spikes.c:103: ASSUME failed[0m - Spikes do not damage airborne Pokemon.
  - [33mtest/battle/move_effect/telekinesis.c:13: ASSUME failed[0m - Telekinesis makes the target unable to avoid any attacks made against it.
  - [33mtest/battle/move_effect/toxic_spikes.c:106: ASSUME failed[0m - Toxic Spikes do not poison airborne Pokemon.
  - [33mtest/battle/status2/confusion.c:8: ASSUME failed[0m - Confusion adds a 50/33% chance to hit self with 40 power.
  - [33mtest/battle/crit_chance.c:133: ASSUME failed[0m - Crit Chance: Focus Energy increases the user's critical hit ratio by two stage.
  - [33mtest/battle/ability/intrepid_sword.c:6[0m - Intrepid Sword raises Attack by one stage only once per battle.
  - [33mtest/battle/ability/keen_eye.c:8[0m - Keen Eye, Gen9+ Illuminate & Minds Eye are ignored by Mold Breaker abilities.
  - [33mtest/battle/ai/ai_switching.c:902: ASSUME failed[0m - AI_FLAG_SMART_MON_CHOICES: AI correctly handles abilities when scoring moves.
  - [33mtest/battle/form_change/mega_evolution.c:93: ASSUME failed[0m - Abilities replaced by Mega Evolution do not affect turn order.
  - [33mtest/battle/hold_effect/blunder_policy.c:52: ASSUME failed[0m - Blunder Policy will never trigger if the move fails due to Protect.
  - [33mtest/battle/item_effect/increase_stat.c:137: ASSUME failed[0m - X Accuracy sharply raises battler's Accuracy stat.
  - [33mtest/battle/move_effect/ally_switch.c:173: ASSUME failed[0m - Ally Switch increases the Protect-like moves counter.
  - [33mtest/battle/move_effect/glaive_rush.c:13: ASSUME failed[0m - If Glaive Rush is successful moves targeted at the user do not check accuracy.
  - [33mtest/battle/move_effect/spikes.c:103: ASSUME failed[0m - Spikes do not damage airborne Pokemon.
  - [33mand 65 more...[0m

- Tests [31mFAILED[0m :         93    Add TESTS='X' to run tests with the defined prefix.
- Tests [33mKNOWN_FAILING[0m:   32
- [33mASSUMPTIONS_FAILED[0m:    115
- Tests [33mTO_DO[0m:           369
- Tests [32mPASSED[0m:          2034
- Tests [34mTOTAL[0m:           2643

make: *** [Makefile:280: check] Error 1
